{"train": {"loss": [0.9632677568329705, 0.892260714813515, 0.830786735923202, 0.7845834604016056, 0.7276621703748349, 0.6859729047174807, 0.6441061695416769, 0.605886454935427, 0.568575030123746, 0.5383814087620488, 0.5121266212728288, 0.4894045878339697, 0.46247381303045487, 0.44932962126202053, 0.43014822403589886, 0.4123153344348625, 0.40359859885992827, 0.38975309552969756, 0.38125284512837726, 0.3744147651725345, 0.37142838151366625, 0.3636461783338476, 0.35728369266898546, 0.35714931620491874, 0.35097531256852327, 0.3472373408299905, 0.34505776122764303, 0.34396139559922395, 0.3421592017014821, 0.34156528225651495, 0.3367222415076362, 0.33439088530010647, 0.33604716040469984, 0.3340084298893257, 0.33464044442883245, 0.3323151734140184, 0.33058019092789404, 0.3297891324317014, 0.32949467610429833, 0.33049217197630143, 0.3310721019903819, 0.3271792232990265, 0.33134608688177886, 0.32948435456664477, 0.3306536255059419, 0.3355091236255787, 0.3276060990713261, 0.3231616864601771, 0.3145041697555118, 0.2968199606294985, 0.2863911329596131, 0.30526526824191763, 0.27560948608098207, 0.2703747429229595, 0.26367367417724047, 0.25744094727215944, 0.2563081036011378, 0.24747299982441795, 0.2718099339140786, 0.24034806644475018, 0.24043983662569965, 0.23510722208906104, 0.23270950107662766, 0.23346008801901783, 0.22599596475009565, 0.2265559219651752, 0.22399945060412088, 0.22157710790634155, 0.23355639256812907, 0.23594025384496758, 0.26212550534142387, 0.21804960237609017, 0.21459787256187862, 0.21392976299480157, 0.212487720504955, 0.21252030244580022, 0.21545742838471024, 0.21306923473322834, 0.20965015639861426, 0.21018577946556938, 0.20891432850449174, 0.21068418964191718, 0.21003282014970426, 0.2097753937597628, 0.2056292074697989, 0.20661278482940462, 0.2101615156840395, 0.20657531199631868, 0.21638345111299445, 0.23593051510828514, 0.2525709839882674, 0.2066035963318966, 0.20401190828394006, 0.20590387284755707, 0.20708172464812244, 0.20504869796611644, 0.20483975415980374, 0.23398102268024726, 0.2032719792591201, 0.20505108877464576], "accuracy": [0.9053912783751493, 0.9053912783751493, 0.9053912783751493, 0.9053912783751493, 0.9053912783751493, 0.9053912783751493, 0.9053912783751493, 0.9053912783751493, 0.9053912783751493, 0.9053912783751493, 0.9053912783751493, 0.9053912783751493, 0.9053912783751493, 0.9053912783751493, 0.9053912783751493, 0.9053912783751493, 0.9053912783751493, 0.9053912783751493, 0.9053912783751493, 0.9053912783751493, 0.9053912783751493, 0.9053912783751493, 0.9053912783751493, 0.9053912783751493, 0.9053912783751493, 0.9053912783751493, 0.9053912783751493, 0.9053912783751493, 0.9053912783751493, 0.9053912783751493, 0.9053912783751493, 0.9053912783751493, 0.9053912783751493, 0.9053912783751493, 0.9053912783751493, 0.9053912783751493, 0.9053912783751493, 0.9053912783751493, 0.9053912783751493, 0.9053912783751493, 0.9053912783751493, 0.9053912783751493, 0.9053912783751493, 0.9053912783751493, 0.9053912783751493, 0.9053912783751493, 0.9053912783751493, 0.9053912783751493, 0.9277927120669056, 0.9578106332138591, 0.9578106332138591, 0.9578106332138591, 0.9578106332138591, 0.9578106332138591, 0.9578106332138591, 0.9578106332138591, 0.9578106332138591, 0.9578106332138591, 0.9578106332138591, 0.9578106332138591, 0.9578106332138591, 0.9578106332138591, 0.9578106332138591, 0.9578106332138591, 0.9578106332138591, 0.9578106332138591, 0.9578106332138591, 0.9578106332138591, 0.9578106332138591, 0.9578106332138591, 0.9578106332138591, 0.9578106332138591, 0.9578106332138591, 0.9578106332138591, 0.9578106332138591, 0.9578106332138591, 0.9578106332138591, 0.9578106332138591, 0.9578106332138591, 0.9578106332138591, 0.9578106332138591, 0.9578106332138591, 0.9578106332138591, 0.9578106332138591, 0.9578106332138591, 0.9578106332138591, 0.9578106332138591, 0.9578106332138591, 0.9578106332138591, 0.9578106332138591, 0.9578106332138591, 0.9578106332138591, 0.9578106332138591, 0.9578106332138591, 0.9578106332138591, 0.9578106332138591, 0.9578106332138591, 0.9578106332138591, 0.9578106332138591, 0.9578106332138591], "f1": [0.1234028972118938, 0.1234028972118938, 0.1234028972118938, 0.1234028972118938, 0.1234028972118938, 0.1234028972118938, 0.1234028972118938, 0.1234028972118938, 0.1234028972118938, 0.1234028972118938, 0.1234028972118938, 0.1234028972118938, 0.1234028972118938, 0.1234028972118938, 0.1234028972118938, 0.1234028972118938, 0.1234028972118938, 0.1234028972118938, 0.1234028972118938, 0.1234028972118938, 0.1234028972118938, 0.1234028972118938, 0.1234028972118938, 0.1234028972118938, 0.1234028972118938, 0.1234028972118938, 0.1234028972118938, 0.1234028972118938, 0.1234028972118938, 0.1234028972118938, 0.1234028972118938, 0.1234028972118938, 0.1234028972118938, 0.1234028972118938, 0.1234028972118938, 0.1234028972118938, 0.1234028972118938, 0.1234028972118938, 0.1234028972118938, 0.1234028972118938, 0.1234028972118938, 0.1234028972118938, 0.1234028972118938, 0.1234028972118938, 0.1234028972118938, 0.1234028972118938, 0.1234028972118938, 0.1234028972118938, 0.18266082228393993, 0.2828884486162998, 0.2828884486162998, 0.2828884486162998, 0.2828884486162998, 0.2828884486162998, 0.2828884486162998, 0.2828884486162998, 0.2828884486162998, 0.2828884486162998, 0.2828884486162998, 0.2828884486162998, 0.2828884486162998, 0.2828884486162998, 0.2828884486162998, 0.2828884486162998, 0.2828884486162998, 0.2828884486162998, 0.2828884486162998, 0.2828884486162998, 0.2828884486162998, 0.2828884486162998, 0.2828884486162998, 0.2828884486162998, 0.2828884486162998, 0.2828884486162998, 0.2828884486162998, 0.2828884486162998, 0.2828884486162998, 0.2828884486162998, 0.2828884486162998, 0.2828884486162998, 0.2828884486162998, 0.2828884486162998, 0.2828884486162998, 0.2828884486162998, 0.2828884486162998, 0.2828884486162998, 0.2828884486162998, 0.2828884486162998, 0.2828884486162998, 0.2828884486162998, 0.2828884486162998, 0.2828884486162998, 0.2828884486162998, 0.2828884486162998, 0.2828884486162998, 0.2828884486162998, 0.2828884486162998, 0.2828884486162998, 0.2828884486162998, 0.2828884486162998]},