{"train": {"loss": [0.9669043510048477, 0.8994073779494675, 0.840765098730723, 0.7878814957759999, 0.7402718596988254, 0.6966847689063461, 0.6561676992310418, 0.6189016655639366, 0.584180803210647, 0.5518758076208609, 0.5246646558796918, 0.49839841657214695, 0.47799447178840637, 0.4578706743540587, 0.43858822738682784, 0.4222805775977947, 0.4150458673636119, 0.3980831603209178, 0.39101741711298627, 0.380849474006229, 0.388628206871174, 0.36664009866891084, 0.35939374566078186, 0.35420606644065294, 0.3507445487711165, 0.3484252150411959, 0.342719711639263, 0.3410765031973521, 0.3392790809825615, 0.33694370477287855, 0.33410566714074874, 0.33285000258021885, 0.3325721091694302, 0.33269237147437203, 0.3294887730368861, 0.3368316888809204, 0.3254305339521832, 0.32635116908285355, 0.3236769167361436, 0.32735482851664227, 0.3247250230224044, 0.32606997313322844, 0.323222279548645, 0.32569561181245027, 0.3208916363892732, 0.3222625156243642, 0.32507476541731095, 0.3212723301516639, 0.3219113890771513, 0.32059446529105856, 0.3238083444259785, 0.3228861027293735, 0.3232281605402629, 0.31951453785101575, 0.32429826977076354, 0.32046148070582636, 0.3262570688018092, 0.32158929219952337, 0.3207732245877937, 0.3207570159876788, 0.32250956694285077, 0.3203504847155677, 0.32026281400963114, 0.32213711352260027, 0.3180810527669059, 0.3185211535957124, 0.3196924428145091, 0.31828606846155943, 0.3205973257621129, 0.3428911456355342, 0.3184717016087638, 0.31964755720562404, 0.32026869776072325, 0.31773513003631876, 0.3301218107894615, 0.31909495371359364, 0.3196293419158017, 0.32174115986735735, 0.32265995498056765, 0.3200468674853996, 0.31950335922064604, 0.3169333548457534, 0.32081836075694475, 0.32334736210328563, 0.32243239382902783, 0.32882619345629654, 0.3221460983709053, 0.3207118053127218, 0.31900355164651517, 0.32053336280363576, 0.32007638834140917, 0.34206276138623554, 0.318014446232054, 0.3195087898660589, 0.3205775960727974, 0.3182645053775222, 0.3181780394580629, 0.317048160566224, 0.31700995674839727, 0.3188026127991853], "accuracy": [0.8788082437275986, 0.8788082437275986, 0.893742532855436, 0.8930704898446834, 0.8930704898446834, 0.8930704898446834, 0.8930704898446834, 0.8930704898446834, 0.8930704898446834, 0.9043458781362007, 0.9043458781362007, 0.9043458781362007, 0.9043458781362007, 0.9043458781362007, 0.9043458781362007, 0.9043458781362007, 0.9043458781362007, 0.9043458781362007, 0.9043458781362007, 0.9043458781362007, 0.9043458781362007, 0.9043458781362007, 0.9043458781362007, 0.9043458781362007, 0.9043458781362007, 0.9043458781362007, 0.9043458781362007, 0.9043458781362007, 0.9043458781362007, 0.9043458781362007, 0.9043458781362007, 0.9043458781362007, 0.9043458781362007, 0.9043458781362007, 0.9043458781362007, 0.9043458781362007, 0.9043458781362007, 0.9043458781362007, 0.9043458781362007, 0.9043458781362007, 0.9043458781362007, 0.9043458781362007, 0.9043458781362007, 0.9043458781362007, 0.9043458781362007, 0.9043458781362007, 0.9043458781362007, 0.9043458781362007, 0.9043458781362007, 0.9043458781362007, 0.9043458781362007, 0.9043458781362007, 0.9043458781362007, 0.9043458781362007, 0.9043458781362007, 0.9043458781362007, 0.9043458781362007, 0.9043458781362007, 0.9043458781362007, 0.9043458781362007, 0.9043458781362007, 0.9043458781362007, 0.9043458781362007, 0.9043458781362007, 0.9043458781362007, 0.9043458781362007, 0.9043458781362007, 0.9043458781362007, 0.9043458781362007, 0.9043458781362007, 0.9043458781362007, 0.9043458781362007, 0.9043458781362007, 0.9043458781362007, 0.9043458781362007, 0.9043458781362007, 0.9043458781362007, 0.9043458781362007, 0.9043458781362007, 0.9043458781362007, 0.9043458781362007, 0.9043458781362007, 0.9043458781362007, 0.9043458781362007, 0.9043458781362007, 0.9043458781362007, 0.9043458781362007, 0.9043458781362007, 0.9043458781362007, 0.9043458781362007, 0.9043458781362007, 0.9043458781362007, 0.9043458781362007, 0.9043458781362007, 0.9043458781362007, 0.9043458781362007, 0.9043458781362007, 0.9043458781362007, 0.9043458781362007, 0.9043458781362007], "f1": [0.19473782178606747, 0.19473782178606747, 0.16367430227336874, 0.15993178730330887, 0.15993178730330887, 0.15993178730330887, 0.15993178730330887, 0.15993178730330887, 0.15993178730330887, 0.12359704154059699, 0.12359704154059699, 0.12359704154059699, 0.12359704154059699, 0.12359704154059699, 0.12359704154059699, 0.12359704154059699, 0.12359704154059699, 0.12359704154059699, 0.12359704154059699, 0.12359704154059699, 0.12359704154059699, 0.12359704154059699, 0.12359704154059699, 0.12359704154059699, 0.12359704154059699, 0.12359704154059699, 0.12359704154059699, 0.12359704154059699, 0.12359704154059699, 0.12359704154059699, 0.12359704154059699, 0.12359704154059699, 0.12359704154059699, 0.12359704154059699, 0.12359704154059699, 0.12359704154059699, 0.12359704154059699, 0.12359704154059699, 0.12359704154059699, 0.12359704154059699, 0.12359704154059699, 0.12359704154059699, 0.12359704154059699, 0.12359704154059699, 0.12359704154059699, 0.12359704154059699, 0.12359704154059699, 0.12359704154059699, 0.12359704154059699, 0.12359704154059699, 0.12359704154059699, 0.12359704154059699, 0.12359704154059699, 0.12359704154059699, 0.12359704154059699, 0.12359704154059699, 0.12359704154059699, 0.12359704154059699, 0.12359704154059699, 0.12359704154059699, 0.12359704154059699, 0.12359704154059699, 0.12359704154059699, 0.12359704154059699, 0.12359704154059699, 0.12359704154059699, 0.12359704154059699, 0.12359704154059699, 0.12359704154059699, 0.12359704154059699, 0.12359704154059699, 0.12359704154059699, 0.12359704154059699, 0.12359704154059699, 0.12359704154059699, 0.12359704154059699, 0.12359704154059699, 0.12359704154059699, 0.12359704154059699, 0.12359704154059699, 0.12359704154059699, 0.12359704154059699, 0.12359704154059699, 0.12359704154059699, 0.12359704154059699, 0.12359704154059699, 0.12359704154059699, 0.12359704154059699, 0.12359704154059699, 0.12359704154059699, 0.12359704154059699, 0.12359704154059699, 0.12359704154059699, 0.12359704154059699, 0.12359704154059699, 0.12359704154059699, 0.12359704154059699, 0.12359704154059699, 0.12359704154059699, 0.12359704154059699]},