{"train": {"loss": [1.0101521854047422, 0.9452796578407288, 0.8852675248075415, 0.8318148233272411, 0.7818853237010814, 0.7376318596027516, 0.6973533851129038, 0.66415082304566, 0.6199206268345868, 0.5858927898936801, 0.5525811402886002, 0.5226302864374938, 0.4981625632003502, 0.4729839574407648, 0.4496930683100665, 0.4303108851114909, 0.4131262081640738, 0.3958479486129902, 0.38174771048404554, 0.3683631309756526, 0.3776006257092511, 0.3459574392548314, 0.3333564080573894, 0.3241799280599312, 0.319480930213575, 0.30720990233951145, 0.3020574908565592, 0.2955583996242947, 0.2869089058151952, 0.2935297616102077, 0.27437376810444725, 0.27362073626783157, 0.263558480474684, 0.2603348245223363, 0.25138950568658336, 0.25207454021330233, 0.24675618995119025, 0.2436590685888573, 0.2412282073939288, 0.23379245621186714, 0.2908695246334429, 0.38208023872640395, 0.33939900442405985, 0.32650093182369516, 0.3267013855554439, 0.324956425914058, 0.3266512354214986, 0.3269520777243155, 0.3263464117491687, 0.32863551488629095, 0.3255175346577609, 0.32398195564746857, 0.2395436531967587, 0.22930643072834722, 0.22713027342602057, 0.22397431234518686, 0.22357774608665043, 0.22106091457384605, 0.21930728356043497, 0.2197848712956464, 0.22486668383633648, 0.21542435332580848, 0.21365238588165353, 0.21315257168478435, 0.21084245653064163, 0.21787698787671547, 0.21204980104057877, 0.24028219944900936, 0.20537156032191384, 0.20132530701381188, 0.20052026488162852, 0.2010570091229898, 0.1984765206774076, 0.19950738162906081, 0.1969436545062948, 0.19094403777961377, 0.19256989547499903, 0.19058397633058052, 0.18541301041841507, 0.18403838961212723, 0.17763226782834088, 0.20863176413156367, 0.2062184887903708, 0.19560014014994656, 0.20615132925687013, 0.20849292256214, 0.2080232917710587, 0.2080695761574639, 0.20415328222292442, 0.20413573113856492, 0.19982788021917697, 0.19894080388325233, 0.18022354775004917, 0.18332086117179305, 0.1670313204328219, 0.169749831435857, 0.1645025817884339, 0.1691562091862714, 0.1668822497681335, 0.1635829406204047], "accuracy": [0.8862753882915173, 0.8862753882915173, 0.8862753882915173, 0.8939665471923537, 0.8939665471923537, 0.8939665471923537, 0.8939665471923537, 0.8939665471923537, 0.8939665471923537, 0.8939665471923537, 0.9198028673835126, 0.9281660692951016, 0.9281660692951016, 0.9281660692951016, 0.9281660692951016, 0.9281660692951016, 0.9281660692951016, 0.9281660692951016, 0.9281660692951016, 0.9281660692951016, 0.9281660692951016, 0.9281660692951016, 0.9470579450418161, 0.9470579450418161, 0.9470579450418161, 0.9470579450418161, 0.9572879330943848, 0.9572879330943848, 0.9572879330943848, 0.9572879330943848, 0.9572879330943848, 0.9572879330943848, 0.9572879330943848, 0.9572879330943848, 0.9572879330943848, 0.9572879330943848, 0.9572879330943848, 0.9572879330943848, 0.9572879330943848, 0.9572879330943848, 0.9293608124253285, 0.9058393070489845, 0.9058393070489845, 0.9058393070489845, 0.9058393070489845, 0.9058393070489845, 0.9058393070489845, 0.9058393070489845, 0.9058393070489845, 0.9058393070489845, 0.9058393070489845, 0.9058393070489845, 0.9572879330943848, 0.9572879330943848, 0.9572879330943848, 0.9572879330943848, 0.9572879330943848, 0.9572879330943848, 0.9572879330943848, 0.9572879330943848, 0.9572879330943848, 0.9572879330943848, 0.9572879330943848, 0.9572879330943848, 0.9572879330943848, 0.9572879330943848, 0.9572879330943848, 0.9572879330943848, 0.9572879330943848, 0.9572879330943848, 0.9572879330943848, 0.9573626045400239, 0.9568399044205496, 0.9581839904420549, 0.9576612903225806, 0.9582586618876942, 0.9579599761051374, 0.9580346475507766, 0.9591547192353644, 0.9610215053763441, 0.9590800477897252, 0.9572879330943848, 0.9572879330943848, 0.9576612903225806, 0.9572879330943848, 0.9572879330943848, 0.9572879330943848, 0.9572879330943848, 0.9572879330943848, 0.9572879330943848, 0.9572879330943848, 0.9573626045400239, 0.9599014336917563, 0.9595280764635603, 0.9604241338112306, 0.9611708482676224, 0.9595280764635603, 0.9634856630824373, 0.9634856630824373, 0.9643070489844683], "f1": [0.19769469173682033, 0.19769469173682033, 0.19769469173682033, 0.1595925322683818, 0.1595925322683818, 0.1595925322683818, 0.1595925322683818, 0.1595925322683818, 0.1595925322683818, 0.1595925322683818, 0.17441721214033057, 0.18250823263943933, 0.18250823263943933, 0.18250823263943933, 0.18250823263943933, 0.18250823263943933, 0.18250823263943933, 0.18250823263943933, 0.18250823263943933, 0.18250823263943933, 0.18250823263943933, 0.18250823263943933, 0.23922629431344813, 0.23922629431344813, 0.23922629431344813, 0.23922629431344813, 0.28208831617137164, 0.28208831617137164, 0.28208831617137164, 0.28208831617137164, 0.28208831617137164, 0.28208831617137164, 0.28208831617137164, 0.28208831617137164, 0.28208831617137164, 0.28208831617137164, 0.28208831617137164, 0.28208831617137164, 0.28208831617137164, 0.28208831617137164, 0.2612607097898943, 0.12355936900307568, 0.12355936900307568, 0.12355936900307568, 0.12355936900307568, 0.12355936900307568, 0.12355936900307568, 0.12355936900307568, 0.12355936900307568, 0.12355936900307568, 0.12355936900307568, 0.12355936900307568, 0.28208831617137164, 0.28208831617137164, 0.28208831617137164, 0.28208831617137164, 0.28208831617137164, 0.28208831617137164, 0.28208831617137164, 0.28208831617137164, 0.28208831617137164, 0.28208831617137164, 0.28208831617137164, 0.28208831617137164, 0.28208831617137164, 0.28208831617137164, 0.28208831617137164, 0.28208831617137164, 0.28208831617137164, 0.28208831617137164, 0.28208831617137164, 0.2819990423761507, 0.2788254118580906, 0.2830569969702895, 0.28250782846185984, 0.28284296376856066, 0.280835800656525, 0.2809137000039377, 0.28397110577940543, 0.31512899404963535, 0.2880470930593795, 0.28208831617137164, 0.28208831617137164, 0.28224534118065137, 0.28208831617137164, 0.28208831617137164, 0.28208831617137164, 0.28208831617137164, 0.28208831617137164, 0.28208831617137164, 0.28208831617137164, 0.2830725681398756, 0.31795689429489016, 0.28843745715078173, 0.38683041222782033, 0.4357095068829189, 0.4112580378893631, 0.4192923681100759, 0.4282706141382901, 0.45532828885533855]},