{"train": {"loss": [0.9749995160985876, 0.905941402470624, 0.8481239941385057, 0.7967683187237492, 0.7459536459710863, 0.7024762431780497, 0.6603086745297467, 0.6187744383458738, 0.5816633436414931, 0.5481505217375578, 0.5173175511536775, 0.48756724816781505, 0.46535740627182853, 0.43925336555198385, 0.41983544605749623, 0.3968577362872936, 0.3827536039882236, 0.3669674418590687, 0.35162221833511637, 0.33815607870066605, 0.3251653424015752, 0.3147312413763117, 0.30266572203901076, 0.2984360417834035, 0.2885983050973327, 0.2826765935730051, 0.2733117209540473, 0.2660839165802355, 0.26065889442408524, 0.2578026448135023, 0.25085152520073783, 0.2599079940054152, 0.24204018270527874, 0.23913957951245485, 0.23576806430463437, 0.2394476372886587, 0.231115464259077, 0.22877332237031725, 0.22777997785144383, 0.2230877583777463, 0.22335486665919976, 0.22180577119191489, 0.21795858332404383, 0.22881504341408057, 0.21605859089780738, 0.2132707652118471, 0.2137899884471187, 0.2121253753149951, 0.2106820347684401, 0.2088613855066123, 0.21256884104675716, 0.2097418722179201, 0.22448034363764305, 0.21171462315100212, 0.21232562429375118, 0.2058050083341422, 0.20709007923249845, 0.2063867394570951, 0.21004293859004974, 0.20356076486684657, 0.2078351138366593, 0.20397560270848097, 0.20784972442520988, 0.20425830063996492, 0.20312546166004958, 0.20653924953054498, 0.21093310553718497, 0.20693750651898207, 0.20301879086980112, 0.20651309495722805, 0.20838255849149492, 0.2009643981302226, 0.20463390372417592, 0.20167976562623624, 0.20260191322476775, 0.20236969352872283, 0.20313796318239635, 0.2518992578541791, 0.2037473166430438, 0.2015333796540896, 0.201911433979317, 0.20206904300936945, 0.2234281433953179, 0.20199443675853587, 0.201479425308881, 0.20138864936652007, 0.20411803821722665, 0.20538032937932899, 0.2087958330909411, 0.2108711087041431, 0.2057652801827148, 0.21436480874264682, 0.20553599270405593, 0.2026344879909798, 0.20424817833635542, 0.2008408365978135, 0.20146221088038552, 0.20258753995100656, 0.20330255451025786, 0.20141739894946417], "accuracy": [0.8990442054958184, 0.8990442054958184, 0.8990442054958184, 0.8990442054958184, 0.8990442054958184, 0.8990442054958184, 0.8879181600955794, 0.9053912783751493, 0.9053912783751493, 0.927120669056153, 0.927120669056153, 0.927120669056153, 0.927120669056153, 0.927120669056153, 0.927120669056153, 0.927120669056153, 0.927120669056153, 0.927120669056153, 0.9574372759856631, 0.9574372759856631, 0.9574372759856631, 0.9574372759856631, 0.9574372759856631, 0.9574372759856631, 0.9574372759856631, 0.9574372759856631, 0.9574372759856631, 0.9574372759856631, 0.9574372759856631, 0.9574372759856631, 0.9574372759856631, 0.9574372759856631, 0.9574372759856631, 0.9574372759856631, 0.9574372759856631, 0.9555704898446834, 0.9574372759856631, 0.9574372759856631, 0.9574372759856631, 0.9574372759856631, 0.9574372759856631, 0.9574372759856631, 0.9574372759856631, 0.9544504181600956, 0.9574372759856631, 0.9574372759856631, 0.9574372759856631, 0.9574372759856631, 0.9574372759856631, 0.9574372759856631, 0.9574372759856631, 0.9574372759856631, 0.9574372759856631, 0.9574372759856631, 0.9574372759856631, 0.9574372759856631, 0.9574372759856631, 0.9574372759856631, 0.9574372759856631, 0.9574372759856631, 0.9574372759856631, 0.9574372759856631, 0.9574372759856631, 0.9574372759856631, 0.9574372759856631, 0.9574372759856631, 0.9574372759856631, 0.9574372759856631, 0.9574372759856631, 0.9574372759856631, 0.9574372759856631, 0.9574372759856631, 0.9574372759856631, 0.9574372759856631, 0.9574372759856631, 0.9574372759856631, 0.9574372759856631, 0.9574372759856631, 0.9574372759856631, 0.9574372759856631, 0.9574372759856631, 0.9574372759856631, 0.9574372759856631, 0.9574372759856631, 0.9574372759856631, 0.9574372759856631, 0.9574372759856631, 0.9574372759856631, 0.9574372759856631, 0.9574372759856631, 0.9574372759856631, 0.9574372759856631, 0.9574372759856631, 0.9574372759856631, 0.9574372759856631, 0.9574372759856631, 0.9574372759856631, 0.9574372759856631, 0.9574372759856631, 0.9574372759856631], "f1": [0.16222876164673503, 0.16222876164673503, 0.16222876164673503, 0.16222876164673503, 0.16222876164673503, 0.16222876164673503, 0.14154712122065932, 0.12348185315539126, 0.12348185315539126, 0.1823375382865866, 0.1823375382865866, 0.1823375382865866, 0.1823375382865866, 0.1823375382865866, 0.1823375382865866, 0.1823375382865866, 0.1823375382865866, 0.1823375382865866, 0.2826896725952606, 0.2826896725952606, 0.2826896725952606, 0.2826896725952606, 0.2826896725952606, 0.2826896725952606, 0.2826896725952606, 0.2826896725952606, 0.2826896725952606, 0.2826896725952606, 0.2826896725952606, 0.2826896725952606, 0.2826896725952606, 0.2826896725952606, 0.2826896725952606, 0.2826896725952606, 0.2826896725952606, 0.281104589096827, 0.2826896725952606, 0.2826896725952606, 0.2826896725952606, 0.2826896725952606, 0.2826896725952606, 0.2826896725952606, 0.2826896725952606, 0.2799934777396306, 0.2826896725952606, 0.2826896725952606, 0.2826896725952606, 0.2826896725952606, 0.2826896725952606, 0.2826896725952606, 0.2826896725952606, 0.2826896725952606, 0.2826896725952606, 0.2826896725952606, 0.2826896725952606, 0.2826896725952606, 0.2826896725952606, 0.2826896725952606, 0.2826896725952606, 0.2826896725952606, 0.2826896725952606, 0.2826896725952606, 0.2826896725952606, 0.2826896725952606, 0.2826896725952606, 0.2826896725952606, 0.2826896725952606, 0.2826896725952606, 0.2826896725952606, 0.2826896725952606, 0.2826896725952606, 0.2826896725952606, 0.2826896725952606, 0.2826896725952606, 0.2826896725952606, 0.2826896725952606, 0.2826896725952606, 0.2826896725952606, 0.2826896725952606, 0.2826896725952606, 0.2826896725952606, 0.2826896725952606, 0.2826896725952606, 0.2826896725952606, 0.2826896725952606, 0.2826896725952606, 0.2826896725952606, 0.2826896725952606, 0.2826896725952606, 0.2826896725952606, 0.2826896725952606, 0.2826896725952606, 0.2826896725952606, 0.2826896725952606, 0.2826896725952606, 0.2826896725952606, 0.2826896725952606, 0.2826896725952606, 0.2826896725952606, 0.2826896725952606]},