{"train": {"loss": [0.9656550685564677, 0.8861639764573839, 0.820795699402138, 0.7641442351871066, 0.7136130045961451, 0.6652199294832017, 0.6217067815639354, 0.58396315574646, 0.5496690935558743, 0.518874595562617, 0.49152877926826477, 0.46679571602079606, 0.45008337056195297, 0.4270344718738838, 0.41268016342763547, 0.39905764990382725, 0.3883498454535449, 0.37941581783471284, 0.36681649419996476, 0.3605042342786436, 0.3551182614432441, 0.35125395876389964, 0.34501816277150754, 0.33934716162858186, 0.33425520526038277, 0.33276279436217415, 0.32997849583625793, 0.3244530221930257, 0.31596911174279674, 0.30340826401004084, 0.294685587838844, 0.28690844939814675, 0.28238153071315203, 0.2737496042693103, 0.2665427139511815, 0.2664031800296571, 0.25806405588432596, 0.2553895314534505, 0.2480718598321632, 0.24604727107065696, 0.24036435948477852, 0.24221876705134357, 0.23474861957408763, 0.23072547493157564, 0.2293229036860996, 0.22507636138686427, 0.22133733497725594, 0.21823368083547662, 0.21954954608722968, 0.21270472528757872, 0.2134543259938558, 0.21097313861052194, 0.20865424087754003, 0.2091948754257626, 0.22329759901320492, 0.2034597032599979, 0.20391744761555283, 0.1991444754379767, 0.21882852360054297, 0.20139179130395254, 0.19785710396590056, 0.1993992770159686, 0.1978432889337893, 0.19485173319224958, 0.1940609324309561, 0.20289760717639216, 0.1933733895421028, 0.19498275165204648, 0.19314558417708785, 0.19280219022874479, 0.1910085912655901, 0.19600754700325154, 0.1910558972093794, 0.19195771355319907, 0.1929581399869036, 0.1901457800909325, 0.19192669568238435, 0.19145453169390006, 0.19073514971468183, 0.18925698156710025, 0.19108261223192569, 0.1911039032317974, 0.18766421107230363, 0.18829708601589557, 0.18785870792689147, 0.19450585847651516, 0.1875224005844858, 0.18787160791732646, 0.1895681721744714, 0.1865934414996041, 0.1857122384287693, 0.1870683953166008, 0.1877760139328462, 0.2138175144791603, 0.18882114026281568, 0.18659692561184918, 0.22398070163196987, 0.18621899159970107, 0.1876788365620154, 0.18797827153294175], "accuracy": [0.8794802867383512, 0.8794802867383512, 0.8958333333333334, 0.8958333333333334, 0.9089008363201911, 0.9089008363201911, 0.9089008363201911, 0.9089008363201911, 0.9089008363201911, 0.9089008363201911, 0.9089008363201911, 0.9089008363201911, 0.9089008363201911, 0.9089008363201911, 0.9089008363201911, 0.9089008363201911, 0.9089008363201911, 0.9089008363201911, 0.9089008363201911, 0.9089008363201911, 0.9089008363201911, 0.9089008363201911, 0.9089008363201911, 0.9089008363201911, 0.9089008363201911, 0.9089008363201911, 0.9089008363201911, 0.9089008363201911, 0.9492234169653524, 0.9492234169653524, 0.9492234169653524, 0.9593040621266428, 0.9593040621266428, 0.9593040621266428, 0.9593040621266428, 0.9593040621266428, 0.9593040621266428, 0.9593040621266428, 0.9593040621266428, 0.9593040621266428, 0.9593040621266428, 0.9593040621266428, 0.9593040621266428, 0.9593040621266428, 0.9593040621266428, 0.9593040621266428, 0.9593040621266428, 0.9593040621266428, 0.9593040621266428, 0.9593040621266428, 0.9593040621266428, 0.9593040621266428, 0.9593040621266428, 0.9593040621266428, 0.9593040621266428, 0.9593040621266428, 0.9593040621266428, 0.9593040621266428, 0.9593040621266428, 0.9593040621266428, 0.9593040621266428, 0.9593040621266428, 0.9593040621266428, 0.9593040621266428, 0.9593040621266428, 0.9593040621266428, 0.9593040621266428, 0.9593040621266428, 0.9593040621266428, 0.9593040621266428, 0.9593040621266428, 0.9593040621266428, 0.9593040621266428, 0.9593040621266428, 0.9593040621266428, 0.9593040621266428, 0.9593040621266428, 0.9593040621266428, 0.9593040621266428, 0.9593040621266428, 0.9593040621266428, 0.9593040621266428, 0.9593040621266428, 0.9590800477897252, 0.9593040621266428, 0.9593040621266428, 0.9593040621266428, 0.9593040621266428, 0.9593040621266428, 0.9593040621266428, 0.9593040621266428, 0.9593040621266428, 0.9593040621266428, 0.9535543608124253, 0.9593040621266428, 0.9593040621266428, 0.9593040621266428, 0.9593040621266428, 0.9593040621266428, 0.9593040621266428], "f1": [0.19272392442463465, 0.19272392442463465, 0.15901973594295926, 0.15901973594295926, 0.12359593457309624, 0.12359593457309624, 0.12359593457309624, 0.12359593457309624, 0.12359593457309624, 0.12359593457309624, 0.12359593457309624, 0.12359593457309624, 0.12359593457309624, 0.12359593457309624, 0.12359593457309624, 0.12359593457309624, 0.12359593457309624, 0.12359593457309624, 0.12359593457309624, 0.12359593457309624, 0.12359593457309624, 0.12359593457309624, 0.12359593457309624, 0.12359593457309624, 0.12359593457309624, 0.12359593457309624, 0.12359593457309624, 0.12359593457309624, 0.23933158301223306, 0.23933158301223306, 0.23933158301223306, 0.2819216107130641, 0.2819216107130641, 0.2819216107130641, 0.2819216107130641, 0.2819216107130641, 0.2819216107130641, 0.2819216107130641, 0.2819216107130641, 0.2819216107130641, 0.2819216107130641, 0.2819216107130641, 0.2819216107130641, 0.2819216107130641, 0.2819216107130641, 0.2819216107130641, 0.2819216107130641, 0.2819216107130641, 0.2819216107130641, 0.2819216107130641, 0.2819216107130641, 0.2819216107130641, 0.2819216107130641, 0.2819216107130641, 0.2819216107130641, 0.2819216107130641, 0.2819216107130641, 0.2819216107130641, 0.2819216107130641, 0.2819216107130641, 0.2819216107130641, 0.2819216107130641, 0.2819216107130641, 0.2819216107130641, 0.2819216107130641, 0.2819216107130641, 0.2819216107130641, 0.2819216107130641, 0.2819216107130641, 0.2819216107130641, 0.2819216107130641, 0.2819216107130641, 0.2819216107130641, 0.2819216107130641, 0.2819216107130641, 0.2819216107130641, 0.2819216107130641, 0.2819216107130641, 0.2819216107130641, 0.2819216107130641, 0.2819216107130641, 0.2819216107130641, 0.2819216107130641, 0.281752027948861, 0.2819216107130641, 0.2819216107130641, 0.2819216107130641, 0.2819216107130641, 0.2819216107130641, 0.2819216107130641, 0.2819216107130641, 0.2819216107130641, 0.2819216107130641, 0.277429341404537, 0.2819216107130641, 0.2819216107130641, 0.2819216107130641, 0.2819216107130641, 0.2819216107130641, 0.2819216107130641]},