{"train": {"loss": [1.0447986699916698, 0.9944858065357914, 0.9446274439493815, 0.8945289497022275, 0.8432499987107737, 0.7934061840728477, 0.7453043460845947, 0.7009578303054527, 0.6616075966093276, 0.6251139022685863, 0.5900558785155967, 0.5587013694975111, 0.5314489735497369, 0.5054658364366602, 0.484591551400997, 0.46377810394322433, 0.4425544904337989, 0.4230109552542369, 0.403450980230614, 0.38946633758368315, 0.37434290294294004, 0.36303282115194535, 0.35252931162163065, 0.34074246221118504, 0.3293305955551289, 0.3203266572069239, 0.3125560603759907, 0.3039796937395025, 0.29528499863765856, 0.29127195532675143, 0.28183480931652916, 0.27742345024038245, 0.27361616105945025, 0.2662897832967617, 0.2631018735744335, 0.2554580652051502, 0.2527159055074056, 0.24834682985588355, 0.35515488242661514, 0.33909254162399854, 0.33014872946121077, 0.32477360522305526, 0.3280169632699754, 0.32226687393806597, 0.3221589481389081, 0.32389686891326197, 0.32298679153124493, 0.32023000551594627, 0.32469554742177326, 0.32293054847805586, 0.3574857513109843, 0.32298692012274705, 0.742109724216991, 0.25560389348754176, 0.24666811801769115, 0.24049162312790198, 0.23686513194331416, 0.23410049191227666, 0.22990223379046829, 0.22797009900764184, 0.22486627764172024, 0.22460096743371752, 0.2219231183882113, 0.21910283079853765, 0.2188236470575686, 0.2153898792134391, 0.2145109894099059, 0.2153802243647752, 0.21366051170561048, 0.20998895168304443, 0.2115397017311167, 0.2117712679836485, 0.20727935047061355, 0.20780594867688637, 0.20944491194354165, 0.21020049574198546, 0.21313267283969456, 0.20853984079979085, 0.21115821572365584, 0.2016449843843778, 0.2016904972217701, 0.2013273079086233, 0.20258719777619397, 0.20003807627492481, 0.19961340228716531, 0.19896577878130806, 0.1982457971683255, 0.1995840643843015, 0.1992916492400346, 0.19851049146166555, 0.19960498837409196, 0.19733478598020696, 0.19886217956189756, 0.19870209914666634, 0.19624138209554884, 0.19720529820080157, 0.19801940630983422, 0.19683220872172602, 0.19675748105402346, 0.19765571035720683], "accuracy": [0.8997909199522103, 0.8997909199522103, 0.8997909199522103, 0.8997909199522103, 0.8997909199522103, 0.8997909199522103, 0.9061379928315412, 0.9061379928315412, 0.9061379928315412, 0.9061379928315412, 0.9061379928315412, 0.9061379928315412, 0.9061379928315412, 0.9061379928315412, 0.9061379928315412, 0.9061379928315412, 0.9061379928315412, 0.9061379928315412, 0.9061379928315412, 0.9061379928315412, 0.9169653524492234, 0.9169653524492234, 0.9169653524492234, 0.9389934289127837, 0.9571385902031063, 0.9389934289127837, 0.9581839904420549, 0.9581839904420549, 0.9581839904420549, 0.9581839904420549, 0.9581839904420549, 0.9581839904420549, 0.9581839904420549, 0.9581839904420549, 0.9581839904420549, 0.9581839904420549, 0.9581839904420549, 0.9581839904420549, 0.9061379928315412, 0.9061379928315412, 0.9061379928315412, 0.9061379928315412, 0.9061379928315412, 0.9061379928315412, 0.9061379928315412, 0.9061379928315412, 0.9061379928315412, 0.9061379928315412, 0.9061379928315412, 0.9061379928315412, 0.9061379928315412, 0.9061379928315412, 0.6613649940262843, 0.9581839904420549, 0.9581839904420549, 0.9581839904420549, 0.9581839904420549, 0.9581839904420549, 0.9581839904420549, 0.9581839904420549, 0.9581839904420549, 0.9581839904420549, 0.9581839904420549, 0.9581839904420549, 0.9581839904420549, 0.9581839904420549, 0.9581839904420549, 0.9581839904420549, 0.9581839904420549, 0.9581839904420549, 0.9581839904420549, 0.9581839904420549, 0.9581839904420549, 0.9581839904420549, 0.9581839904420549, 0.9581839904420549, 0.9581839904420549, 0.9581839904420549, 0.9581839904420549, 0.9581839904420549, 0.9581839904420549, 0.9581839904420549, 0.9581839904420549, 0.9581839904420549, 0.9581839904420549, 0.9581839904420549, 0.9581839904420549, 0.9581839904420549, 0.9581839904420549, 0.9581839904420549, 0.9581839904420549, 0.9581839904420549, 0.9581839904420549, 0.9581839904420549, 0.9581839904420549, 0.9581839904420549, 0.9581839904420549, 0.9581839904420549, 0.9581839904420549, 0.9581839904420549], "f1": [0.162305215697827, 0.162305215697827, 0.162305215697827, 0.162305215697827, 0.162305215697827, 0.162305215697827, 0.12355830720648323, 0.12355830720648323, 0.12355830720648323, 0.12355830720648323, 0.12355830720648323, 0.12355830720648323, 0.12355830720648323, 0.12355830720648323, 0.12355830720648323, 0.12355830720648323, 0.12355830720648323, 0.12355830720648323, 0.12355830720648323, 0.12355830720648323, 0.16646875496767727, 0.16646875496767727, 0.16646875496767727, 0.22546156072307294, 0.2811469189785247, 0.22546156072307294, 0.282768682384794, 0.282768682384794, 0.282768682384794, 0.282768682384794, 0.282768682384794, 0.282768682384794, 0.282768682384794, 0.282768682384794, 0.282768682384794, 0.282768682384794, 0.282768682384794, 0.282768682384794, 0.12355830720648323, 0.12355830720648323, 0.12355830720648323, 0.12355830720648323, 0.12355830720648323, 0.12355830720648323, 0.12355830720648323, 0.12355830720648323, 0.12355830720648323, 0.12355830720648323, 0.12355830720648323, 0.12355830720648323, 0.12355830720648323, 0.12355830720648323, 0.1516855204174426, 0.282768682384794, 0.282768682384794, 0.282768682384794, 0.282768682384794, 0.282768682384794, 0.282768682384794, 0.282768682384794, 0.282768682384794, 0.282768682384794, 0.282768682384794, 0.282768682384794, 0.282768682384794, 0.282768682384794, 0.282768682384794, 0.282768682384794, 0.282768682384794, 0.282768682384794, 0.282768682384794, 0.282768682384794, 0.282768682384794, 0.282768682384794, 0.282768682384794, 0.282768682384794, 0.282768682384794, 0.282768682384794, 0.282768682384794, 0.282768682384794, 0.282768682384794, 0.282768682384794, 0.282768682384794, 0.282768682384794, 0.282768682384794, 0.282768682384794, 0.282768682384794, 0.282768682384794, 0.282768682384794, 0.282768682384794, 0.282768682384794, 0.282768682384794, 0.282768682384794, 0.282768682384794, 0.282768682384794, 0.282768682384794, 0.282768682384794, 0.282768682384794, 0.282768682384794, 0.282768682384794]},