{"train": {"loss": [0.9795872944372671, 0.8979208513542458, 0.8320264176086143, 0.77746464588024, 0.7288282116254171, 0.6961057649718391, 0.6491589877340529, 0.6116946869426303, 0.5788026672822458, 0.5482702067604771, 0.5255467229419284, 0.49966039039470533, 0.47751569196029947, 0.4615091284116109, 0.45087649314491834, 0.43001594256471704, 0.4188149604532454, 0.40955005310199877, 0.3981280967041298, 0.3895708951685164, 0.38201428673885485, 0.37628551103450636, 0.3727079850656015, 0.3668646039786162, 0.361818825757062, 0.38248424507953505, 0.3533071411980523, 0.35006665300439904, 0.3486376735899184, 0.34717930687798393, 0.34701007604599, 0.3421314502203906, 0.33989000761950455, 0.33843124243948197, 0.3445840731815056, 0.3362584114074707, 0.33906933775654546, 0.33507100409931606, 0.3350492627532394, 0.33261594783376763, 0.33390509088834125, 0.3336728745036655, 0.33456014262305367, 0.3317107580326222, 0.3314435824199959, 0.3299056440591812, 0.3288113088519485, 0.33106270984367087, 0.3291004404977516, 0.3333689206176334, 0.3354192828690564, 0.3317377169926961, 0.32801472809579635, 0.3297266286832315, 0.33062881728013355, 0.33121416634983486, 0.331065833568573, 0.3322874716034642, 0.3278356343507767, 0.3296117760516979, 0.3274399886528651, 0.32812285147331377, 0.3761289152834151, 0.3310822535444189, 0.3267879016973354, 0.3278725677066379, 0.3318480264257502, 0.32975409649036547, 0.3289954976903068, 0.3307586775885688, 0.3302573087038817, 0.32710347297015013, 0.3303541872236464, 0.3275744534201092, 0.3293199450881393, 0.3289471180350692, 0.33320603105756974, 0.3267933213048511, 0.32631850904888576, 0.3287093506919013, 0.32938355097064265, 0.3281445442526429, 0.329207068240201, 0.3502760926882426, 0.32730209551475664, 0.3276144740758119, 0.365743394251223, 0.3323358600890195, 0.3274115517183586, 0.32849609741458186, 0.329466786649492, 0.3261894754789494, 0.3302882037780903, 0.33002604102646865, 0.32855407507331286, 0.3276311197766551, 0.32744446727964616, 0.3289168653664766, 0.32622721404940996, 0.33806594875123763], "accuracy": [0.8338560334528077, 0.8918757467144564, 0.8918757467144564, 0.8918757467144564, 0.8918757467144564, 0.9027031063321386, 0.9027031063321386, 0.9027031063321386, 0.9027031063321386, 0.9027031063321386, 0.9027031063321386, 0.9027031063321386, 0.9027031063321386, 0.9027031063321386, 0.9027031063321386, 0.9027031063321386, 0.9027031063321386, 0.9027031063321386, 0.9027031063321386, 0.9027031063321386, 0.9027031063321386, 0.9027031063321386, 0.9027031063321386, 0.9027031063321386, 0.9027031063321386, 0.9027031063321386, 0.9027031063321386, 0.9027031063321386, 0.9027031063321386, 0.9027031063321386, 0.9027031063321386, 0.9027031063321386, 0.9027031063321386, 0.9027031063321386, 0.9027031063321386, 0.9027031063321386, 0.9027031063321386, 0.9027031063321386, 0.9027031063321386, 0.9027031063321386, 0.9027031063321386, 0.9027031063321386, 0.9027031063321386, 0.9027031063321386, 0.9027031063321386, 0.9027031063321386, 0.9027031063321386, 0.9027031063321386, 0.9027031063321386, 0.9027031063321386, 0.9027031063321386, 0.9027031063321386, 0.9027031063321386, 0.9027031063321386, 0.9027031063321386, 0.9027031063321386, 0.9027031063321386, 0.9027031063321386, 0.9027031063321386, 0.9027031063321386, 0.9027031063321386, 0.9027031063321386, 0.9027031063321386, 0.9027031063321386, 0.9027031063321386, 0.9027031063321386, 0.9027031063321386, 0.9027031063321386, 0.9027031063321386, 0.9027031063321386, 0.9027031063321386, 0.9027031063321386, 0.9027031063321386, 0.9027031063321386, 0.9027031063321386, 0.9027031063321386, 0.9027031063321386, 0.9027031063321386, 0.9027031063321386, 0.9027031063321386, 0.9027031063321386, 0.9027031063321386, 0.9027031063321386, 0.9027031063321386, 0.9027031063321386, 0.9027031063321386, 0.9027031063321386, 0.9027031063321386, 0.9027031063321386, 0.9027031063321386, 0.9027031063321386, 0.9027031063321386, 0.9027031063321386, 0.9027031063321386, 0.9027031063321386, 0.9027031063321386, 0.9027031063321386, 0.9027031063321386, 0.9027031063321386, 0.9027031063321386], "f1": [0.09883477410801705, 0.16019426315911195, 0.16019426315911195, 0.16019426315911195, 0.16019426315911195, 0.12363466890721, 0.12363466890721, 0.12363466890721, 0.12363466890721, 0.12363466890721, 0.12363466890721, 0.12363466890721, 0.12363466890721, 0.12363466890721, 0.12363466890721, 0.12363466890721, 0.12363466890721, 0.12363466890721, 0.12363466890721, 0.12363466890721, 0.12363466890721, 0.12363466890721, 0.12363466890721, 0.12363466890721, 0.12363466890721, 0.12363466890721, 0.12363466890721, 0.12363466890721, 0.12363466890721, 0.12363466890721, 0.12363466890721, 0.12363466890721, 0.12363466890721, 0.12363466890721, 0.12363466890721, 0.12363466890721, 0.12363466890721, 0.12363466890721, 0.12363466890721, 0.12363466890721, 0.12363466890721, 0.12363466890721, 0.12363466890721, 0.12363466890721, 0.12363466890721, 0.12363466890721, 0.12363466890721, 0.12363466890721, 0.12363466890721, 0.12363466890721, 0.12363466890721, 0.12363466890721, 0.12363466890721, 0.12363466890721, 0.12363466890721, 0.12363466890721, 0.12363466890721, 0.12363466890721, 0.12363466890721, 0.12363466890721, 0.12363466890721, 0.12363466890721, 0.12363466890721, 0.12363466890721, 0.12363466890721, 0.12363466890721, 0.12363466890721, 0.12363466890721, 0.12363466890721, 0.12363466890721, 0.12363466890721, 0.12363466890721, 0.12363466890721, 0.12363466890721, 0.12363466890721, 0.12363466890721, 0.12363466890721, 0.12363466890721, 0.12363466890721, 0.12363466890721, 0.12363466890721, 0.12363466890721, 0.12363466890721, 0.12363466890721, 0.12363466890721, 0.12363466890721, 0.12363466890721, 0.12363466890721, 0.12363466890721, 0.12363466890721, 0.12363466890721, 0.12363466890721, 0.12363466890721, 0.12363466890721, 0.12363466890721, 0.12363466890721, 0.12363466890721, 0.12363466890721, 0.12363466890721, 0.12363466890721]}, "validation": {"loss": [0.9785602390766144, 0.8957409411668777, 0.8294811248779297, 0.773513674736023, 0.7261897325515747, 0.6826569736003876, 0.6431834399700165, 0.6069635301828384, 0.5731633752584457, 0.5431497246026993, 0.5157432109117508, 0.4917116016149521, 0.47047699987888336, 0.4515101686120033, 0.43512583523988724, 0.4203060045838356, 0.4071882292628288, 0.39545150846242905, 0.38506585359573364, 0.37598860263824463, 0.3679131492972374, 0.3607965409755707, 0.3544938489794731, 0.34884417802095413, 0.3438090831041336, 0.3394596725702286, 0.33559711277484894, 0.3322064131498337, 0.32906267791986465, 0.3263169154524803, 0.32375820726156235, 0.32148849219083786, 0.3193851485848427, 0.317633792757988, 0.31599682569503784, 0.3146803677082062, 0.31335702538490295, 0.3121374398469925, 0.311088003218174, 0.31012827903032303, 0.30925874412059784, 0.3083518072962761, 0.3075837269425392, 0.3068121001124382, 0.30612462759017944, 0.30557578057050705, 0.3049580231308937, 0.30452705174684525, 0.30413180589675903, 0.3037898391485214, 0.3034764379262924, 0.30308768153190613, 0.30285295844078064, 0.3025380149483681, 0.3024577423930168, 0.30229751020669937, 0.3019176051020622, 0.30175355076789856, 0.3015430346131325, 0.30134615302085876, 0.3011496737599373, 0.3011081740260124, 0.3009570986032486, 0.3007045239210129, 0.3005771189928055, 0.30031968653202057, 0.3000999167561531, 0.3001379407942295, 0.300004206597805, 0.2997545748949051, 0.2996688038110733, 0.2996569871902466, 0.29970555379986763, 0.2995036318898201, 0.29947514086961746, 0.29940659552812576, 0.2993229404091835, 0.2992188297212124, 0.2991585060954094, 0.2991263121366501, 0.29919425398111343, 0.29911232739686966, 0.29898110032081604, 0.29900775104761124, 0.2988969534635544, 0.29882045835256577, 0.29888737946748734, 0.29879557341337204, 0.298684224486351, 0.29867733642458916, 0.29872822016477585, 0.29883818700909615, 0.29868631437420845, 0.29869718849658966, 0.29874590784311295, 0.2987035997211933, 0.29864292591810226, 0.2985101640224457, 0.2984354868531227, 0.2984776943922043],