{"train": {"loss": [0.9602244098981222, 0.8832029192535965, 0.821210159195794, 0.7652098713097749, 0.7162904496546145, 0.6726925770441691, 0.6328835310759368, 0.5969222430829648, 0.5666702809157195, 0.5358662229997141, 0.5111255954813074, 0.48437860056206034, 0.46580637053207113, 0.44491515777729174, 0.4306758189642871, 0.41705715987417435, 0.40501560546733717, 0.39505188994937473, 0.38352909132286356, 0.38026724810953494, 0.37229008034423544, 0.3622920513153076, 0.35695144644489996, 0.3569972868318911, 0.3471000619508602, 0.3508094207004265, 0.3606245859905525, 0.34189583195580375, 0.33700571457544964, 0.33600418435202706, 0.3306959685352113, 0.3299014805643647, 0.33099113239182365, 0.33241360386212665, 0.3254960670515343, 0.3258482140523416, 0.3241285107753895, 0.3251006779847322, 0.32453698030224554, 0.32861702971988255, 0.3416862995536239, 0.3205105314652125, 0.3255720580065692, 0.32033341847084185, 0.3190579381253984, 0.3197231281686712, 0.32103447560910825, 0.31864259364428343, 0.319539628095097, 0.33234356840451557, 0.3162953340344959, 0.3185601709065614, 0.317753815540561, 0.31678604969271906, 0.32159057480317577, 0.3316592574119568, 0.32088645740791605, 0.3171432652959117, 0.3152514315313763, 0.31515054680682997, 0.3177891495051207, 0.3170408076710171, 0.32024770809544456, 0.3162516228578709, 0.3173430010124489, 0.317040146500976, 0.3216104524003135, 0.3179778594661642, 0.317539358580554, 0.3172799249490102, 0.31805493544649194, 0.31687893359749403, 0.31647356075269206, 0.31897622567635997, 0.31808266043663025, 0.3169382093129335, 0.31536157208460347, 0.31890538224467524, 0.32545510596699184, 0.3141596217950185, 0.31832315855556065, 0.313979908823967, 0.314082572305644, 0.3157115865636755, 0.31751877235041726, 0.31658630459396925, 0.3147343689644778, 0.3158718595902125, 0.3165236728058921, 0.3196604147001549, 0.3188813891675737, 0.3180337730381224, 0.3153075642055935, 0.3188313107799601, 0.31568096909258103, 0.3153037561310662, 0.3143784000917717, 0.3174769188518877, 0.3168843780402784, 0.3162317943793756], "accuracy": [0.8910543608124253, 0.9071087216248507, 0.9071087216248507, 0.9071087216248507, 0.9071087216248507, 0.9071087216248507, 0.9071087216248507, 0.9071087216248507, 0.9071087216248507, 0.9071087216248507, 0.9071087216248507, 0.9071087216248507, 0.9071087216248507, 0.9071087216248507, 0.9071087216248507, 0.9071087216248507, 0.9071087216248507, 0.9071087216248507, 0.9071087216248507, 0.9071087216248507, 0.9071087216248507, 0.9071087216248507, 0.9071087216248507, 0.9071087216248507, 0.9071087216248507, 0.9071087216248507, 0.9071087216248507, 0.9071087216248507, 0.9071087216248507, 0.9071087216248507, 0.9071087216248507, 0.9071087216248507, 0.9071087216248507, 0.9071087216248507, 0.9071087216248507, 0.9071087216248507, 0.9071087216248507, 0.9071087216248507, 0.9071087216248507, 0.9071087216248507, 0.9071087216248507, 0.9071087216248507, 0.9071087216248507, 0.9071087216248507, 0.9071087216248507, 0.9071087216248507, 0.9071087216248507, 0.9071087216248507, 0.9071087216248507, 0.9071087216248507, 0.9071087216248507, 0.9071087216248507, 0.9071087216248507, 0.9071087216248507, 0.9071087216248507, 0.9071087216248507, 0.9071087216248507, 0.9071087216248507, 0.9071087216248507, 0.9071087216248507, 0.9071087216248507, 0.9071087216248507, 0.9071087216248507, 0.9071087216248507, 0.9071087216248507, 0.9071087216248507, 0.9071087216248507, 0.9071087216248507, 0.9071087216248507, 0.9071087216248507, 0.9071087216248507, 0.9071087216248507, 0.9071087216248507, 0.9071087216248507, 0.9071087216248507, 0.9071087216248507, 0.9071087216248507, 0.9071087216248507, 0.9071087216248507, 0.9071087216248507, 0.9071087216248507, 0.9071087216248507, 0.9071087216248507, 0.9071087216248507, 0.9071087216248507, 0.9071087216248507, 0.9071087216248507, 0.9071087216248507, 0.9071087216248507, 0.9071087216248507, 0.9071087216248507, 0.9071087216248507, 0.9071087216248507, 0.9071087216248507, 0.9071087216248507, 0.9071087216248507, 0.9071087216248507, 0.9071087216248507, 0.9071087216248507, 0.9071087216248507], "f1": [0.15738276611103105, 0.12351952569291258, 0.12351952569291258, 0.12351952569291258, 0.12351952569291258, 0.12351952569291258, 0.12351952569291258, 0.12351952569291258, 0.12351952569291258, 0.12351952569291258, 0.12351952569291258, 0.12351952569291258, 0.12351952569291258, 0.12351952569291258, 0.12351952569291258, 0.12351952569291258, 0.12351952569291258, 0.12351952569291258, 0.12351952569291258, 0.12351952569291258, 0.12351952569291258, 0.12351952569291258, 0.12351952569291258, 0.12351952569291258, 0.12351952569291258, 0.12351952569291258, 0.12351952569291258, 0.12351952569291258, 0.12351952569291258, 0.12351952569291258, 0.12351952569291258, 0.12351952569291258, 0.12351952569291258, 0.12351952569291258, 0.12351952569291258, 0.12351952569291258, 0.12351952569291258, 0.12351952569291258, 0.12351952569291258, 0.12351952569291258, 0.12351952569291258, 0.12351952569291258, 0.12351952569291258, 0.12351952569291258, 0.12351952569291258, 0.12351952569291258, 0.12351952569291258, 0.12351952569291258, 0.12351952569291258, 0.12351952569291258, 0.12351952569291258, 0.12351952569291258, 0.12351952569291258, 0.12351952569291258, 0.12351952569291258, 0.12351952569291258, 0.12351952569291258, 0.12351952569291258, 0.12351952569291258, 0.12351952569291258, 0.12351952569291258, 0.12351952569291258, 0.12351952569291258, 0.12351952569291258, 0.12351952569291258, 0.12351952569291258, 0.12351952569291258, 0.12351952569291258, 0.12351952569291258, 0.12351952569291258, 0.12351952569291258, 0.12351952569291258, 0.12351952569291258, 0.12351952569291258, 0.12351952569291258, 0.12351952569291258, 0.12351952569291258, 0.12351952569291258, 0.12351952569291258, 0.12351952569291258, 0.12351952569291258, 0.12351952569291258, 0.12351952569291258, 0.12351952569291258, 0.12351952569291258, 0.12351952569291258, 0.12351952569291258, 0.12351952569291258, 0.12351952569291258, 0.12351952569291258, 0.12351952569291258, 0.12351952569291258, 0.12351952569291258, 0.12351952569291258, 0.12351952569291258, 0.12351952569291258, 0.12351952569291258, 0.12351952569291258, 0.12351952569291258, 0.12351952569291258]},