{"train": {"loss": [0.9672541949484084, 0.8993536322205155, 0.8404588588961849, 0.7869730856683519, 0.7420375921108104, 0.6929214243535642, 0.6531330854804428, 0.61635630219071, 0.5848926305770874, 0.5567111527478253, 0.5278634627660116, 0.5006133240682108, 0.4838363086735761, 0.4590364032321506, 0.4383394905814418, 0.4198463824060228, 0.4041681841567711, 0.40868438173223426, 0.37636972025588705, 0.3615169558260176, 0.3511277238527934, 0.3393347517207817, 0.32603940809214554, 0.31717950878319917, 0.30974519307966586, 0.3004122961450506, 0.29412867735933373, 0.2847818235556285, 0.28021705316172707, 0.27761949212462816, 0.26629940999878776, 0.30073739367502705, 0.25766447131280545, 0.2544714217936551, 0.248965193827947, 0.24509602453973559, 0.24065978714713343, 0.2389522123116034, 0.23554280124328755, 0.2310429138165933, 0.23211813745675264, 0.2293724031360061, 0.22968132352387463, 0.2259250702681365, 0.22351181341542137, 0.22541371870923926, 0.2353449855689649, 0.21813135842482248, 0.21847438370739972, 0.22253163931546388, 0.21545475169464393, 0.2164000184447677, 0.21208865912976088, 0.2129512655514258, 0.21278350165596716, 0.2570001444330922, 0.2116008331930196, 0.21168465746773613, 0.21287702907014777, 0.210639754931132, 0.21545512974262238, 0.21652033731893258, 0.21303387703718962, 0.2185302652694561, 0.2080835219886568, 0.2077398184272978, 0.20857689612441593, 0.20740684232226125, 0.21078729574327115, 0.20782771320254714, 0.20945932688536467, 0.20573484069771236, 0.2075446777873569, 0.2048342481807426, 0.20579123828146192, 0.2070068562472308, 0.20416588115471382, 0.2033440437581804, 0.20489964247853668, 0.20802412099308437, 0.2060889000142062, 0.20361629928703662, 0.20516683878722014, 0.21003072653655652, 0.20566577629910576, 0.20615996972278314, 0.2044832929968834, 0.2076657215754191, 0.20198804526417344, 0.19698413599420478, 0.1981516182422638, 0.1993426236289519, 0.1970097323258718, 0.19648110369841257, 0.19489192327967397, 0.19416171615874325, 0.1900961090017248, 0.1913012876002877, 0.19930069700435357, 0.1949787793887986], "accuracy": [0.9066606929510155, 0.9066606929510155, 0.9066606929510155, 0.9066606929510155, 0.9066606929510155, 0.9066606929510155, 0.9066606929510155, 0.9066606929510155, 0.9066606929510155, 0.9066606929510155, 0.9066606929510155, 0.9066606929510155, 0.9066606929510155, 0.9066606929510155, 0.9066606929510155, 0.9066606929510155, 0.9066606929510155, 0.9066606929510155, 0.9066606929510155, 0.9142771804062126, 0.9288381123058542, 0.9288381123058542, 0.9288381123058542, 0.9575119474313023, 0.9575119474313023, 0.9575119474313023, 0.9575119474313023, 0.9575119474313023, 0.9575119474313023, 0.9575119474313023, 0.9575119474313023, 0.9575119474313023, 0.9575119474313023, 0.9575119474313023, 0.9575119474313023, 0.9575119474313023, 0.9575119474313023, 0.9575119474313023, 0.9575119474313023, 0.9575119474313023, 0.9575119474313023, 0.9575119474313023, 0.956615890083632, 0.9575119474313023, 0.9575119474313023, 0.9575119474313023, 0.9575119474313023, 0.9575119474313023, 0.9575119474313023, 0.9575119474313023, 0.9575119474313023, 0.9575119474313023, 0.9575119474313023, 0.9575119474313023, 0.9575119474313023, 0.9575119474313023, 0.9575119474313023, 0.9575119474313023, 0.9575119474313023, 0.9575119474313023, 0.9575119474313023, 0.9575119474313023, 0.9575119474313023, 0.9575119474313023, 0.9575119474313023, 0.9575119474313023, 0.9575119474313023, 0.9575119474313023, 0.9575119474313023, 0.9575119474313023, 0.9575119474313023, 0.9575119474313023, 0.9575119474313023, 0.9575119474313023, 0.9575119474313023, 0.9575119474313023, 0.9575119474313023, 0.9575119474313023, 0.9575119474313023, 0.9575119474313023, 0.9575119474313023, 0.9575119474313023, 0.9575119474313023, 0.9575119474313023, 0.9575119474313023, 0.9575119474313023, 0.9575119474313023, 0.9575119474313023, 0.9575119474313023, 0.9575119474313023, 0.9575119474313023, 0.9575119474313023, 0.9575119474313023, 0.9575119474313023, 0.9575119474313023, 0.9575119474313023, 0.9600507765830346, 0.9603494623655914, 0.9549731182795699, 0.9575119474313023], "f1": [0.12355936900307568, 0.12355936900307568, 0.12355936900307568, 0.12355936900307568, 0.12355936900307568, 0.12355936900307568, 0.12355936900307568, 0.12355936900307568, 0.12355936900307568, 0.12355936900307568, 0.12355936900307568, 0.12355936900307568, 0.12355936900307568, 0.12355936900307568, 0.12355936900307568, 0.12355936900307568, 0.12355936900307568, 0.12355936900307568, 0.12355936900307568, 0.15297113370895804, 0.1825622384435348, 0.1825622384435348, 0.1825622384435348, 0.2819701904853445, 0.2819701904853445, 0.2819701904853445, 0.2819701904853445, 0.2819701904853445, 0.2819701904853445, 0.2819701904853445, 0.2819701904853445, 0.2819701904853445, 0.2819701904853445, 0.2819701904853445, 0.2819701904853445, 0.2819701904853445, 0.2819701904853445, 0.2819701904853445, 0.2819701904853445, 0.2819701904853445, 0.2819701904853445, 0.2819701904853445, 0.28133984478775337, 0.2819701904853445, 0.2819701904853445, 0.2819701904853445, 0.2819701904853445, 0.2819701904853445, 0.2819701904853445, 0.2819701904853445, 0.2819701904853445, 0.2819701904853445, 0.2819701904853445, 0.2819701904853445, 0.2819701904853445, 0.2819701904853445, 0.2819701904853445, 0.2819701904853445, 0.2819701904853445, 0.2819701904853445, 0.2819701904853445, 0.2819701904853445, 0.2819701904853445, 0.2819701904853445, 0.2819701904853445, 0.2819701904853445, 0.2819701904853445, 0.2819701904853445, 0.2819701904853445, 0.2819701904853445, 0.2819701904853445, 0.2819701904853445, 0.2819701904853445, 0.2819701904853445, 0.2819701904853445, 0.2819701904853445, 0.2819701904853445, 0.2819701904853445, 0.2819701904853445, 0.2819701904853445, 0.2819701904853445, 0.2819701904853445, 0.2819701904853445, 0.2819701904853445, 0.2819701904853445, 0.2819701904853445, 0.2819701904853445, 0.2819701904853445, 0.2819701904853445, 0.2819701904853445, 0.2819701904853445, 0.2819701904853445, 0.2819701904853445, 0.2819701904853445, 0.2819701904853445, 0.2819701904853445, 0.3216288250234971, 0.32072564900062833, 0.31905458946232657, 0.2819701904853445]},