{"train": {"loss": [0.9372642989511843, 0.8621712371155068, 0.8029610647095574, 0.7448979814847311, 0.695257979410666, 0.6505000215989573, 0.6103638543023003, 0.5742911652282432, 0.5423307617505392, 0.5138322953824643, 0.4891441861788432, 0.46952742007043624, 0.44975764994268064, 0.43164900055638067, 0.4202894656746476, 0.40664784775839913, 0.3953916143488001, 0.3860260513093736, 0.3781871994336446, 0.37021448877122665, 0.365441698718954, 0.36000707855931036, 0.35423994064331055, 0.35197922587394714, 0.34623558984862435, 0.33908578422334457, 0.3401299836458983, 0.3273401635664481, 0.3192969130145179, 0.31111242484163354, 0.30394835935698616, 0.30108161822513296, 0.29666160102243777, 0.28401611359031115, 0.28258214118304076, 0.2853197538190418, 0.2700495328064318, 0.2647641074878198, 0.2594608846637938, 0.2829916681404467, 0.24996753368112776, 0.2476488627769329, 0.2428448713488049, 0.2558944793762984, 0.23703461278367927, 0.23637837944207368, 0.23257159414114775, 0.3798934855946788, 0.3466501357378783, 0.32915063312760107, 0.32433739470111, 0.3228340452467954, 0.32211126055982375, 0.3384607373564332, 0.3299621161487367, 0.3322340310723693, 0.32545687203054074, 0.3232684985355095, 0.32147375411457485, 0.3229432757254, 0.32337365161489556, 0.3230285981187114, 0.32292623983489144, 0.32792796360121834, 0.33631392209618177, 0.3265888845479047, 0.3266330924299028, 0.3228036717132286, 0.32398817163926585, 0.3221691620570642, 0.3252252202343058, 0.32124356483971633, 0.32293375002013314, 0.32170582314332324, 0.3209403747761691, 0.32049862654120836, 0.3214047242093969, 0.3274374019216608, 0.32451641118084945, 0.32156009089063714, 0.32770472875347845, 0.34138021535343593, 0.3241613198209692, 0.3227374321884579, 0.32119227283530766, 0.323195884625117, 0.3223273064251299, 0.3235584552641268, 0.32367911493336715, 0.32299043734868366, 0.3240108578293412, 0.3239550126923455, 0.32169039988959275, 0.3216147119248355, 0.32508157855934566, 0.3226888968988701, 0.32232749793264603, 0.32207487854692674, 0.3205603653634036, 0.32435859739780426], "accuracy": [0.8872461170848268, 0.8872461170848268, 0.8872461170848268, 0.8872461170848268, 0.8872461170848268, 0.8872461170848268, 0.8988201911589009, 0.8988201911589009, 0.8988201911589009, 0.9047192353643967, 0.9047192353643967, 0.9047192353643967, 0.9047192353643967, 0.9047192353643967, 0.9047192353643967, 0.9047192353643967, 0.9047192353643967, 0.9047192353643967, 0.9047192353643967, 0.9047192353643967, 0.9047192353643967, 0.9047192353643967, 0.9047192353643967, 0.9047192353643967, 0.9047192353643967, 0.9047192353643967, 0.9272700119474313, 0.9383213859020311, 0.9272700119474313, 0.9383213859020311, 0.9383213859020311, 0.9383213859020311, 0.9575866188769414, 0.9575866188769414, 0.9575866188769414, 0.9575866188769414, 0.9575866188769414, 0.9575866188769414, 0.9575866188769414, 0.9575866188769414, 0.9575866188769414, 0.9575866188769414, 0.9575866188769414, 0.9575866188769414, 0.9575866188769414, 0.9575866188769414, 0.9575866188769414, 0.9047192353643967, 0.9047192353643967, 0.9047192353643967, 0.9047192353643967, 0.9047192353643967, 0.9047192353643967, 0.9047192353643967, 0.9047192353643967, 0.9047192353643967, 0.9047192353643967, 0.9047192353643967, 0.9047192353643967, 0.9047192353643967, 0.9047192353643967, 0.9047192353643967, 0.9047192353643967, 0.9047192353643967, 0.9047192353643967, 0.9047192353643967, 0.9047192353643967, 0.9047192353643967, 0.9047192353643967, 0.9047192353643967, 0.9047192353643967, 0.9047192353643967, 0.9047192353643967, 0.9047192353643967, 0.9047192353643967, 0.9047192353643967, 0.9047192353643967, 0.9047192353643967, 0.9047192353643967, 0.9047192353643967, 0.9047192353643967, 0.9047192353643967, 0.9047192353643967, 0.9047192353643967, 0.9047192353643967, 0.9047192353643967, 0.9047192353643967, 0.9047192353643967, 0.9047192353643967, 0.9047192353643967, 0.9047192353643967, 0.9047192353643967, 0.9047192353643967, 0.9047192353643967, 0.9047192353643967, 0.9047192353643967, 0.9047192353643967, 0.9047192353643967, 0.9047192353643967, 0.9047192353643967], "f1": [0.1987419707174583, 0.1987419707174583, 0.1987419707174583, 0.1987419707174583, 0.1987419707174583, 0.1987419707174583, 0.16255776019114251, 0.16255776019114251, 0.16255776019114251, 0.1235980562437741, 0.1235980562437741, 0.1235980562437741, 0.1235980562437741, 0.1235980562437741, 0.1235980562437741, 0.1235980562437741, 0.1235980562437741, 0.1235980562437741, 0.1235980562437741, 0.1235980562437741, 0.1235980562437741, 0.1235980562437741, 0.1235980562437741, 0.1235980562437741, 0.1235980562437741, 0.1235980562437741, 0.18264060943526345, 0.22570925008129306, 0.18264060943526345, 0.22570925008129306, 0.22570925008129306, 0.22570925008129306, 0.2827107163569529, 0.2827107163569529, 0.2827107163569529, 0.2827107163569529, 0.2827107163569529, 0.2827107163569529, 0.2827107163569529, 0.2827107163569529, 0.2827107163569529, 0.2827107163569529, 0.2827107163569529, 0.2827107163569529, 0.2827107163569529, 0.2827107163569529, 0.2827107163569529, 0.1235980562437741, 0.1235980562437741, 0.1235980562437741, 0.1235980562437741, 0.1235980562437741, 0.1235980562437741, 0.1235980562437741, 0.1235980562437741, 0.1235980562437741, 0.1235980562437741, 0.1235980562437741, 0.1235980562437741, 0.1235980562437741, 0.1235980562437741, 0.1235980562437741, 0.1235980562437741, 0.1235980562437741, 0.1235980562437741, 0.1235980562437741, 0.1235980562437741, 0.1235980562437741, 0.1235980562437741, 0.1235980562437741, 0.1235980562437741, 0.1235980562437741, 0.1235980562437741, 0.1235980562437741, 0.1235980562437741, 0.1235980562437741, 0.1235980562437741, 0.1235980562437741, 0.1235980562437741, 0.1235980562437741, 0.1235980562437741, 0.1235980562437741, 0.1235980562437741, 0.1235980562437741, 0.1235980562437741, 0.1235980562437741, 0.1235980562437741, 0.1235980562437741, 0.1235980562437741, 0.1235980562437741, 0.1235980562437741, 0.1235980562437741, 0.1235980562437741, 0.1235980562437741, 0.1235980562437741, 0.1235980562437741, 0.1235980562437741, 0.1235980562437741, 0.1235980562437741, 0.1235980562437741]},