{"train": {"loss": [0.39380716471941835, 0.3349869671769483, 0.318499141579901, 0.2871661038071321, 0.273630142846006, 0.2675228771867097, 0.26514488029900785, 0.26367213920018195, 0.2630716983581996, 0.3355168328553842, 0.2629248516659326, 0.2624215436685016, 0.26165028261579215, 0.32932479551324995, 0.3238781902730119], "accuracy": [0.15596663039535727, 0.19743682746947164, 0.3228146536089953, 0.3482045701849837, 0.35231531858300086, 0.35231531858300086, 0.3477209527263934, 0.35195260548905816, 0.3518317011244106, 0.25619634868818764, 0.3518317011244106, 0.3518317011244106, 0.34518196106879456, 0.1378309756982227, 0.15596663039535727], "f1": [0.02453147730838349, 0.029978704655602876, 0.08973771246347896, 0.1857504232524958, 0.0955440843704572, 0.18649084883968248, 0.09480253392201897, 0.0955270506751681, 0.09551649832781696, 0.1630323055712866, 0.0955547287147382, 0.09555051444512007, 0.09445139079650072, 0.0220245167647144, 0.02453147730838349]}, "validation": {"loss": [0.3952130356650332, 0.3372062596923861, 0.3206362288235586, 0.28925790034589316, 0.27683650776421354, 0.27089092793402736, 0.26827094133024093, 0.26681859591306545, 0.2664687271629061, 0.34133123183921305, 0.2673347523976198, 0.26687931491957084, 0.26511223091707603, 0.3310366983795579, 0.32599442603784207], "accuracy": [0.14533622559652928, 0.16919739696312364, 0.3524945770065076, 0.35032537960954446, 0.3123644251626898, 0.3123644251626898, 0.35032537960954446, 0.3123644251626898, 0.3123644251626898, 0.27006507592190887, 0.31127982646420826, 0.31127982646420826, 0.3405639913232104, 0.1279826464208243, 0.14533622559652928], "f1": [0.02537878787878788, 0.028942486085343222, 0.10434173669467788, 0.10330357896513886, 0.09572985775426254, 0.19582581665787796, 0.1034694552915481, 0.09591818027782485, 0.09591818027782485, 0.08263812993321189, 0.09566814633399663, 0.09566814633399663, 0.10462601471759043, 0.022692307692307696, 0.02537878787878788]}}