{"train": {"loss": [0.3883283890971132, 0.30626479393624245, 0.28100258140776097, 0.27043461254878937, 0.2907845159088274, 0.264266106590081, 0.26283889655852455, 0.2623023744204174, 0.2617859957844192, 0.2612131810972262, 0.26100219816430625, 0.2590936128504041, 0.260354074917921, 0.2580743380452955, 0.2586920233497421], "accuracy": [0.3488090920082215, 0.3468746221738605, 0.346995526538508, 0.3444565348809092, 0.3103615040502962, 0.3473582396324507, 0.34760004836174585, 0.3468746221738605, 0.3474791439970983, 0.34361020432837625, 0.3485672832789264, 0.3445774392455568, 0.34554467416273726, 0.3445774392455568, 0.354491597146657], "f1": [0.0945133139257578, 0.18524229268498982, 0.18517873242669555, 0.0938475186648398, 0.19926431761564373, 0.09453958496355738, 0.18528993169929917, 0.0948180043484741, 0.18546782463249584, 0.1096933626795756, 0.21461160142835245, 0.09555625205282588, 0.09660208263858529, 0.09423667855353958, 0.1024675158512251]}, "validation": {"loss": [0.389624363029158, 0.30846034525792837, 0.2838561393610843, 0.27326150986797365, 0.29471456727166195, 0.2673015183571613, 0.2662862650243751, 0.26582216326292457, 0.26478356322942875, 0.26456205088854867, 0.2640596465630965, 0.26241029534505045, 0.263534463458247, 0.2619264260644004, 0.26301751817975727], "accuracy": [0.31019522776572667, 0.3405639913232104, 0.3405639913232104, 0.3796095444685466, 0.3156182212581345, 0.35032537960954446, 0.34273318872017355, 0.34164859002169196, 0.35032537960954446, 0.3720173535791757, 0.31344902386117135, 0.3796095444685466, 0.38177874186550975, 0.3806941431670282, 0.3123644251626898], "f1": [0.09497246530185932, 0.2026940251688379, 0.10259022639483847, 0.11050883985515418, 0.21714291729649907, 0.10337124364308829, 0.10319768893702144, 0.2048728426283331, 0.10328215917509682, 0.12492531876138432, 0.1234974022991953, 0.2127867812256466, 0.11557932382602516, 0.11235319060500322, 0.10146990291943783]}}