{"train": {"loss": [0.3992819158608955, 0.33672154794232756, 0.2963624947075687, 0.28000573762035, 0.2698063921233787, 0.2681741510847551, 0.2696392806372975, 0.2636424544442092, 0.26263035892921444, 0.2620399954298248, 0.2617155522309835, 0.26088655850268194, 0.2588932330808395, 0.2586095489604791, 0.26302634246604123], "accuracy": [0.19888767984524242, 0.19888767984524242, 0.3440938217869665, 0.34070849957683474, 0.3521944142183533, 0.346995526538508, 0.3471164309031556, 0.3518317011244106, 0.34675371780921294, 0.34675371780921294, 0.3518317011244106, 0.34953451819610687, 0.3537661709587716, 0.3513480836658203, 0.34675371780921294], "f1": [0.03016245553558987, 0.03016245553558987, 0.09470990957345587, 0.09292502789726025, 0.09611114046765086, 0.1849020907026177, 0.09358634223307954, 0.09546075910660168, 0.0945743108959276, 0.1855104506421311, 0.18640503903630154, 0.10095829547505969, 0.10269087781442518, 0.10779190451132084, 0.10282501341354018]}, "validation": {"loss": [0.401672985388603, 0.3393103339713373, 0.29923046189985236, 0.283011091413436, 0.2734058399350096, 0.27243295163561254, 0.2733088933673256, 0.2680042916304105, 0.26666090376191326, 0.2661773185064266, 0.2664904145451335, 0.26531670555407866, 0.26378870184545394, 0.2636450065936877, 0.26807913203518113], "accuracy": [0.16919739696312364, 0.16919739696312364, 0.34598698481561824, 0.34490238611713664, 0.3123644251626898, 0.3383947939262473, 0.30585683297180044, 0.3123644251626898, 0.35032537960954446, 0.35032537960954446, 0.31127982646420826, 0.33731019522776573, 0.31344902386117135, 0.3362255965292842, 0.3405639913232104], "f1": [0.028942486085343222, 0.028942486085343222, 0.20252363582222882, 0.20163748081486407, 0.19608158075256404, 0.10159796123090947, 0.09339894007203554, 0.09582149831350968, 0.2034679357550476, 0.10337124364308829, 0.19567290552584668, 0.30825655043272826, 0.20172868875672614, 0.2123853681072408, 0.11041704027832573]}}