{"train": {"loss": [0.39158245187605834, 0.3162527911120042, 0.2865198659179174, 0.2746552979894256, 0.268511713394171, 0.2654775345276472, 0.2638134056813943, 0.2620939288209093, 0.26050609573577777, 0.25963431663047415, 0.2615810519073526, 0.2586308722483351, 0.25959253405550464, 0.2595780050630611, 0.2593928794925978], "accuracy": [0.19175432233103615, 0.3501390400193447, 0.3457864828920324, 0.3501390400193447, 0.3501390400193447, 0.3461491959859751, 0.35038084874863984, 0.34530286543344213, 0.34675371780921294, 0.35122717930117275, 0.3405875952121872, 0.352557127312296, 0.3471164309031556, 0.3440938217869665, 0.3457864828920324], "f1": [0.029254705931179504, 0.1861770778934688, 0.1853614873523787, 0.09516828800175524, 0.0951360475014248, 0.18584751469063943, 0.2773697634165624, 0.10505133345628469, 0.1079649320811329, 0.09618792520309007, 0.27509049762594384, 0.10093495872611678, 0.21139349684266495, 0.1077137112575671, 0.11414698425923288]}, "validation": {"loss": [0.39238420373949656, 0.31831879971863386, 0.28893774644637005, 0.2778413119641217, 0.2713253443891352, 0.2683573391659435, 0.2674359421193342, 0.2659390031388312, 0.2638556140583831, 0.2635074241078777, 0.26436276882241816, 0.26351760959986487, 0.26279626173890513, 0.26278319051771454, 0.2637477136535562], "accuracy": [0.20607375271149675, 0.3123644251626898, 0.35032537960954446, 0.3123644251626898, 0.3123644251626898, 0.35032537960954446, 0.3123644251626898, 0.34490238611713664, 0.351409978308026, 0.3123644251626898, 0.37852494577006507, 0.31344902386117135, 0.3665943600867679, 0.3579175704989154, 0.3557483731019523], "f1": [0.0341726618705036, 0.19585617103984448, 0.10332556549920431, 0.09572985775426254, 0.09570042530568848, 0.20339917438805877, 0.09572985775426254, 0.21384595228548617, 0.22287301065656456, 0.09567154801872094, 0.2103864734299517, 0.20085342601743275, 0.13691171919092615, 0.12243909774915171, 0.22807166904298004]}}