{"train": {"loss": [0.40489214095260007, 0.31810106612324024, 0.2854955014439455, 0.2727916973644806, 0.2688581611478352, 0.26507520350687047, 0.26256856640055054, 0.26006900447797265, 0.2572512947368783, 0.253658798852903, 0.2537199473963254, 0.2500803412246289, 0.2483772587470667, 0.2464962963382326, 0.24461919850376174], "accuracy": [0.19368879216539717, 0.33756498609599805, 0.3434892999637287, 0.34433563051626165, 0.3482045701849837, 0.3494136138314593, 0.35195260548905816, 0.34324749123443354, 0.34868818764357395, 0.36271309394269136, 0.3781888526175795, 0.3577560149921412, 0.3714182081973159, 0.36767017289324144, 0.37734252206504654], "f1": [0.02950194746001492, 0.18475074623836674, 0.27559632864027556, 0.27559731937249404, 0.09624323362858785, 0.18655098696451236, 0.0964979962122035, 0.13870584521866533, 0.12726588110090728, 0.1494564819192571, 0.15219423973357368, 0.13920819968950598, 0.1481697383959128, 0.16463344563142174, 0.15750935614366482]}, "validation": {"loss": [0.4060947359640361, 0.3201122624533517, 0.2877064762693463, 0.27544706376084, 0.27189952083480307, 0.26808105963907203, 0.2659576790673392, 0.26343610231236464, 0.26100101260653824, 0.25777559414570467, 0.2568052935522872, 0.2551410520747627, 0.25265610205146655, 0.2518308916778276, 0.24812257464055892], "accuracy": [0.16919739696312364, 0.3318872017353579, 0.3405639913232104, 0.34273318872017355, 0.31127982646420826, 0.31453362255965295, 0.35032537960954446, 0.351409978308026, 0.3123644251626898, 0.3720173535791757, 0.36550976138828634, 0.3470715835140998, 0.35357917570498915, 0.3329718004338395, 0.35900216919739697], "f1": [0.028942486085343222, 0.20184051415811508, 0.3031130016409374, 0.10312415447135251, 0.19684078015529102, 0.1993404635756575, 0.20349513329167418, 0.15398125684780797, 0.22251003401315436, 0.16226309244288453, 0.167135372888161, 0.14512010796221322, 0.15451689305197475, 0.16012862671616548, 0.16787297063024212]}}