{"train": {"loss": [0.6661814119472264, 0.24409580628461489, 0.20067727559460488, 0.18289631457343639, 0.17345971381561956, 0.16691412166395087, 0.16214854206810606, 0.1611048868322309, 0.15656603488627988, 0.15720463097473783, 0.15381629161025095, 0.15712942392610346, 0.15112841466434546, 0.15159123629598195, 0.1511776447161038], "accuracy": [0.0008463305525329464, 0.007616974972796518, 0.04703179784790231, 0.1101438761939306, 0.058396808124773304, 0.058759521218716, 0.05960585177124894, 0.05888042558336356, 0.06069399105307702, 0.1114738242050538, 0.11921170354249788, 0.11292467658082457, 0.08233587232499093, 0.07326804497642365, 0.06915729657840648], "f1": [0.00015374816051307957, 0.18409723980754622, 0.11876799805853867, 0.1393087000225624, 0.01933632550063469, 0.019417671493981187, 0.01963987871948611, 0.019478484497143286, 0.01590704315754592, 0.04325962957147334, 0.044928512417574146, 0.043729607077651785, 0.031525046615492644, 0.025897681372275546, 0.02644378688107008]}, "validation": {"loss": [0.6527986393604444, 0.23967973113834085, 0.19009432996506298, 0.17390665038613787, 0.15895088536269736, 0.15142945933167812, 0.14989811377156348, 0.15289539995389584, 0.1484473475791288, 0.15165220091353246, 0.14303987332139956, 0.14695843094677635, 0.1424506212870925, 0.14005294119640863, 0.14177833845056756], "accuracy": [0.0010845986984815619, 0.008676789587852495, 0.052060737527114966, 0.11713665943600868, 0.06941431670281996, 0.07049891540130152, 0.07049891540130152, 0.07049891540130152, 0.06941431670281996, 0.11822125813449023, 0.12689804772234273, 0.11713665943600868, 0.07483731019522777, 0.06724511930585683, 0.06399132321041215], "f1": [0.00021668472372697727, 0.10295202952029521, 0.21475128644939964, 0.1573631925845727, 0.02437240009471873, 0.024682745825602974, 0.02457598371777476, 0.0246113943865526, 0.0233125952419274, 0.05065410078009698, 0.05299627361746162, 0.050205420205281626, 0.031376242804814235, 0.027457139893609133, 0.02758469117089806]}}