{"train": {"loss": [0.3861951702481543, 0.31271702565641885, 0.2833451612040083, 0.2728106973898134, 0.26805660543635457, 0.26454616533286107, 0.2619758814328298, 0.26324129629901805, 0.26189169732266515, 0.2618463576286743, 0.2615684627679607, 0.2591888303553228, 0.2591121681611012, 0.25899328051470005, 0.26071354348349385], "accuracy": [0.19465602708257768, 0.34276387377584333, 0.3430056825051384, 0.3531616491355338, 0.3474791439970983, 0.343126586869786, 0.34760004836174585, 0.34663281344456537, 0.3444565348809092, 0.34639100471527023, 0.34675371780921294, 0.3471164309031556, 0.3471164309031556, 0.3468746221738605, 0.3408294039414823], "f1": [0.02962526796146875, 0.18508178292395136, 0.18463509048645, 0.11481415940427496, 0.09481646019732258, 0.09345463477421288, 0.18556387171788266, 0.1939497639642647, 0.20869937260221166, 0.12336744396595449, 0.10569898351764308, 0.12092573445772216, 0.1191740720719851, 0.1225484246083611, 0.11012711133494107]}, "validation": {"loss": [0.3880734246272545, 0.3146583068938482, 0.28548988112897583, 0.2750147097296529, 0.27086478368544475, 0.2674324427332197, 0.26493646688275524, 0.2661936581134796, 0.2649249513814976, 0.26428682160325895, 0.2641954534884655, 0.26283340930164634, 0.2631286380739955, 0.26266196228208993, 0.26439193607150735], "accuracy": [0.16919739696312364, 0.33947939262472887, 0.37852494577006507, 0.31778741865509763, 0.3492407809110629, 0.34164859002169196, 0.35032537960954446, 0.3546637744034707, 0.35683297180043383, 0.351409978308026, 0.34164859002169196, 0.3286334056399132, 0.3665943600867679, 0.3579175704989154, 0.3676789587852495], "f1": [0.028942486085343222, 0.30278795992307617, 0.11014847949479382, 0.11479546238685408, 0.1029612948257016, 0.10287559426143297, 0.10330357896513886, 0.11496677343186171, 0.12668704255469718, 0.1314198970823918, 0.11648856203859166, 0.12716297967911783, 0.33005415327594756, 0.2315625895921148, 0.3202561479931243]}}