{"train": {"loss": [0.39947722832054416, 0.3275289348465331, 0.29165399273428744, 0.27575171121343883, 0.2713978996417509, 0.2651616059229268, 0.26349230710150423, 0.262638651879371, 0.2632175007442326, 0.2629718621201972, 0.26150138370649495, 0.26153049462364997, 0.26120355793020944, 0.26216534778792805, 0.2620910778569645], "accuracy": [0.1929633659775118, 0.34965542256075444, 0.3561842582517229, 0.3494136138314593, 0.35025994438399227, 0.35606335388707533, 0.35606335388707533, 0.34989723129004957, 0.3553379276991899, 0.354491597146657, 0.3558215451577802, 0.3558215451577802, 0.3558215451577802, 0.34868818764357395, 0.3553379276991899], "f1": [0.0294093258520136, 0.09518574745745491, 0.18731325706074015, 0.1861774819051506, 0.3681636199103964, 0.09619769437996548, 0.0962627872912414, 0.0952017268148996, 0.09594163969923111, 0.09609412810089846, 0.09634996575734425, 0.09634996575734425, 0.09635829286832166, 0.09476226431490781, 0.09591260712431646]}, "validation": {"loss": [0.4002452085028479, 0.33025409107084397, 0.29518998611024966, 0.2792176012739991, 0.2738994078718739, 0.26839011546337244, 0.26743234236003, 0.26610330218102507, 0.26640274972368627, 0.2672110418607662, 0.2660021859975088, 0.2659833960847937, 0.26602492336328926, 0.2652219406196049, 0.26547128194338315], "accuracy": [0.20607375271149675, 0.306941431670282, 0.3123644251626898, 0.35032537960954446, 0.31019522776572667, 0.3123644251626898, 0.3123644251626898, 0.35032537960954446, 0.3123644251626898, 0.31127982646420826, 0.3123644251626898, 0.3123644251626898, 0.3123644251626898, 0.35032537960954446, 0.31127982646420826], "f1": [0.0341726618705036, 0.09474300347539784, 0.19576678202227252, 0.20358943335349866, 0.19575765744515955, 0.0956154541758962, 0.09564322469982847, 0.10326130494360704, 0.09558823529411764, 0.09566814633399663, 0.09572985775426254, 0.09572985775426254, 0.09572985775426254, 0.10322128851540616, 0.1953339199831753]}}