{"train": {"loss": [1.7405952568407412, 1.5419487688276503, 1.384614454375373, 1.2496902898505882, 1.15162812338935, 1.0399982355259083, 0.9576478136910332, 0.8850525573447898, 0.8396938487335488, 0.7662266183782507, 0.7177123339087875, 0.6757050090365939, 0.6393752296765646, 0.6286409199237823, 0.5792157076023243, 0.5771852356416208, 0.5339028691803968, 0.5151508075219614, 0.5215676741467582, 0.5073079185353385, 0.4996414637124097, 0.4595222842914087, 0.4790610428209658, 0.4641633088941927, 0.43199578921000165, 0.44835865939104996, 0.4175481194699252, 0.44416665147852014, 0.4052660553543656, 0.3998496929804484, 0.3947274105416404, 0.38971021909404685, 0.3851977804744685, 0.3810529485344887, 0.3769589240352313, 0.39668382704257965, 0.3925436740672147, 0.36559502338921585, 0.36219390840442095, 0.38128181050221127, 0.35540272681801405, 0.35240208743898954, 0.3493431434035301, 0.3690726743252189, 0.343918909629186, 0.34188377636450307, 0.3391437596744961, 0.3367543446796912, 0.3346809286762167, 0.33265241428657816, 0.3951255403183125, 0.3500892646886684, 0.3273020439125873, 0.3254338108279087, 0.3452916619954286, 0.34325608555917386, 0.3410125330642418, 0.35985583039345564, 0.3384520568781429, 0.3168786413691662, 0.315684469209777, 0.3551705394078184, 0.33351790960188266, 0.3121898739978119, 0.3107666111102811, 0.31033414050384805, 0.3295610315269894, 0.3085906298624145, 0.3079459071159363, 0.30725690805249745, 0.3068049668713852, 0.305534860878079, 0.30487840677852984, 0.30425949063565993, 0.3228636999373083, 0.302561998643257, 0.30202287352747387, 0.301905880647677, 0.32056287786474935, 0.3012415350035385, 0.3007348171538777, 0.30066674257870074, 0.30004242228137123, 0.29952851600117153, 0.29971509357845344, 0.3174038860532973, 0.29779093712568283, 0.29837360784963324, 0.316547612487166, 0.3386617460184627, 0.2975538030818657, 0.29688846899403465, 0.2962643112297411, 0.33852292956025515, 0.2950937121554657, 0.2952959180154182, 0.3102395247530054, 0.30167097129203657, 0.28992432038541194, 0.2672679794055444], "accuracy": [0.9283154121863799, 0.9283154121863799, 0.9283154121863799, 0.9283154121863799, 0.9283154121863799, 0.9283154121863799, 0.9283154121863799, 0.9283154121863799, 0.9283154121863799, 0.9283154121863799, 0.9283154121863799, 0.9283154121863799, 0.9283154121863799, 0.9283154121863799, 0.9283154121863799, 0.9283154121863799, 0.9283154121863799, 0.9283154121863799, 0.9283154121863799, 0.9283154121863799, 0.9283154121863799, 0.9283154121863799, 0.9283154121863799, 0.9283154121863799, 0.9283154121863799, 0.9283154121863799, 0.9283154121863799, 0.9283154121863799, 0.9283154121863799, 0.9283154121863799, 0.9283154121863799, 0.9283154121863799, 0.9283154121863799, 0.9283154121863799, 0.9283154121863799, 0.9283154121863799, 0.9283154121863799, 0.9283154121863799, 0.9283154121863799, 0.9283154121863799, 0.9283154121863799, 0.9283154121863799, 0.9283154121863799, 0.9283154121863799, 0.9283154121863799, 0.9283154121863799, 0.9283154121863799, 0.9283154121863799, 0.9283154121863799, 0.9283154121863799, 0.9283154121863799, 0.9283154121863799, 0.9283154121863799, 0.9283154121863799, 0.9283154121863799, 0.9283154121863799, 0.9283154121863799, 0.9283154121863799, 0.9283154121863799, 0.9283154121863799, 0.9283154121863799, 0.9283154121863799, 0.9283154121863799, 0.9283154121863799, 0.9283154121863799, 0.9283154121863799, 0.9283154121863799, 0.9283154121863799, 0.9283154121863799, 0.9283154121863799, 0.9283154121863799, 0.9283154121863799, 0.9283154121863799, 0.9283154121863799, 0.9283154121863799, 0.9283154121863799, 0.9283154121863799, 0.9283154121863799, 0.9283154121863799, 0.9283154121863799, 0.9283154121863799, 0.9283154121863799, 0.9283154121863799, 0.9283154121863799, 0.9283154121863799, 0.9283154121863799, 0.9283154121863799, 0.9283154121863799, 0.9283154121863799, 0.9283154121863799, 0.9283154121863799, 0.9283154121863799, 0.9283154121863799, 0.9283154121863799, 0.9283154121863799, 0.9283154121863799, 0.9283154121863799, 0.9283154121863799, 0.9283154121863799, 0.9283154121863799], "f1": [0.137546468401487, 0.137546468401487, 0.137546468401487, 0.137546468401487, 0.137546468401487, 0.137546468401487, 0.137546468401487, 0.137546468401487, 0.137546468401487, 0.137546468401487, 0.137546468401487, 0.137546468401487, 0.137546468401487, 0.137546468401487, 0.137546468401487, 0.137546468401487, 0.137546468401487, 0.137546468401487, 0.137546468401487, 0.137546468401487, 0.137546468401487, 0.137546468401487, 0.137546468401487, 0.137546468401487, 0.137546468401487, 0.137546468401487, 0.137546468401487, 0.137546468401487, 0.137546468401487, 0.137546468401487, 0.137546468401487, 0.137546468401487, 0.137546468401487, 0.137546468401487, 0.137546468401487, 0.137546468401487, 0.137546468401487, 0.137546468401487, 0.137546468401487, 0.137546468401487, 0.137546468401487, 0.137546468401487, 0.137546468401487, 0.137546468401487, 0.137546468401487, 0.137546468401487, 0.137546468401487, 0.137546468401487, 0.137546468401487, 0.137546468401487, 0.137546468401487, 0.137546468401487, 0.137546468401487, 0.137546468401487, 0.137546468401487, 0.137546468401487, 0.137546468401487, 0.137546468401487, 0.137546468401487, 0.137546468401487, 0.137546468401487, 0.137546468401487, 0.137546468401487, 0.137546468401487, 0.137546468401487, 0.137546468401487, 0.137546468401487, 0.137546468401487, 0.137546468401487, 0.137546468401487, 0.137546468401487, 0.137546468401487, 0.137546468401487, 0.137546468401487, 0.137546468401487, 0.137546468401487, 0.137546468401487, 0.137546468401487, 0.137546468401487, 0.137546468401487, 0.137546468401487, 0.137546468401487, 0.137546468401487, 0.137546468401487, 0.137546468401487, 0.137546468401487, 0.137546468401487, 0.137546468401487, 0.137546468401487, 0.137546468401487, 0.137546468401487, 0.137546468401487, 0.137546468401487, 0.137546468401487, 0.137546468401487, 0.137546468401487, 0.137546468401487, 0.137546468401487, 0.137546468401487, 0.137546468401487]}, "validation": {"loss": [1.876377671957016, 1.715950071811676, 1.5812798142433167, 1.468346893787384, 1.3730853199958801, 1.293234944343567, 1.2260615527629852, 1.1666392385959625, 1.1166968196630478, 1.0725965648889542, 1.035064160823822, 1.0022240728139877, 0.9740900099277496, 0.949852392077446, 0.9293303340673447, 0.9101688265800476, 0.8942206650972366, 0.8811339884996414, 0.8688918650150299, 0.8588450402021408, 0.8497351706027985, 0.8413639515638351, 0.833536759018898, 0.8270215690135956, 0.8207321614027023, 0.8147839456796646, 0.8089376538991928, 0.8019993156194687, 0.7963657975196838, 0.7925760895013809, 0.7871252149343491, 0.7818889021873474, 0.7781559899449348, 0.7741889804601669, 0.7691753432154655, 0.7644645124673843, 0.7582876086235046, 0.7535359412431717, 0.7481963261961937, 0.7398361265659332, 0.7361046597361565, 0.7321874797344208, 0.7258405834436417, 0.7219637036323547, 0.7162840813398361, 0.7155146226286888, 0.7091949284076691, 0.7044116035103798, 0.7009927555918694, 0.6974044442176819, 0.6953433901071548, 0.6911555230617523, 0.6895957887172699, 0.6844821944832802, 0.6846519410610199, 0.6800857782363892, 0.673550620675087, 0.6667848080396652, 0.6706959456205368, 0.6695174872875214, 0.6674702167510986, 0.6653771698474884, 0.6622398719191551, 0.6591951549053192, 0.6534171551465988, 0.6560341268777847, 0.6560049206018448, 0.6526198089122772, 0.6521578952670097, 0.6514655351638794, 0.651703767478466, 0.6456198394298553, 0.643522322177887, 0.6424118131399155, 0.6413736119866371, 0.6330598518252373, 0.6330653578042984, 0.6366579234600067, 0.6372679471969604, 0.6374980509281158, 0.6365723609924316, 0.6388816460967064, 0.6364899575710297, 0.6350269541144371, 0.6386919021606445, 0.6330915689468384, 0.6298532038927078, 0.6354809403419495, 0.6352908983826637, 0.6234802827239037, 0.6356179714202881, 0.6295663118362427, 0.6254448741674423, 0.6253752708435059, 0.6235999092459679, 0.6337041258811951, 0.632843941450119, 0.6344624012708664, 0.6391604691743851, 0.6271182596683502],