{"train": {"loss": [1.6798728262936626, 1.4598619805441961, 1.3002044315691348, 1.1474576437914814, 1.0279829612484686, 0.9408780888274864, 0.8563475255612973, 0.7696304453743829, 0.7087944194122597, 0.65712931310689, 0.6343082675227413, 0.5796837155465726, 0.5679424438211653, 0.5215805768966675, 0.4993024777483057, 0.5005370157736319, 0.4844619731108348, 0.4485226704014672, 0.43614501036979536, 0.4252524712571391, 0.4377875443961885, 0.40714869896570843, 0.44436400797632003, 0.3924866081387908, 0.38655787264859237, 0.3809683753384484, 0.37589528135679384, 0.3713566166935144, 0.3670520418220096, 0.3632484886933256, 0.3596097457188147, 0.35631181520444377, 0.3530809302572851, 0.3730875786255907, 0.3472463447186682, 0.3444469079927162, 0.34200915942589444, 0.3398510179033986, 0.337563401846974, 0.3574313463436233, 0.3552179107511485, 0.35290451568585857, 0.32925156835052705, 0.3273490576280488, 0.36350563637636324, 0.32414566311571336, 0.36540375070439446, 0.3206895868535395, 0.31904221298518004, 0.3177564963698387, 0.3162528513758271, 0.3153136689905767, 0.33467190464337665, 0.31244330549681626, 0.3109748912630258, 0.34563727069784095, 0.3087639408531012, 0.30767847156083145, 0.3070503580901358, 0.32607645513834776, 0.3054300670822461, 0.30388629657250865, 0.30312069726211055, 0.30237405388443556, 0.32179945210615796, 0.34062119766517923, 0.3007470832930671, 0.31833435595035553, 0.3176212939951155, 0.2985710896275662, 0.3404548165422899, 0.29818855557176804, 0.29757774538464016, 0.2970795140222267, 0.31583842911102156, 0.29655046705846433, 0.2963171027324818, 0.295705431037479, 0.31378441000426255, 0.31324035977875747, 0.29468742702846173, 0.2943736262343548, 0.2942326976745217, 0.29410349274123154, 0.3124041767032058, 0.3121430744175558, 0.332794684778761, 0.29340766618649167, 0.31145324144098496, 0.2930174450631495, 0.292647743942561, 0.310844545563062, 0.3107104097251539, 0.3358095467642502, 0.2920526484096492, 0.291847036116653, 0.32709357804722256, 0.31006023784478504, 0.2914323230032568, 0.3094783734392237], "accuracy": [0.9307048984468339, 0.9307048984468339, 0.9307048984468339, 0.9307048984468339, 0.9307048984468339, 0.9307048984468339, 0.9307048984468339, 0.9307048984468339, 0.9307048984468339, 0.9307048984468339, 0.9307048984468339, 0.9307048984468339, 0.9307048984468339, 0.9307048984468339, 0.9307048984468339, 0.9307048984468339, 0.9307048984468339, 0.9307048984468339, 0.9307048984468339, 0.9307048984468339, 0.9307048984468339, 0.9307048984468339, 0.9307048984468339, 0.9307048984468339, 0.9307048984468339, 0.9307048984468339, 0.9307048984468339, 0.9307048984468339, 0.9307048984468339, 0.9307048984468339, 0.9307048984468339, 0.9307048984468339, 0.9307048984468339, 0.9307048984468339, 0.9307048984468339, 0.9307048984468339, 0.9307048984468339, 0.9307048984468339, 0.9307048984468339, 0.9307048984468339, 0.9307048984468339, 0.9307048984468339, 0.9307048984468339, 0.9307048984468339, 0.9307048984468339, 0.9307048984468339, 0.9307048984468339, 0.9307048984468339, 0.9307048984468339, 0.9307048984468339, 0.9307048984468339, 0.9307048984468339, 0.9307048984468339, 0.9307048984468339, 0.9307048984468339, 0.9307048984468339, 0.9307048984468339, 0.9307048984468339, 0.9307048984468339, 0.9307048984468339, 0.9307048984468339, 0.9307048984468339, 0.9307048984468339, 0.9307048984468339, 0.9307048984468339, 0.9307048984468339, 0.9307048984468339, 0.9307048984468339, 0.9307048984468339, 0.9307048984468339, 0.9307048984468339, 0.9307048984468339, 0.9307048984468339, 0.9307048984468339, 0.9307048984468339, 0.9307048984468339, 0.9307048984468339, 0.9307048984468339, 0.9307048984468339, 0.9307048984468339, 0.9307048984468339, 0.9307048984468339, 0.9307048984468339, 0.9307048984468339, 0.9307048984468339, 0.9307048984468339, 0.9307048984468339, 0.9307048984468339, 0.9307048984468339, 0.9307048984468339, 0.9307048984468339, 0.9307048984468339, 0.9307048984468339, 0.9307048984468339, 0.9307048984468339, 0.9307048984468339, 0.9307048984468339, 0.9307048984468339, 0.9307048984468339, 0.9307048984468339], "f1": [0.12051361386138613, 0.12051361386138613, 0.12051361386138613, 0.12051361386138613, 0.12051361386138613, 0.12051361386138613, 0.12051361386138613, 0.12051361386138613, 0.12051361386138613, 0.12051361386138613, 0.12051361386138613, 0.12051361386138613, 0.12051361386138613, 0.12051361386138613, 0.12051361386138613, 0.12051361386138613, 0.12051361386138613, 0.12051361386138613, 0.12051361386138613, 0.12051361386138613, 0.12051361386138613, 0.12051361386138613, 0.12051361386138613, 0.12051361386138613, 0.12051361386138613, 0.12051361386138613, 0.12051361386138613, 0.12051361386138613, 0.12051361386138613, 0.12051361386138613, 0.12051361386138613, 0.12051361386138613, 0.12051361386138613, 0.12051361386138613, 0.12051361386138613, 0.12051361386138613, 0.12051361386138613, 0.12051361386138613, 0.12051361386138613, 0.12051361386138613, 0.12051361386138613, 0.12051361386138613, 0.12051361386138613, 0.12051361386138613, 0.12051361386138613, 0.12051361386138613, 0.12051361386138613, 0.12051361386138613, 0.12051361386138613, 0.12051361386138613, 0.12051361386138613, 0.12051361386138613, 0.12051361386138613, 0.12051361386138613, 0.12051361386138613, 0.12051361386138613, 0.12051361386138613, 0.12051361386138613, 0.12051361386138613, 0.12051361386138613, 0.12051361386138613, 0.12051361386138613, 0.12051361386138613, 0.12051361386138613, 0.12051361386138613, 0.12051361386138613, 0.12051361386138613, 0.12051361386138613, 0.12051361386138613, 0.12051361386138613, 0.12051361386138613, 0.12051361386138613, 0.12051361386138613, 0.12051361386138613, 0.12051361386138613, 0.12051361386138613, 0.12051361386138613, 0.12051361386138613, 0.12051361386138613, 0.12051361386138613, 0.12051361386138613, 0.12051361386138613, 0.12051361386138613, 0.12051361386138613, 0.12051361386138613, 0.12051361386138613, 0.12051361386138613, 0.12051361386138613, 0.12051361386138613, 0.12051361386138613, 0.12051361386138613, 0.12051361386138613, 0.12051361386138613, 0.12051361386138613, 0.12051361386138613, 0.12051361386138613, 0.12051361386138613, 0.12051361386138613, 0.12051361386138613, 0.12051361386138613]},