{"train": {"loss": [1.7781494502668027, 1.5980710497608892, 1.4539833907727842, 1.324389656384786, 1.211990510975873, 1.1280785666571722, 1.0705999687865928, 0.943403179998751, 0.9099516603681777, 0.8125414627569693, 0.7599943898342274, 0.7130963338745965, 0.6722271630057582, 0.6367554642536022, 0.6062519914574094, 0.600430464303052, 0.5559995395165903, 0.5360312031375037, 0.5186698414661266, 0.5255065979780974, 0.4889260524952853, 0.4766241797694453, 0.5116491030763697, 0.4550882859362496, 0.4692276026363726, 0.43759388228257495, 0.4297945378003297, 0.42288329479870973, 0.41639956997500527, 0.43404643016832845, 0.4049333471942831, 0.4231542139141648, 0.41828588782637205, 0.3901676458341104, 0.4329337055484454, 0.40558476166592705, 0.3780241890086068, 0.3745619177266403, 0.37092953120116834, 0.36819973670774037, 0.3875743481847975, 0.3616233815749486, 0.35868329361633017, 0.35577760360859056, 0.3750708768213237, 0.3505561219321357, 0.348214292967761, 0.3456260534348311, 0.3438396255175273, 0.34168132918852345, 0.33992150315531977, 0.3956244651366163, 0.3572431441258501, 0.3346673835206915, 0.35412603754688193, 0.3316434050599734, 0.36972299549314713, 0.32843231823709274, 0.3271752742153627, 0.3260379759249864, 0.32432254652182263, 0.323633859830874, 0.32253917389445835, 0.36175534322305963, 0.3205267213009022, 0.36071835844605055, 0.3567710518836975, 0.3177703423080621, 0.3167070108983252, 0.31597554214574675, 0.35363472004731494, 0.3530201671852006, 0.31401309095047136, 0.3133436709090515, 0.3130100523983991, 0.31270913117461735, 0.312087282538414, 0.3510756227705214, 0.3114199205129235, 0.3108451104274503, 0.3101590899405656, 0.30975631734839193, 0.3095304273344852, 0.30910652268815925, 0.3087516932023896, 0.3086706943534039, 0.3081758201674179, 0.3476985502574179, 0.30734405556210764, 0.32532445479322364, 0.3068295468886693, 0.325246699154377, 0.3063086149869142, 0.3429961786777885, 0.32460613383187187, 0.3056125318010648, 0.304867628271933, 0.30147546171038236, 0.3059320881686829, 0.32453525963204877], "accuracy": [0.927120669056153, 0.927120669056153, 0.927120669056153, 0.927120669056153, 0.927120669056153, 0.927120669056153, 0.927120669056153, 0.927120669056153, 0.927120669056153, 0.927120669056153, 0.927120669056153, 0.927120669056153, 0.927120669056153, 0.927120669056153, 0.927120669056153, 0.927120669056153, 0.927120669056153, 0.927120669056153, 0.927120669056153, 0.927120669056153, 0.927120669056153, 0.927120669056153, 0.927120669056153, 0.927120669056153, 0.927120669056153, 0.927120669056153, 0.927120669056153, 0.927120669056153, 0.927120669056153, 0.927120669056153, 0.927120669056153, 0.927120669056153, 0.927120669056153, 0.927120669056153, 0.927120669056153, 0.927120669056153, 0.927120669056153, 0.927120669056153, 0.927120669056153, 0.927120669056153, 0.927120669056153, 0.927120669056153, 0.927120669056153, 0.927120669056153, 0.927120669056153, 0.927120669056153, 0.927120669056153, 0.927120669056153, 0.927120669056153, 0.927120669056153, 0.927120669056153, 0.927120669056153, 0.927120669056153, 0.927120669056153, 0.927120669056153, 0.927120669056153, 0.927120669056153, 0.927120669056153, 0.927120669056153, 0.927120669056153, 0.927120669056153, 0.927120669056153, 0.927120669056153, 0.927120669056153, 0.927120669056153, 0.927120669056153, 0.927120669056153, 0.927120669056153, 0.927120669056153, 0.927120669056153, 0.927120669056153, 0.927120669056153, 0.927120669056153, 0.927120669056153, 0.927120669056153, 0.927120669056153, 0.927120669056153, 0.927120669056153, 0.927120669056153, 0.927120669056153, 0.927120669056153, 0.927120669056153, 0.927120669056153, 0.927120669056153, 0.927120669056153, 0.927120669056153, 0.927120669056153, 0.927120669056153, 0.927120669056153, 0.927120669056153, 0.927120669056153, 0.927120669056153, 0.927120669056153, 0.927120669056153, 0.927120669056153, 0.927120669056153, 0.927120669056153, 0.927120669056153, 0.927120669056153, 0.927120669056153], "f1": [0.12027278363298202, 0.12027278363298202, 0.12027278363298202, 0.12027278363298202, 0.12027278363298202, 0.12027278363298202, 0.12027278363298202, 0.12027278363298202, 0.12027278363298202, 0.12027278363298202, 0.12027278363298202, 0.12027278363298202, 0.12027278363298202, 0.12027278363298202, 0.12027278363298202, 0.12027278363298202, 0.12027278363298202, 0.12027278363298202, 0.12027278363298202, 0.12027278363298202, 0.12027278363298202, 0.12027278363298202, 0.12027278363298202, 0.12027278363298202, 0.12027278363298202, 0.12027278363298202, 0.12027278363298202, 0.12027278363298202, 0.12027278363298202, 0.12027278363298202, 0.12027278363298202, 0.12027278363298202, 0.12027278363298202, 0.12027278363298202, 0.12027278363298202, 0.12027278363298202, 0.12027278363298202, 0.12027278363298202, 0.12027278363298202, 0.12027278363298202, 0.12027278363298202, 0.12027278363298202, 0.12027278363298202, 0.12027278363298202, 0.12027278363298202, 0.12027278363298202, 0.12027278363298202, 0.12027278363298202, 0.12027278363298202, 0.12027278363298202, 0.12027278363298202, 0.12027278363298202, 0.12027278363298202, 0.12027278363298202, 0.12027278363298202, 0.12027278363298202, 0.12027278363298202, 0.12027278363298202, 0.12027278363298202, 0.12027278363298202, 0.12027278363298202, 0.12027278363298202, 0.12027278363298202, 0.12027278363298202, 0.12027278363298202, 0.12027278363298202, 0.12027278363298202, 0.12027278363298202, 0.12027278363298202, 0.12027278363298202, 0.12027278363298202, 0.12027278363298202, 0.12027278363298202, 0.12027278363298202, 0.12027278363298202, 0.12027278363298202, 0.12027278363298202, 0.12027278363298202, 0.12027278363298202, 0.12027278363298202, 0.12027278363298202, 0.12027278363298202, 0.12027278363298202, 0.12027278363298202, 0.12027278363298202, 0.12027278363298202, 0.12027278363298202, 0.12027278363298202, 0.12027278363298202, 0.12027278363298202, 0.12027278363298202, 0.12027278363298202, 0.12027278363298202, 0.12027278363298202, 0.12027278363298202, 0.12027278363298202, 0.12027278363298202, 0.12027278363298202, 0.12027278363298202, 0.12027278363298202]},