{"train": {"loss": [1.6323405151013974, 1.4303571471461543, 1.269709132335804, 1.133328002912027, 1.0169151579892193, 0.9378480425587407, 0.8751272404635394, 0.7712393071916368, 0.7152859822467521, 0.6862171358532376, 0.6254890649406998, 0.591401708346826, 0.5633264139846519, 0.5388687319225736, 0.5638042997430872, 0.5004242255731866, 0.4847903036408954, 0.49461713267697227, 0.4591602412638841, 0.4488907919989692, 0.4635700909075914, 0.43118662801053786, 0.44761944865738906, 0.41688447693983716, 0.410810547846335, 0.40525403287675643, 0.4242019967900382, 0.3952713691525989, 0.39065292477607727, 0.41918308122290504, 0.38136631029623524, 0.3777451592463034, 0.3740884631320282, 0.3690473785003026, 0.3656825991692366, 0.38599486041952064, 0.3832234138691867, 0.35709795273012584, 0.35404739032189053, 0.35082508209678864, 0.38005413115024567, 0.3690433814017861, 0.34415269753447286, 0.34212281389368904, 0.361117095583015, 0.3377621665045067, 0.3361903230349223, 0.3349034617896433, 0.33210227279751386, 0.3500632102842684, 0.32805554651551777, 0.3267603251669142, 0.3458198791852704, 0.32388282870804824, 0.3224525308167493, 0.3423450533990507, 0.3194276505598315, 0.3574336792031924, 0.33334487676620483, 0.30240639519912227, 0.3314063223423781, 0.28180520622818556, 0.3207677653818219, 0.29298082435572587, 0.26732932445075774, 0.26373545080423355, 0.2660226223093492, 0.27004904713895583, 0.258029723746909, 0.2571669516188127, 0.25469386618998313, 0.25599550524795495, 0.25373858489372114, 0.2642911308341556, 0.24927025398722402, 0.24695432241316195, 0.2707730931816278, 0.238674634170753, 0.24486057943216077, 0.2486798385227168, 0.24806402734032384, 0.2528474464736603, 0.24294539816953517, 0.23471304415552705, 0.2371618415194529, 0.22811244014236662, 0.2299985256459978, 0.22458258036662032, 0.24256524981723893, 0.22168860301651336, 0.2286286696239754, 0.21875752839777204, 0.21820864315938066, 0.21432739620407423, 0.2171334503563466, 0.22285494256626676, 0.2147292842467626, 0.23125900935243676, 0.2099239942100313, 0.21167659269714797], "accuracy": [0.9259259259259259, 0.9259259259259259, 0.9259259259259259, 0.9259259259259259, 0.9259259259259259, 0.9259259259259259, 0.9259259259259259, 0.9259259259259259, 0.9259259259259259, 0.9259259259259259, 0.9259259259259259, 0.9259259259259259, 0.9259259259259259, 0.9259259259259259, 0.9259259259259259, 0.9259259259259259, 0.9259259259259259, 0.9259259259259259, 0.9259259259259259, 0.9259259259259259, 0.9259259259259259, 0.9259259259259259, 0.9259259259259259, 0.9259259259259259, 0.9259259259259259, 0.9259259259259259, 0.9259259259259259, 0.9259259259259259, 0.9259259259259259, 0.9259259259259259, 0.9259259259259259, 0.9259259259259259, 0.9259259259259259, 0.9259259259259259, 0.9259259259259259, 0.9259259259259259, 0.9259259259259259, 0.9259259259259259, 0.9259259259259259, 0.9259259259259259, 0.9259259259259259, 0.9259259259259259, 0.9259259259259259, 0.9259259259259259, 0.9259259259259259, 0.9259259259259259, 0.9259259259259259, 0.9259259259259259, 0.9259259259259259, 0.9259259259259259, 0.9259259259259259, 0.9259259259259259, 0.9259259259259259, 0.9259259259259259, 0.9259259259259259, 0.9259259259259259, 0.9259259259259259, 0.9259259259259259, 0.9259259259259259, 0.9259259259259259, 0.9259259259259259, 0.9259259259259259, 0.9259259259259259, 0.9259259259259259, 0.9259259259259259, 0.9259259259259259, 0.9259259259259259, 0.9259259259259259, 0.9259259259259259, 0.9259259259259259, 0.9259259259259259, 0.9259259259259259, 0.9259259259259259, 0.9259259259259259, 0.9259259259259259, 0.9259259259259259, 0.9259259259259259, 0.9259259259259259, 0.9259259259259259, 0.9259259259259259, 0.9259259259259259, 0.9259259259259259, 0.9259259259259259, 0.9259259259259259, 0.9259259259259259, 0.9259259259259259, 0.94026284348865, 0.9414575866188769, 0.9330943847072879, 0.9330943847072879, 0.9259259259259259, 0.931899641577061, 0.945041816009558, 0.9330943847072879, 0.94026284348865, 0.9414575866188769, 0.948626045400239, 0.94026284348865, 0.946236559139785, 0.9414575866188769], "f1": [0.1201923076923077, 0.1201923076923077, 0.1201923076923077, 0.1201923076923077, 0.1201923076923077, 0.1201923076923077, 0.1201923076923077, 0.1201923076923077, 0.1201923076923077, 0.1201923076923077, 0.1201923076923077, 0.1201923076923077, 0.1201923076923077, 0.1201923076923077, 0.1201923076923077, 0.1201923076923077, 0.1201923076923077, 0.1201923076923077, 0.1201923076923077, 0.1201923076923077, 0.1201923076923077, 0.1201923076923077, 0.1201923076923077, 0.1201923076923077, 0.1201923076923077, 0.1201923076923077, 0.1201923076923077, 0.1201923076923077, 0.1201923076923077, 0.1201923076923077, 0.1201923076923077, 0.1201923076923077, 0.1201923076923077, 0.1201923076923077, 0.1201923076923077, 0.1201923076923077, 0.1201923076923077, 0.1201923076923077, 0.1201923076923077, 0.1201923076923077, 0.1201923076923077, 0.1201923076923077, 0.1201923076923077, 0.1201923076923077, 0.1201923076923077, 0.1201923076923077, 0.1201923076923077, 0.1201923076923077, 0.1201923076923077, 0.1201923076923077, 0.1201923076923077, 0.1201923076923077, 0.1201923076923077, 0.1201923076923077, 0.1201923076923077, 0.1201923076923077, 0.1201923076923077, 0.1201923076923077, 0.1201923076923077, 0.1201923076923077, 0.1201923076923077, 0.1201923076923077, 0.1201923076923077, 0.1201923076923077, 0.1201923076923077, 0.1201923076923077, 0.1201923076923077, 0.1201923076923077, 0.1201923076923077, 0.1201923076923077, 0.1201923076923077, 0.1201923076923077, 0.1201923076923077, 0.1201923076923077, 0.1201923076923077, 0.1201923076923077, 0.1201923076923077, 0.1201923076923077, 0.1201923076923077, 0.1201923076923077, 0.1201923076923077, 0.1201923076923077, 0.1201923076923077, 0.1201923076923077, 0.1201923076923077, 0.1201923076923077, 0.17802625705449096, 0.17324320794148382, 0.14841368800221666, 0.15139969269182751, 0.1201923076923077, 0.141399605890894, 0.19392753207361563, 0.1452315088908397, 0.18564603181384487, 0.17520910741249723, 0.19173078402708318, 0.1797012439088942, 0.18556260186216134, 0.17116468378209143]},