{"train": {"loss": [1.615794746964066, 1.4238087777738218, 1.2669565324430112, 1.1561416255103216, 1.0350514584117465, 0.9421273227091189, 0.8619192154319198, 0.791349075458668, 0.7311179726212113, 0.7113229897287157, 0.6337665032457422, 0.6143543080047325, 0.5803460522934243, 0.5521237552165985, 0.5093365433039488, 0.4877890756836644, 0.4695218128186685, 0.4531262367963791, 0.4389839768409729, 0.4264566147768939, 0.41566769778728485, 0.4262209976160968, 0.39726731457092146, 0.38937002034099016, 0.38222525517145794, 0.3758230910257057, 0.3700806724804419, 0.3859560048138654, 0.36027278419997955, 0.35600681768523323, 0.3521880140459096, 0.3485850399291074, 0.3452080507521276, 0.34199359654276457, 0.33910166058275437, 0.357435246584592, 0.35487127690403547, 0.33133751347109125, 0.3292006245917744, 0.32717176609569126, 0.32525384619280145, 0.3234660528876163, 0.32177684759652175, 0.3200866168847791, 0.3184292211576744, 0.31707290725575554, 0.3157885005628621, 0.3144904813832707, 0.3335296928330704, 0.31189016556298294, 0.3108506271684611, 0.30984886597704003, 0.3643008785115348, 0.32771739501644065, 0.32693529570544205, 0.3061741085516082, 0.36677965963328324, 0.3043897770069264, 0.3233851980831888, 0.30301982826656765, 0.3024510727436454, 0.3017713419265217, 0.32073383805928407, 0.33963995261324775, 0.31923638725722275, 0.29943532634664466, 0.31773117157044234, 0.2982258294467573, 0.3920145219674817, 0.29732109909808196, 0.2969331931736734, 0.29661667926443946, 0.2963081846634547, 0.29594943672418594, 0.33314678348876814, 0.3141548970231303, 0.29502775906412687, 0.2948093991036768, 0.3132926360876472, 0.2942664946118991, 0.2940453056384016, 0.29377707756227917, 0.29344619617418005, 0.33411955695461343, 0.3114294249702383, 0.2928112218225444, 0.31106870124737424, 0.29245165956241115, 0.2923589003858743, 0.29222986184888416, 0.2919508834128027, 0.29184792273574406, 0.2917577411841463, 0.29156921169272176, 0.29141555422985993, 0.2913551785879665, 0.29130088151605044, 0.3092899675722475, 0.2909035610931891, 0.30906377098074667], "accuracy": [0.9307048984468339, 0.9307048984468339, 0.9307048984468339, 0.9307048984468339, 0.9307048984468339, 0.9307048984468339, 0.9307048984468339, 0.9307048984468339, 0.9307048984468339, 0.9307048984468339, 0.9307048984468339, 0.9307048984468339, 0.9307048984468339, 0.9307048984468339, 0.9307048984468339, 0.9307048984468339, 0.9307048984468339, 0.9307048984468339, 0.9307048984468339, 0.9307048984468339, 0.9307048984468339, 0.9307048984468339, 0.9307048984468339, 0.9307048984468339, 0.9307048984468339, 0.9307048984468339, 0.9307048984468339, 0.9307048984468339, 0.9307048984468339, 0.9307048984468339, 0.9307048984468339, 0.9307048984468339, 0.9307048984468339, 0.9307048984468339, 0.9307048984468339, 0.9307048984468339, 0.9307048984468339, 0.9307048984468339, 0.9307048984468339, 0.9307048984468339, 0.9307048984468339, 0.9307048984468339, 0.9307048984468339, 0.9307048984468339, 0.9307048984468339, 0.9307048984468339, 0.9307048984468339, 0.9307048984468339, 0.9307048984468339, 0.9307048984468339, 0.9307048984468339, 0.9307048984468339, 0.9307048984468339, 0.9307048984468339, 0.9307048984468339, 0.9307048984468339, 0.9307048984468339, 0.9307048984468339, 0.9307048984468339, 0.9307048984468339, 0.9307048984468339, 0.9307048984468339, 0.9307048984468339, 0.9307048984468339, 0.9307048984468339, 0.9307048984468339, 0.9307048984468339, 0.9307048984468339, 0.9307048984468339, 0.9307048984468339, 0.9307048984468339, 0.9307048984468339, 0.9307048984468339, 0.9307048984468339, 0.9307048984468339, 0.9307048984468339, 0.9307048984468339, 0.9307048984468339, 0.9307048984468339, 0.9307048984468339, 0.9307048984468339, 0.9307048984468339, 0.9307048984468339, 0.9307048984468339, 0.9307048984468339, 0.9307048984468339, 0.9307048984468339, 0.9307048984468339, 0.9307048984468339, 0.9307048984468339, 0.9307048984468339, 0.9307048984468339, 0.9307048984468339, 0.9307048984468339, 0.9307048984468339, 0.9307048984468339, 0.9307048984468339, 0.9307048984468339, 0.9307048984468339, 0.9307048984468339], "f1": [0.12051361386138613, 0.12051361386138613, 0.12051361386138613, 0.12051361386138613, 0.12051361386138613, 0.12051361386138613, 0.12051361386138613, 0.12051361386138613, 0.12051361386138613, 0.12051361386138613, 0.12051361386138613, 0.12051361386138613, 0.12051361386138613, 0.12051361386138613, 0.12051361386138613, 0.12051361386138613, 0.12051361386138613, 0.12051361386138613, 0.12051361386138613, 0.12051361386138613, 0.12051361386138613, 0.12051361386138613, 0.12051361386138613, 0.12051361386138613, 0.12051361386138613, 0.12051361386138613, 0.12051361386138613, 0.12051361386138613, 0.12051361386138613, 0.12051361386138613, 0.12051361386138613, 0.12051361386138613, 0.12051361386138613, 0.12051361386138613, 0.12051361386138613, 0.12051361386138613, 0.12051361386138613, 0.12051361386138613, 0.12051361386138613, 0.12051361386138613, 0.12051361386138613, 0.12051361386138613, 0.12051361386138613, 0.12051361386138613, 0.12051361386138613, 0.12051361386138613, 0.12051361386138613, 0.12051361386138613, 0.12051361386138613, 0.12051361386138613, 0.12051361386138613, 0.12051361386138613, 0.12051361386138613, 0.12051361386138613, 0.12051361386138613, 0.12051361386138613, 0.12051361386138613, 0.12051361386138613, 0.12051361386138613, 0.12051361386138613, 0.12051361386138613, 0.12051361386138613, 0.12051361386138613, 0.12051361386138613, 0.12051361386138613, 0.12051361386138613, 0.12051361386138613, 0.12051361386138613, 0.12051361386138613, 0.12051361386138613, 0.12051361386138613, 0.12051361386138613, 0.12051361386138613, 0.12051361386138613, 0.12051361386138613, 0.12051361386138613, 0.12051361386138613, 0.12051361386138613, 0.12051361386138613, 0.12051361386138613, 0.12051361386138613, 0.12051361386138613, 0.12051361386138613, 0.12051361386138613, 0.12051361386138613, 0.12051361386138613, 0.12051361386138613, 0.12051361386138613, 0.12051361386138613, 0.12051361386138613, 0.12051361386138613, 0.12051361386138613, 0.12051361386138613, 0.12051361386138613, 0.12051361386138613, 0.12051361386138613, 0.12051361386138613, 0.12051361386138613, 0.12051361386138613, 0.12051361386138613]},