{"train": {"loss": [1.9294130934609308, 1.761954497407984, 1.619745272177237, 1.4890746275583904, 1.3702804953963668, 1.2767636201999806, 1.1619545883602567, 1.070619942965331, 0.9885019792450799, 0.9160318727846499, 0.8679529538861027, 0.7901597243768198, 0.7371998318919429, 0.7100264143060755, 0.6492753249627573, 0.6130857942280946, 0.6010342538356781, 0.5510674174185153, 0.5248086033044038, 0.5025534839541824, 0.4829907340032083, 0.46587000676879176, 0.4505886998441484, 0.4369851626731731, 0.42519809195288905, 0.4144210820948636, 0.40484252351301686, 0.3961844499464388, 0.41152386532889473, 0.40449546056765096, 0.3748326442307896, 0.36901653006120966, 0.36375487126685957, 0.35895462665292954, 0.4002604247243316, 0.350079576726313, 0.34602380488757734, 0.3423280227515433, 0.3385297529123448, 0.3578936374849743, 0.3318824119589947, 0.3287513827284177, 0.32595479985078174, 0.34543788874590836, 0.3205596332748731, 0.3179992473235837, 0.31551818660012, 0.334834239549107, 0.311105499388995, 0.3304783133444963, 0.30734782610778455, 0.3481847754231206, 0.3039087426883203, 0.3022671623362435, 0.3007555711600516, 0.2994315036469036, 0.2979192846903094, 0.2966575821240743, 0.29528211305538815, 0.29394524489287976, 0.2928864688233093, 0.29187366725118075, 0.311056493057145, 0.2897938476116569, 0.28885422619404616, 0.28815161878312073, 0.307216528389189, 0.28626810207411096, 0.2856090576560409, 0.3041047194489726, 0.30352755194460906, 0.28316240316187896, 0.28270395734795817, 0.2819741009562104, 0.2814522553925161, 0.28093129286059626, 0.2804606035351753, 0.280032646048952, 0.29872250501756314, 0.2792241106982584, 0.29796524138914215, 0.27834461712174946, 0.2969786203293889, 0.29664110820050593, 0.27714831244062493, 0.27694369742163905, 0.2955418234622037, 0.27641449468555274, 0.2761536842143094, 0.2944457456469536, 0.27579734433028436, 0.2754865789579021, 0.2941846056944794, 0.27507747144058897, 0.27463908176179286, 0.2744715655291522, 0.29298830266903947, 0.27416065445652715, 0.2926995948784881, 0.27395087108016014], "accuracy": [0.931899641577061, 0.931899641577061, 0.931899641577061, 0.931899641577061, 0.931899641577061, 0.931899641577061, 0.931899641577061, 0.931899641577061, 0.931899641577061, 0.931899641577061, 0.931899641577061, 0.931899641577061, 0.931899641577061, 0.931899641577061, 0.931899641577061, 0.931899641577061, 0.931899641577061, 0.931899641577061, 0.931899641577061, 0.931899641577061, 0.931899641577061, 0.931899641577061, 0.931899641577061, 0.931899641577061, 0.931899641577061, 0.931899641577061, 0.931899641577061, 0.931899641577061, 0.931899641577061, 0.931899641577061, 0.931899641577061, 0.931899641577061, 0.931899641577061, 0.931899641577061, 0.931899641577061, 0.931899641577061, 0.931899641577061, 0.931899641577061, 0.931899641577061, 0.931899641577061, 0.931899641577061, 0.931899641577061, 0.931899641577061, 0.931899641577061, 0.931899641577061, 0.931899641577061, 0.931899641577061, 0.931899641577061, 0.931899641577061, 0.931899641577061, 0.931899641577061, 0.931899641577061, 0.931899641577061, 0.931899641577061, 0.931899641577061, 0.931899641577061, 0.931899641577061, 0.931899641577061, 0.931899641577061, 0.931899641577061, 0.931899641577061, 0.931899641577061, 0.931899641577061, 0.931899641577061, 0.931899641577061, 0.931899641577061, 0.931899641577061, 0.931899641577061, 0.931899641577061, 0.931899641577061, 0.931899641577061, 0.931899641577061, 0.931899641577061, 0.931899641577061, 0.931899641577061, 0.931899641577061, 0.931899641577061, 0.931899641577061, 0.931899641577061, 0.931899641577061, 0.931899641577061, 0.931899641577061, 0.931899641577061, 0.931899641577061, 0.931899641577061, 0.931899641577061, 0.931899641577061, 0.931899641577061, 0.931899641577061, 0.931899641577061, 0.931899641577061, 0.931899641577061, 0.931899641577061, 0.931899641577061, 0.931899641577061, 0.931899641577061, 0.931899641577061, 0.931899641577061, 0.931899641577061, 0.931899641577061], "f1": [0.16079158936301793, 0.16079158936301793, 0.16079158936301793, 0.16079158936301793, 0.16079158936301793, 0.16079158936301793, 0.16079158936301793, 0.16079158936301793, 0.16079158936301793, 0.16079158936301793, 0.16079158936301793, 0.16079158936301793, 0.16079158936301793, 0.16079158936301793, 0.16079158936301793, 0.16079158936301793, 0.16079158936301793, 0.16079158936301793, 0.16079158936301793, 0.16079158936301793, 0.16079158936301793, 0.16079158936301793, 0.16079158936301793, 0.16079158936301793, 0.16079158936301793, 0.16079158936301793, 0.16079158936301793, 0.16079158936301793, 0.16079158936301793, 0.16079158936301793, 0.16079158936301793, 0.16079158936301793, 0.16079158936301793, 0.16079158936301793, 0.16079158936301793, 0.16079158936301793, 0.16079158936301793, 0.16079158936301793, 0.16079158936301793, 0.16079158936301793, 0.16079158936301793, 0.16079158936301793, 0.16079158936301793, 0.16079158936301793, 0.16079158936301793, 0.16079158936301793, 0.16079158936301793, 0.16079158936301793, 0.16079158936301793, 0.16079158936301793, 0.16079158936301793, 0.16079158936301793, 0.16079158936301793, 0.16079158936301793, 0.16079158936301793, 0.16079158936301793, 0.16079158936301793, 0.16079158936301793, 0.16079158936301793, 0.16079158936301793, 0.16079158936301793, 0.16079158936301793, 0.16079158936301793, 0.16079158936301793, 0.16079158936301793, 0.16079158936301793, 0.16079158936301793, 0.16079158936301793, 0.16079158936301793, 0.16079158936301793, 0.16079158936301793, 0.16079158936301793, 0.16079158936301793, 0.16079158936301793, 0.16079158936301793, 0.16079158936301793, 0.16079158936301793, 0.16079158936301793, 0.16079158936301793, 0.16079158936301793, 0.16079158936301793, 0.16079158936301793, 0.16079158936301793, 0.16079158936301793, 0.16079158936301793, 0.16079158936301793, 0.16079158936301793, 0.16079158936301793, 0.16079158936301793, 0.16079158936301793, 0.16079158936301793, 0.16079158936301793, 0.16079158936301793, 0.16079158936301793, 0.16079158936301793, 0.16079158936301793, 0.16079158936301793, 0.16079158936301793, 0.16079158936301793, 0.16079158936301793]},