{"train": {"loss": [1.7827631455880624, 1.5769565414499354, 1.440283664950618, 1.2939653308303267, 1.1783623916131478, 1.0790314254937348, 0.9920691406285321, 0.9153616538754216, 0.8500411996135006, 0.8122249488477353, 0.7634012367990282, 0.7010442945692275, 0.6633855236901177, 0.6301656122560855, 0.6023771464824677, 0.5972267532790149, 0.5539093668814059, 0.5337282993175365, 0.5155372608591009, 0.50005569115833, 0.5085330743480612, 0.47398227949937183, 0.48506945702764726, 0.47513384289211696, 0.4435187992122438, 0.4576697068081962, 0.42749902606010437, 0.42060924845713155, 0.4367954366736942, 0.40808946390946704, 0.4027629119378549, 0.3976757021413909, 0.3930100420558894, 0.41112958915807585, 0.38432780570454067, 0.40313726829157936, 0.37692261708003505, 0.3734309286982925, 0.42383113669024575, 0.3667354040123798, 0.3637003829633748, 0.38290375885036254, 0.35807846790110626, 0.37761309494574863, 0.3531255092885759, 0.3503623527509195, 0.34802801962252017, 0.3458369062454612, 0.34398793235973074, 0.3420904121465153, 0.34039569922067503, 0.3386486608673025, 0.3782647826053478, 0.33539073665936786, 0.33381394931563624, 0.3523363829762847, 0.33067274811091246, 0.3494968979998871, 0.32821750696058627, 0.32696576609655664, 0.32598896269445066, 0.3249184000823233, 0.3238720642747702, 0.3226819758613904, 0.3218288526490883, 0.32114715101542296, 0.33956120521933947, 0.338875871013712, 0.31888749091713514, 0.31827252854903537, 0.31761610563154574, 0.3171075960552251, 0.3800852704379294, 0.3606492672805433, 0.3147935356806826, 0.3143651582024716, 0.3322639139714064, 0.3137131984587069, 0.31314111473383727, 0.31246394995186066, 0.3699425467186504, 0.31209175095514013, 0.3117372559176551, 0.3110731202695105, 0.3469747840254395, 0.3284724873525125, 0.32827780312962, 0.3100304948510947, 0.30972434718299796, 0.30964551038212246, 0.32725880653769884, 0.30879202761031965, 0.30869174941822336, 0.30845976234586153, 0.30841078967959795, 0.308063722870968, 0.3078755388657252, 0.3496693405840132, 0.3076697629359033, 0.30746530603479455], "accuracy": [0.9259259259259259, 0.9259259259259259, 0.9259259259259259, 0.9259259259259259, 0.9259259259259259, 0.9259259259259259, 0.9259259259259259, 0.9259259259259259, 0.9259259259259259, 0.9259259259259259, 0.9259259259259259, 0.9259259259259259, 0.9259259259259259, 0.9259259259259259, 0.9259259259259259, 0.9259259259259259, 0.9259259259259259, 0.9259259259259259, 0.9259259259259259, 0.9259259259259259, 0.9259259259259259, 0.9259259259259259, 0.9259259259259259, 0.9259259259259259, 0.9259259259259259, 0.9259259259259259, 0.9259259259259259, 0.9259259259259259, 0.9259259259259259, 0.9259259259259259, 0.9259259259259259, 0.9259259259259259, 0.9259259259259259, 0.9259259259259259, 0.9259259259259259, 0.9259259259259259, 0.9259259259259259, 0.9259259259259259, 0.9259259259259259, 0.9259259259259259, 0.9259259259259259, 0.9259259259259259, 0.9259259259259259, 0.9259259259259259, 0.9259259259259259, 0.9259259259259259, 0.9259259259259259, 0.9259259259259259, 0.9259259259259259, 0.9259259259259259, 0.9259259259259259, 0.9259259259259259, 0.9259259259259259, 0.9259259259259259, 0.9259259259259259, 0.9259259259259259, 0.9259259259259259, 0.9259259259259259, 0.9259259259259259, 0.9259259259259259, 0.9259259259259259, 0.9259259259259259, 0.9259259259259259, 0.9259259259259259, 0.9259259259259259, 0.9259259259259259, 0.9259259259259259, 0.9259259259259259, 0.9259259259259259, 0.9259259259259259, 0.9259259259259259, 0.9259259259259259, 0.9259259259259259, 0.9259259259259259, 0.9259259259259259, 0.9259259259259259, 0.9259259259259259, 0.9259259259259259, 0.9259259259259259, 0.9259259259259259, 0.9259259259259259, 0.9259259259259259, 0.9259259259259259, 0.9259259259259259, 0.9259259259259259, 0.9259259259259259, 0.9259259259259259, 0.9259259259259259, 0.9259259259259259, 0.9259259259259259, 0.9259259259259259, 0.9259259259259259, 0.9259259259259259, 0.9259259259259259, 0.9259259259259259, 0.9259259259259259, 0.9259259259259259, 0.9259259259259259, 0.9259259259259259, 0.9259259259259259], "f1": [0.1201923076923077, 0.1201923076923077, 0.1201923076923077, 0.1201923076923077, 0.1201923076923077, 0.1201923076923077, 0.1201923076923077, 0.1201923076923077, 0.1201923076923077, 0.1201923076923077, 0.1201923076923077, 0.1201923076923077, 0.1201923076923077, 0.1201923076923077, 0.1201923076923077, 0.1201923076923077, 0.1201923076923077, 0.1201923076923077, 0.1201923076923077, 0.1201923076923077, 0.1201923076923077, 0.1201923076923077, 0.1201923076923077, 0.1201923076923077, 0.1201923076923077, 0.1201923076923077, 0.1201923076923077, 0.1201923076923077, 0.1201923076923077, 0.1201923076923077, 0.1201923076923077, 0.1201923076923077, 0.1201923076923077, 0.1201923076923077, 0.1201923076923077, 0.1201923076923077, 0.1201923076923077, 0.1201923076923077, 0.1201923076923077, 0.1201923076923077, 0.1201923076923077, 0.1201923076923077, 0.1201923076923077, 0.1201923076923077, 0.1201923076923077, 0.1201923076923077, 0.1201923076923077, 0.1201923076923077, 0.1201923076923077, 0.1201923076923077, 0.1201923076923077, 0.1201923076923077, 0.1201923076923077, 0.1201923076923077, 0.1201923076923077, 0.1201923076923077, 0.1201923076923077, 0.1201923076923077, 0.1201923076923077, 0.1201923076923077, 0.1201923076923077, 0.1201923076923077, 0.1201923076923077, 0.1201923076923077, 0.1201923076923077, 0.1201923076923077, 0.1201923076923077, 0.1201923076923077, 0.1201923076923077, 0.1201923076923077, 0.1201923076923077, 0.1201923076923077, 0.1201923076923077, 0.1201923076923077, 0.1201923076923077, 0.1201923076923077, 0.1201923076923077, 0.1201923076923077, 0.1201923076923077, 0.1201923076923077, 0.1201923076923077, 0.1201923076923077, 0.1201923076923077, 0.1201923076923077, 0.1201923076923077, 0.1201923076923077, 0.1201923076923077, 0.1201923076923077, 0.1201923076923077, 0.1201923076923077, 0.1201923076923077, 0.1201923076923077, 0.1201923076923077, 0.1201923076923077, 0.1201923076923077, 0.1201923076923077, 0.1201923076923077, 0.1201923076923077, 0.1201923076923077, 0.1201923076923077]},