{"train": {"loss": [1.630012900741012, 1.456837777738218, 1.3038260186160053, 1.1853199711552374, 1.0817567220440618, 1.008126261057677, 0.9322599150516369, 0.8640880540565208, 0.788903311446861, 0.7378469109535217, 0.7122509578863779, 0.6526345180140601, 0.6180120121549677, 0.587145538241775, 0.5818544802842317, 0.5363766771775705, 0.5153089121535972, 0.49680390733259694, 0.480075948216297, 0.46533624993430245, 0.4521000208678069, 0.4402709228021127, 0.45327562535250626, 0.41980123354329, 0.43472446777202467, 0.4029780129591624, 0.3959869035968074, 0.3893131012165988, 0.40735376322710953, 0.4115022412604756, 0.3727337991197904, 0.36789489206340575, 0.36348304676788823, 0.3593690290495201, 0.37908161210793034, 0.351673757036527, 0.34810141032492675, 0.3447633769225191, 0.3414086773991585, 0.33839215752151275, 0.33566810107893413, 0.3332493550799511, 0.3311566073033545, 0.35100342360911546, 0.3261009661687745, 0.3239207546468134, 0.3438081407436618, 0.3416952148631767, 0.33954089217715794, 0.3162640266948276, 0.3146318892637889, 0.35035990206179796, 0.31134989692105186, 0.30991702885539446, 0.3293988558429259, 0.30717839466200936, 0.3269506822581644, 0.32565340979231727, 0.32433108681881867, 0.3029659326981615, 0.30174205010687866, 0.3007508935751738, 0.2998627887831794, 0.299109718589871, 0.3178753403049928, 0.3175387567392102, 0.3171461428757067, 0.2960603615200078, 0.29562574487041543, 0.2946963279887482, 0.293965512127788, 0.2935596185701865, 0.2931627708452719, 0.29280682542809733, 0.312081936608862, 0.29186754259798264, 0.29151247828095045, 0.29100113058531724, 0.29077837505826243, 0.30926196718657456, 0.2898074534756166, 0.2897804663689048, 0.3084424764469818, 0.28904291545903243, 0.28892093317376244, 0.2887379052462401, 0.3076705397279174, 0.288050817946593, 0.28777774009439683, 0.2873685784913875, 0.28707077464571706, 0.28702895564061626, 0.30595318835090707, 0.28690319246164075, 0.3056347426716928, 0.28684724439625386, 0.2867111770643128, 0.28665862467001985, 0.2862145354350408, 0.2857317516097316], "accuracy": [0.9330943847072879, 0.9330943847072879, 0.9330943847072879, 0.9330943847072879, 0.9330943847072879, 0.9330943847072879, 0.9330943847072879, 0.9330943847072879, 0.9330943847072879, 0.9330943847072879, 0.9330943847072879, 0.9330943847072879, 0.9330943847072879, 0.9330943847072879, 0.9330943847072879, 0.9330943847072879, 0.9330943847072879, 0.9330943847072879, 0.9330943847072879, 0.9330943847072879, 0.9330943847072879, 0.9330943847072879, 0.9330943847072879, 0.9330943847072879, 0.9330943847072879, 0.9330943847072879, 0.9330943847072879, 0.9330943847072879, 0.9330943847072879, 0.9330943847072879, 0.9330943847072879, 0.9330943847072879, 0.9330943847072879, 0.9330943847072879, 0.9330943847072879, 0.9330943847072879, 0.9330943847072879, 0.9330943847072879, 0.9330943847072879, 0.9330943847072879, 0.9330943847072879, 0.9330943847072879, 0.9330943847072879, 0.9330943847072879, 0.9330943847072879, 0.9330943847072879, 0.9330943847072879, 0.9330943847072879, 0.9330943847072879, 0.9330943847072879, 0.9330943847072879, 0.9330943847072879, 0.9330943847072879, 0.9330943847072879, 0.9330943847072879, 0.9330943847072879, 0.9330943847072879, 0.9330943847072879, 0.9330943847072879, 0.9330943847072879, 0.9330943847072879, 0.9330943847072879, 0.9330943847072879, 0.9330943847072879, 0.9330943847072879, 0.9330943847072879, 0.9330943847072879, 0.9330943847072879, 0.9330943847072879, 0.9330943847072879, 0.9330943847072879, 0.9330943847072879, 0.9330943847072879, 0.9330943847072879, 0.9330943847072879, 0.9330943847072879, 0.9330943847072879, 0.9330943847072879, 0.9330943847072879, 0.9330943847072879, 0.9330943847072879, 0.9330943847072879, 0.9330943847072879, 0.9330943847072879, 0.9330943847072879, 0.9330943847072879, 0.9330943847072879, 0.9330943847072879, 0.9330943847072879, 0.9330943847072879, 0.9330943847072879, 0.9330943847072879, 0.9330943847072879, 0.9330943847072879, 0.9330943847072879, 0.9330943847072879, 0.9330943847072879, 0.9330943847072879, 0.9330943847072879, 0.9330943847072879], "f1": [0.12067367119901112, 0.12067367119901112, 0.12067367119901112, 0.12067367119901112, 0.12067367119901112, 0.12067367119901112, 0.12067367119901112, 0.12067367119901112, 0.12067367119901112, 0.12067367119901112, 0.12067367119901112, 0.12067367119901112, 0.12067367119901112, 0.12067367119901112, 0.12067367119901112, 0.12067367119901112, 0.12067367119901112, 0.12067367119901112, 0.12067367119901112, 0.12067367119901112, 0.12067367119901112, 0.12067367119901112, 0.12067367119901112, 0.12067367119901112, 0.12067367119901112, 0.12067367119901112, 0.12067367119901112, 0.12067367119901112, 0.12067367119901112, 0.12067367119901112, 0.12067367119901112, 0.12067367119901112, 0.12067367119901112, 0.12067367119901112, 0.12067367119901112, 0.12067367119901112, 0.12067367119901112, 0.12067367119901112, 0.12067367119901112, 0.12067367119901112, 0.12067367119901112, 0.12067367119901112, 0.12067367119901112, 0.12067367119901112, 0.12067367119901112, 0.12067367119901112, 0.12067367119901112, 0.12067367119901112, 0.12067367119901112, 0.12067367119901112, 0.12067367119901112, 0.12067367119901112, 0.12067367119901112, 0.12067367119901112, 0.12067367119901112, 0.12067367119901112, 0.12067367119901112, 0.12067367119901112, 0.12067367119901112, 0.12067367119901112, 0.12067367119901112, 0.12067367119901112, 0.12067367119901112, 0.12067367119901112, 0.12067367119901112, 0.12067367119901112, 0.12067367119901112, 0.12067367119901112, 0.12067367119901112, 0.12067367119901112, 0.12067367119901112, 0.12067367119901112, 0.12067367119901112, 0.12067367119901112, 0.12067367119901112, 0.12067367119901112, 0.12067367119901112, 0.12067367119901112, 0.12067367119901112, 0.12067367119901112, 0.12067367119901112, 0.12067367119901112, 0.12067367119901112, 0.12067367119901112, 0.12067367119901112, 0.12067367119901112, 0.12067367119901112, 0.12067367119901112, 0.12067367119901112, 0.12067367119901112, 0.12067367119901112, 0.12067367119901112, 0.12067367119901112, 0.12067367119901112, 0.12067367119901112, 0.12067367119901112, 0.12067367119901112, 0.12067367119901112, 0.12067367119901112, 0.12067367119901112]},