{"train": {"loss": [1.8426639592206036, 1.6700800657272339, 1.542052525061148, 1.4192926662939567, 1.3085886946430914, 1.220366292529636, 1.1312208241886563, 1.0393896323663216, 0.9829786088731554, 0.9127904375394186, 0.839884289988765, 0.7856024150495176, 0.7369416267783554, 0.6941880716217889, 0.6554125437030086, 0.6210801678675192, 0.5904330887176372, 0.5645361906952329, 0.5397078560458289, 0.5186427224565435, 0.4993909387676804, 0.49868114237432126, 0.4656217131349776, 0.4517656354992478, 0.4752642446094089, 0.44631993108325535, 0.4356251855691274, 0.4264069464471605, 0.4179563268467232, 0.3917803482876884, 0.40402418099067827, 0.37898297276761794, 0.3734275522055449, 0.36844879554377663, 0.3638972540696462, 0.3596419973505868, 0.38701739465748825, 0.3523855399754312, 0.34910603916203536, 0.3461201836665471, 0.3434693564971288, 0.34090011925609026, 0.33848817894856137, 0.33650960662850626, 0.35389514957313184, 0.35198523269759285, 0.3308057911969997, 0.32909037697094456, 0.32743561930126613, 0.3260420130358802, 0.32463390435333606, 0.3232215300754265, 0.32197091700854125, 0.3207839225177412, 0.3196801281085721, 0.318660130655324, 0.33664920760525596, 0.33573143625700913, 0.3158648193434433, 0.315002826904809, 0.3330246325996187, 0.3135186047465713, 0.35032406752860107, 0.33084307583393874, 0.3114299111896091, 0.3293815368303546, 0.31023509414107714, 0.3097578720362098, 0.3278096475534969, 0.34833192825317383, 0.30825824152540277, 0.3078597946851342, 0.32594744778341717, 0.30698289446256777, 0.32501352578401566, 0.3062503111583215, 0.3422968809803327, 0.3054981369663168, 0.3052047419327277, 0.30486681947001704, 0.3045323888460795, 0.30430248545275795, 0.32207978544411836, 0.3038487591677242, 0.303619979708283, 0.3033761412457184, 0.30316104491551715, 0.3207514672367661, 0.30265438501481656, 0.33819097611639237, 0.32005620278694014, 0.3199048787355423, 0.3019416969683435, 0.301840501802939, 0.301664672240063, 0.30153475922566875, 0.31930852708993135, 0.3013042470923177, 0.31874336026332994, 0.30096925684699305], "accuracy": [0.927120669056153, 0.927120669056153, 0.927120669056153, 0.927120669056153, 0.927120669056153, 0.927120669056153, 0.927120669056153, 0.927120669056153, 0.927120669056153, 0.927120669056153, 0.927120669056153, 0.927120669056153, 0.927120669056153, 0.927120669056153, 0.927120669056153, 0.927120669056153, 0.927120669056153, 0.927120669056153, 0.927120669056153, 0.927120669056153, 0.927120669056153, 0.927120669056153, 0.927120669056153, 0.927120669056153, 0.927120669056153, 0.927120669056153, 0.927120669056153, 0.927120669056153, 0.927120669056153, 0.927120669056153, 0.927120669056153, 0.927120669056153, 0.927120669056153, 0.927120669056153, 0.927120669056153, 0.927120669056153, 0.927120669056153, 0.927120669056153, 0.927120669056153, 0.927120669056153, 0.927120669056153, 0.927120669056153, 0.927120669056153, 0.927120669056153, 0.927120669056153, 0.927120669056153, 0.927120669056153, 0.927120669056153, 0.927120669056153, 0.927120669056153, 0.927120669056153, 0.927120669056153, 0.927120669056153, 0.927120669056153, 0.927120669056153, 0.927120669056153, 0.927120669056153, 0.927120669056153, 0.927120669056153, 0.927120669056153, 0.927120669056153, 0.927120669056153, 0.927120669056153, 0.927120669056153, 0.927120669056153, 0.927120669056153, 0.927120669056153, 0.927120669056153, 0.927120669056153, 0.927120669056153, 0.927120669056153, 0.927120669056153, 0.927120669056153, 0.927120669056153, 0.927120669056153, 0.927120669056153, 0.927120669056153, 0.927120669056153, 0.927120669056153, 0.927120669056153, 0.927120669056153, 0.927120669056153, 0.927120669056153, 0.927120669056153, 0.927120669056153, 0.927120669056153, 0.927120669056153, 0.927120669056153, 0.927120669056153, 0.927120669056153, 0.927120669056153, 0.927120669056153, 0.927120669056153, 0.927120669056153, 0.927120669056153, 0.927120669056153, 0.927120669056153, 0.927120669056153, 0.927120669056153, 0.927120669056153], "f1": [0.12027278363298202, 0.12027278363298202, 0.12027278363298202, 0.12027278363298202, 0.12027278363298202, 0.12027278363298202, 0.12027278363298202, 0.12027278363298202, 0.12027278363298202, 0.12027278363298202, 0.12027278363298202, 0.12027278363298202, 0.12027278363298202, 0.12027278363298202, 0.12027278363298202, 0.12027278363298202, 0.12027278363298202, 0.12027278363298202, 0.12027278363298202, 0.12027278363298202, 0.12027278363298202, 0.12027278363298202, 0.12027278363298202, 0.12027278363298202, 0.12027278363298202, 0.12027278363298202, 0.12027278363298202, 0.12027278363298202, 0.12027278363298202, 0.12027278363298202, 0.12027278363298202, 0.12027278363298202, 0.12027278363298202, 0.12027278363298202, 0.12027278363298202, 0.12027278363298202, 0.12027278363298202, 0.12027278363298202, 0.12027278363298202, 0.12027278363298202, 0.12027278363298202, 0.12027278363298202, 0.12027278363298202, 0.12027278363298202, 0.12027278363298202, 0.12027278363298202, 0.12027278363298202, 0.12027278363298202, 0.12027278363298202, 0.12027278363298202, 0.12027278363298202, 0.12027278363298202, 0.12027278363298202, 0.12027278363298202, 0.12027278363298202, 0.12027278363298202, 0.12027278363298202, 0.12027278363298202, 0.12027278363298202, 0.12027278363298202, 0.12027278363298202, 0.12027278363298202, 0.12027278363298202, 0.12027278363298202, 0.12027278363298202, 0.12027278363298202, 0.12027278363298202, 0.12027278363298202, 0.12027278363298202, 0.12027278363298202, 0.12027278363298202, 0.12027278363298202, 0.12027278363298202, 0.12027278363298202, 0.12027278363298202, 0.12027278363298202, 0.12027278363298202, 0.12027278363298202, 0.12027278363298202, 0.12027278363298202, 0.12027278363298202, 0.12027278363298202, 0.12027278363298202, 0.12027278363298202, 0.12027278363298202, 0.12027278363298202, 0.12027278363298202, 0.12027278363298202, 0.12027278363298202, 0.12027278363298202, 0.12027278363298202, 0.12027278363298202, 0.12027278363298202, 0.12027278363298202, 0.12027278363298202, 0.12027278363298202, 0.12027278363298202, 0.12027278363298202, 0.12027278363298202, 0.12027278363298202]},