{"train": {"loss": [1.8804437937559906, 1.6953039213463112, 1.5416456460952759, 1.4237659639782376, 1.304326543101558, 1.2202312328197338, 1.1131627316828128, 1.026818871498108, 0.9476178729975665, 0.8779690000745985, 0.8167361926149439, 0.763056461457853, 0.714274490321124, 0.6709925907629507, 0.6326014145656869, 0.5988324273515631, 0.5680280570630674, 0.5415884035604971, 0.5175611619596128, 0.4958392812146081, 0.47657724221547443, 0.45960343767095496, 0.4445251220906222, 0.43112211812425544, 0.43954632790000353, 0.40864750522154347, 0.3988978879319297, 0.4173370991592054, 0.38239493359018256, 0.4173981276927171, 0.38989151020844776, 0.3625878470915335, 0.3782987611161338, 0.3518058392736647, 0.34711327872894426, 0.34270361093459306, 0.38180287347899544, 0.35643890224121233, 0.3312797714714651, 0.37135838330895815, 0.3250600060930959, 0.32228743064182774, 0.3196018851465649, 0.3603336380587684, 0.3514446743108608, 0.3124200825889905, 0.31019847757286495, 0.3081732803472766, 0.32744965233184675, 0.3044136999933808, 0.32386624150806004, 0.32213609913984936, 0.3205397551258405, 0.2980787828564644, 0.29653842333290314, 0.35767028315199745, 0.31439437137709725, 0.2925734575147982, 0.29136241254983125, 0.3312299425403277, 0.2891568033783524, 0.28814285883197077, 0.2870478737685416, 0.28599692191238757, 0.30529916921147593, 0.2842283596595128, 0.28342096645523, 0.282269191134859, 0.281619057059288, 0.30055346063993593, 0.3000492541878312, 0.299288981490665, 0.27872278955247665, 0.27812477228818117, 0.2969684374553186, 0.29636854981934585, 0.2766993644612807, 0.2955148473933891, 0.27575833571177943, 0.2946862158951936, 0.27493283373338206, 0.2744095187496256, 0.2739853800998794, 0.2736496878442941, 0.27334930789139533, 0.2729037588945142, 0.2724894431454164, 0.2722060801806273, 0.2719523713544563, 0.27158661421250413, 0.3145247181808507, 0.27096441443319674, 0.28942593656204363, 0.2704484624167283, 0.27026662768589127, 0.2701250180878021, 0.2699495053125752, 0.3304817175699605, 0.2693527680304315, 0.26917408406734467], "accuracy": [0.9342891278375149, 0.9342891278375149, 0.9342891278375149, 0.9342891278375149, 0.9342891278375149, 0.9342891278375149, 0.9342891278375149, 0.9342891278375149, 0.9342891278375149, 0.9342891278375149, 0.9342891278375149, 0.9342891278375149, 0.9342891278375149, 0.9342891278375149, 0.9342891278375149, 0.9342891278375149, 0.9342891278375149, 0.9342891278375149, 0.9342891278375149, 0.9342891278375149, 0.9342891278375149, 0.9342891278375149, 0.9342891278375149, 0.9342891278375149, 0.9342891278375149, 0.9342891278375149, 0.9342891278375149, 0.9342891278375149, 0.9342891278375149, 0.9342891278375149, 0.9342891278375149, 0.9342891278375149, 0.9342891278375149, 0.9342891278375149, 0.9342891278375149, 0.9342891278375149, 0.9342891278375149, 0.9342891278375149, 0.9342891278375149, 0.9342891278375149, 0.9342891278375149, 0.9342891278375149, 0.9342891278375149, 0.9342891278375149, 0.9342891278375149, 0.9342891278375149, 0.9342891278375149, 0.9342891278375149, 0.9342891278375149, 0.9342891278375149, 0.9342891278375149, 0.9342891278375149, 0.9342891278375149, 0.9342891278375149, 0.9342891278375149, 0.9342891278375149, 0.9342891278375149, 0.9342891278375149, 0.9342891278375149, 0.9342891278375149, 0.9342891278375149, 0.9342891278375149, 0.9342891278375149, 0.9342891278375149, 0.9342891278375149, 0.9342891278375149, 0.9342891278375149, 0.9342891278375149, 0.9342891278375149, 0.9342891278375149, 0.9342891278375149, 0.9342891278375149, 0.9342891278375149, 0.9342891278375149, 0.9342891278375149, 0.9342891278375149, 0.9342891278375149, 0.9342891278375149, 0.9342891278375149, 0.9342891278375149, 0.9342891278375149, 0.9342891278375149, 0.9342891278375149, 0.9342891278375149, 0.9342891278375149, 0.9342891278375149, 0.9342891278375149, 0.9342891278375149, 0.9342891278375149, 0.9342891278375149, 0.9342891278375149, 0.9342891278375149, 0.9342891278375149, 0.9342891278375149, 0.9342891278375149, 0.9342891278375149, 0.9342891278375149, 0.9342891278375149, 0.9342891278375149, 0.9342891278375149], "f1": [0.1610047354333951, 0.1610047354333951, 0.1610047354333951, 0.1610047354333951, 0.1610047354333951, 0.1610047354333951, 0.1610047354333951, 0.1610047354333951, 0.1610047354333951, 0.1610047354333951, 0.1610047354333951, 0.1610047354333951, 0.1610047354333951, 0.1610047354333951, 0.1610047354333951, 0.1610047354333951, 0.1610047354333951, 0.1610047354333951, 0.1610047354333951, 0.1610047354333951, 0.1610047354333951, 0.1610047354333951, 0.1610047354333951, 0.1610047354333951, 0.1610047354333951, 0.1610047354333951, 0.1610047354333951, 0.1610047354333951, 0.1610047354333951, 0.1610047354333951, 0.1610047354333951, 0.1610047354333951, 0.1610047354333951, 0.1610047354333951, 0.1610047354333951, 0.1610047354333951, 0.1610047354333951, 0.1610047354333951, 0.1610047354333951, 0.1610047354333951, 0.1610047354333951, 0.1610047354333951, 0.1610047354333951, 0.1610047354333951, 0.1610047354333951, 0.1610047354333951, 0.1610047354333951, 0.1610047354333951, 0.1610047354333951, 0.1610047354333951, 0.1610047354333951, 0.1610047354333951, 0.1610047354333951, 0.1610047354333951, 0.1610047354333951, 0.1610047354333951, 0.1610047354333951, 0.1610047354333951, 0.1610047354333951, 0.1610047354333951, 0.1610047354333951, 0.1610047354333951, 0.1610047354333951, 0.1610047354333951, 0.1610047354333951, 0.1610047354333951, 0.1610047354333951, 0.1610047354333951, 0.1610047354333951, 0.1610047354333951, 0.1610047354333951, 0.1610047354333951, 0.1610047354333951, 0.1610047354333951, 0.1610047354333951, 0.1610047354333951, 0.1610047354333951, 0.1610047354333951, 0.1610047354333951, 0.1610047354333951, 0.1610047354333951, 0.1610047354333951, 0.1610047354333951, 0.1610047354333951, 0.1610047354333951, 0.1610047354333951, 0.1610047354333951, 0.1610047354333951, 0.1610047354333951, 0.1610047354333951, 0.1610047354333951, 0.1610047354333951, 0.1610047354333951, 0.1610047354333951, 0.1610047354333951, 0.1610047354333951, 0.1610047354333951, 0.1610047354333951, 0.1610047354333951, 0.1610047354333951]},