{"train": {"accuracy": [0.7007147606382979, 0.7007298718568665, 0.7007298718568665], "f1_score": [0.6050633223441411, 0.6051391450238501, 0.604845570418229], "precision": [0.6286367715189797, 0.6289397118142459, 0.6286117651451953], "recall": [0.7570936377452407, 0.7571540826195188, 0.757154082619516], "loss": [1.5463308095932007, 1.4134443998336792, 1.3499428033828735]}, "validation": {"accuracy": [0.6925162689804772, 0.6925162689804772, 0.6925162689804772], "f1_score": [0.5968105739754048, 0.5968105739754048, 0.5968105739754048], "precision": [0.6234737424380148, 0.6234737424380148, 0.6234737424380148], "recall": [0.749922528664395, 0.749922528664395, 0.749922528664395], "loss": [1.5481337308883667, 1.4194786548614502, 1.3586539030075073]}}