{"train": {"loss": [0.4141196200418749, 0.3212590817888078, 0.289307907284949, 0.27098547410565776, 0.2439605869925662, 0.2310343428804923, 0.22292305795364153, 0.22562567172373862, 0.21432881115627703, 0.21423706080858204, 0.6017390369947431, 0.20627711448868885, 0.20131773301679462, 0.1960458164958993, 0.19624636718387242], "accuracy": [0.9242307459799298, 0.9253944504896626, 0.9285530770160803, 0.9293238423407085, 0.9441875226695684, 0.944837383629549, 0.9475123926973764, 0.945283218474187, 0.9479355579736428, 0.9491899407568614, 0.743894329585298, 0.9502100713335752, 0.950943054044251, 0.9530437673800024, 0.95220499335026], "f1": [0.6870669063647642, 0.7341652802959535, 0.8346944792365242, 0.8126753598730885, 0.8827437365713511, 0.8927156919408534, 0.9038864027128839, 0.8769150794904386, 0.907209772279749, 0.8809458317765435, 0.3959906676369921, 0.915041729788455, 0.9178452772205271, 0.9232992075292423, 0.9203869689465461]}, "validation": {"loss": [0.41500792152437815, 0.3218766785029209, 0.28800301008668294, 0.2705410569583699, 0.23993652425222584, 0.22682216374840572, 0.21756763540176086, 0.22238341331868977, 0.20912436566827616, 0.2103622637011788, 0.6211184976517639, 0.20281525148135243, 0.19995015932174473, 0.1947215659568062, 0.19397753513381852], "accuracy": [0.9245526030368764, 0.925027114967462, 0.9290943600867679, 0.9293655097613883, 0.9466513015184381, 0.9476681127982647, 0.9493627982646421, 0.9473291757049892, 0.9504473969631236, 0.9510574837310195, 0.7351545553145337, 0.9502440347071583, 0.9506507592190889, 0.9543790672451193, 0.9536334056399133], "f1": [0.6892813450416042, 0.7350854955240897, 0.8402061603189244, 0.8192504442712865, 0.9006340384005707, 0.9097256734971808, 0.9136362615659237, 0.8886414559114573, 0.9348066625269731, 0.8935788246192893, 0.39351562260826467, 0.9318761545397896, 0.9233605608501179, 0.9457300350268829, 0.9432387944816747]}}