{"train": {"accuracy": [0.9335333051257253, 0.942131588491296, 0.9457809477756286], "f1_score": [0.9201473446777927, 0.9287926994425199, 0.9334588780316319], "precision": [0.9195640546929791, 0.9263515863242074, 0.9308345312059862], "recall": [0.931210978505095, 0.9447847481472855, 0.9490780271748087], "loss": [0.5124427676200867, 0.40559062361717224, 0.3610648512840271]}, "validation": {"accuracy": [0.9335683297180043, 0.9457700650759219, 0.9480070498915402], "f1_score": [0.9204469579863646, 0.9334802283674702, 0.9359790517265549], "precision": [0.9197906349016794, 0.9307223042389514, 0.9333299308612046], "recall": [0.9303631973414483, 0.9488274195654304, 0.9516895872321346], "loss": [0.5057105422019958, 0.3903605043888092, 0.3507775068283081]}}