{"train": {"accuracy": [0.9541223404255319, 0.9538805609284333, 0.9544472316247582, 0.9544850096711799], "f1_score": [0.9462606618054029, 0.9457982005928107, 0.9459392772787141, 0.9468891587975429], "precision": [0.948556302440463, 0.9476885813723064, 0.9482820587586036, 0.9486618540305393], "recall": [0.9497675564578786, 0.9500765542385438, 0.949957036624731, 0.9511980206877644], "loss": [0.23184417188167572, 0.2313695102930069, 0.22893786430358887, 0.22767776250839233]}, "validation": {"accuracy": [0.9560737527114967, 0.9551247288503254, 0.9551247288503254, 0.9555992407809111], "f1_score": [0.9479558168005034, 0.9470080293614207, 0.9471925296113737, 0.9477805831223566], "precision": [0.9483612051734073, 0.9471607076725664, 0.9476900802111333, 0.9481923947129303], "recall": [0.952755052791086, 0.9520661667320498, 0.9521649573142498, 0.9527570136307545], "loss": [0.23082809150218964, 0.23183268308639526, 0.22923606634140015, 0.2288409322500229]}}