{"train": {"accuracy": [0.9472769584139265, 0.9515609888781431, 0.9527925531914894], "f1_score": [0.9385956998871094, 0.9428174167225827, 0.9448541658519422], "precision": [0.9418922849473189, 0.945696586366824, 0.9485383385084029], "recall": [0.9429796089651844, 0.9464537018033895, 0.9477523997665287], "loss": [0.26743072271347046, 0.24914678931236267, 0.24466951191425323]}, "validation": {"accuracy": [0.9484137744034707, 0.9526843817787418, 0.9530233188720173], "f1_score": [0.9404089002909908, 0.9449858705878487, 0.9460473603381674], "precision": [0.9445936643478279, 0.9483003330321839, 0.9498182607393097], "recall": [0.9447191443584583, 0.9489750264306889, 0.9494786533099541], "loss": [0.26906999945640564, 0.25237590074539185, 0.24862129986286163]}}