{"train": {"accuracy": [0.9540996735976789, 0.9549232350096711, 0.9547947896518375, 0.9554672388781431], "f1_score": [0.9459384732729808, 0.946721988927052, 0.9467245786618044, 0.9475819835555584], "precision": [0.9474914450793073, 0.948804089363925, 0.9489303411121381, 0.9497292909170368], "recall": [0.950373384915195, 0.9506325864122398, 0.9506811139004258, 0.9511499179718454], "loss": [0.23132315278053284, 0.22907491028308868, 0.227275550365448, 0.22581468522548676]}, "validation": {"accuracy": [0.9561415401301518, 0.9558703904555315, 0.9557348156182213, 0.9562093275488069], "f1_score": [0.9482220928125462, 0.9478374459501594, 0.9476352142862223, 0.9482604866891207], "precision": [0.9483193474822745, 0.9479833163114884, 0.9480170630620232, 0.9488023983628746], "recall": [0.9532069282279677, 0.9527376198524731, 0.9523311408242842, 0.9526714432783605], "loss": [0.23084701597690582, 0.23049670457839966, 0.228563129901886, 0.22761687636375427]}}