{"train": {"loss": [0.2587606755951762, 0.21342873595370343, 0.19794180954363363, 0.18628719943346783, 0.18119126350962966, 0.1743802643282883, 0.17308116349845593, 0.1716105050663599, 0.17597601524165993, 0.16514899771448002], "accuracy": [0.9206262846088744, 0.9337670777415065, 0.9389961915125136, 0.9394042437431991, 0.9381498609599807, 0.9408324265505985, 0.9430087051142546, 0.9408399830733889, 0.9384974610083424, 0.9420414701970741], "f1": [0.8208784470658814, 0.9062120997640233, 0.9253594925220454, 0.926061512905751, 0.9244641970435953, 0.9309443631638372, 0.9377201662538446, 0.93268556512196, 0.9291018535036961, 0.9350105371588733]}, "validation": {"loss": [0.2620560495655604, 0.21225583068460807, 0.19526442208220282, 0.18291151790663504, 0.17764869731509506, 0.1697112468481387, 0.16911787593458455, 0.1667531930281904, 0.17003632026548757, 0.15991649924577447], "accuracy": [0.9191973969631236, 0.9339750542299349, 0.9427874186550976, 0.9426518438177874, 0.9417028199566161, 0.9436686550976139, 0.9440075921908894, 0.9436008676789588, 0.9418383947939263, 0.9440753796095445], "f1": [0.8196072965379729, 0.902613811185695, 0.9334883285642714, 0.9340454766009525, 0.9318086636351757, 0.9382059027686541, 0.9403142854567782, 0.9385466126439406, 0.9359310567638754, 0.9399718668932392]}}