{"train": {"loss": [0.4165180220306496, 0.3326778486262956, 0.3143464505449082, 0.2893361115802937, 0.26450724311792645, 0.24531353568762715, 0.23642801918716277, 0.2279594922492306, 0.2224602143206351, 0.21770181110924977, 0.21285328947951587, 0.20808655001777918, 0.21689383543998983, 0.21431063597470637, 0.19676234749302526], "accuracy": [0.9235733284971588, 0.9253415548301294, 0.9255153548543102, 0.9298376858904607, 0.9422454963124168, 0.9454570184983678, 0.943605670414702, 0.9462353403457865, 0.9464847055978721, 0.9469834361020433, 0.9475728448797002, 0.9472705839680813, 0.9465980534397291, 0.9496131060331278, 0.9522503324870027], "f1": [0.6862864063325083, 0.6882422086375541, 0.6885059504903802, 0.6906220357399151, 0.726428618079525, 0.895024746711552, 0.8342321916305785, 0.8891539411187337, 0.8957431500260449, 0.8988540794811136, 0.8986787363583268, 0.9024670324584565, 0.850718152844498, 0.8729733991920846, 0.9080288996982251]}, "validation": {"loss": [0.41497368407455876, 0.3338991285531552, 0.313619803330857, 0.2880191473346768, 0.2648831175809557, 0.24546160721482135, 0.23598272535643536, 0.2273862547366134, 0.21997269605854888, 0.21504888191690177, 0.20877146248371053, 0.20593160163466032, 0.21445393054322762, 0.21088809974781877, 0.19608647384362304], "accuracy": [0.9243492407809111, 0.9248915401301518, 0.9249593275488069, 0.9320770065075922, 0.9435330802603037, 0.9464479392624728, 0.9440075921908894, 0.9474647505422994, 0.9466513015184381, 0.9473969631236443, 0.949295010845987, 0.9490238611713666, 0.9470580260303688, 0.9498373101952278, 0.952074295010846], "f1": [0.689103072650991, 0.6896952944445929, 0.6899205226306306, 0.6935544137093745, 0.7322521180991355, 0.8915226139140635, 0.839395156686816, 0.9001974664406317, 0.8865173924433791, 0.8992011622033345, 0.9050906928366327, 0.9226109933122246, 0.8648497368139989, 0.8835651091953063, 0.9114924909466045]}}