{"train": {"accuracy": [0.6999138660541586, 0.7066761363636364, 0.7057014627659575], "f1_score": [0.6051352703829994, 0.6464975009776451, 0.6485625428649241], "precision": [0.6292661974145544, 0.6607709688858676, 0.6621369909332087], "recall": [0.7575944667035185, 0.7198984526112107, 0.7155174568339453], "loss": [0.9883145093917847, 0.9684100151062012, 0.9548966884613037]}, "validation": {"accuracy": [0.6925162689804772, 0.6973969631236443, 0.6959734273318872], "f1_score": [0.5968105739754048, 0.6361981173860316, 0.6375109193670072], "precision": [0.6234737424380148, 0.6520264592722822, 0.6524085492214987], "recall": [0.749922528664395, 0.7101896657211191, 0.7059016670242266], "loss": [0.9952372908592224, 0.9745620489120483, 0.9605304598808289]}}