{"train": {"accuracy": [0.7291767408123792, 0.7355007857833655, 0.7364603481624759], "f1_score": [0.711830067535066, 0.7091178466816962, 0.7104689530407101], "precision": [0.7379177943118169, 0.7234000822222468, 0.7254589676961339], "recall": [0.7134985140250564, 0.7242424578315818, 0.7238695117054005], "loss": [0.8904297947883606, 0.8891910910606384, 0.8877336382865906]}, "validation": {"accuracy": [0.7230206073752712, 0.7262744034707158, 0.7274267895878525], "f1_score": [0.7060981190349012, 0.6997670106049392, 0.701649103592399], "precision": [0.7304450438171356, 0.713421914426682, 0.7161443396891173], "recall": [0.7085406579441289, 0.7160873614101221, 0.7158854329487517], "loss": [0.8963306546211243, 0.8963021636009216, 0.8947831392288208]}}