{"train": {"loss": [0.2857434975678674, 0.24425763272945147, 0.23775224983818266, 0.23711945398528728, 0.2316385577549902, 0.23043052693900995, 0.22730256706238428, 0.22608410161370465, 0.22503384899589407, 0.22474549474677422, 0.22554305336767774, 0.2242176964513352, 0.22394169205925796, 0.22472904332259552, 0.22449085434062885, 0.2241699097059285, 0.22384557529934457, 0.22507527133997537, 0.22449501193843682, 0.2243296906083635], "accuracy": [0.9144903881030105, 0.91879760609358, 0.91879760609358, 0.91879760609358, 0.91879760609358, 0.91879760609358, 0.91879760609358, 0.91879760609358, 0.91879760609358, 0.91879760609358, 0.91879760609358, 0.91879760609358, 0.91879760609358, 0.91879760609358, 0.91879760609358, 0.91879760609358, 0.91879760609358, 0.91879760609358, 0.91879760609358, 0.91879760609358], "f1": [0.8136317400888937, 0.8190960548106727, 0.8190960548106727, 0.8190960548106727, 0.8190960548106727, 0.8190960548106727, 0.8190960548106727, 0.8190960548106727, 0.8190960548106727, 0.8190960548106727, 0.8190960548106727, 0.8190960548106727, 0.8190960548106727, 0.8190960548106727, 0.8190960548106727, 0.8190960548106727, 0.8190960548106727, 0.8190960548106727, 0.8190960548106727, 0.8190960548106727]}, "validation": {"loss": [0.2856487466301163, 0.2415100657532634, 0.23443560101851466, 0.23374061583018096, 0.22742374415899305, 0.22615515629795266, 0.22303692969026898, 0.22139568083844838, 0.22078350696252122, 0.2202895414609454, 0.22149309242818982, 0.2194697540536232, 0.21916083743444234, 0.22013976073413763, 0.22010143547280492, 0.21907746941336065, 0.2191244431906693, 0.2204586085570479, 0.21945005835492543, 0.21951461631861272], "accuracy": [0.91662147505423, 0.9197396963123644, 0.9197396963123644, 0.9197396963123644, 0.9197396963123644, 0.9197396963123644, 0.9197396963123644, 0.9197396963123644, 0.9197396963123644, 0.9197396963123644, 0.9197396963123644, 0.9197396963123644, 0.9197396963123644, 0.9197396963123644, 0.9197396963123644, 0.9197396963123644, 0.9197396963123644, 0.9197396963123644, 0.9197396963123644, 0.9197396963123644], "f1": [0.8159752904339785, 0.8203377879011086, 0.8203377879011086, 0.8203377879011086, 0.8203377879011086, 0.8203377879011086, 0.8203377879011086, 0.8203377879011086, 0.8203377879011086, 0.8203377879011086, 0.8203377879011086, 0.8203377879011086, 0.8203377879011086, 0.8203377879011086, 0.8203377879011086, 0.8203377879011086, 0.8203377879011086, 0.8203377879011086, 0.8203377879011086, 0.8203377879011086]}}