{"train": {"loss": [0.23714103824431995, 0.21402174402460658, 0.20130845420404808, 0.19513186305487526, 0.18965381993804076, 0.1881227194907133, 0.18510339737102405, 0.18390841512491377, 0.18251307751615017, 0.18216030718139473, 0.18087168365047715, 0.18014840768718626, 0.17953431239820894, 0.18020214531498618, 0.17804008648065198, 0.17747562430547711, 0.17760001779831153, 0.17691452140598765, 0.1761937174059782, 0.1759993396408953], "accuracy": [0.9116264659654214, 0.917664127675009, 0.9245481199371297, 0.9262332245194052, 0.929444746705356, 0.9310542860597267, 0.9316436948373836, 0.9337897473098778, 0.9333363559424496, 0.9337973038326683, 0.9340920082214969, 0.934318703905211, 0.9346511909079918, 0.935149921412163, 0.9348854431144964, 0.9349383387740298, 0.9351045822754201, 0.9357242171442389, 0.9355806432112199, 0.9358526780316769], "f1": [0.8113421176916734, 0.8722381442386314, 0.9054849470511538, 0.9163268806608842, 0.9188816253683836, 0.9200467533392538, 0.9202240102455631, 0.9248582609581224, 0.9244001199519774, 0.9252860963913392, 0.9248455714908526, 0.9251391597642749, 0.9267524767407483, 0.9274747381389677, 0.9268784401539243, 0.9268482540068039, 0.9273937218204611, 0.9279173624408379, 0.9276660799452865, 0.9277923068696095]}, "validation": {"loss": [0.2370681296912812, 0.21559154891172613, 0.20269820490072193, 0.1962685548253923, 0.19036223250895803, 0.18830986409054143, 0.18475210379380855, 0.18309130916400224, 0.1820467580756306, 0.18162624542389283, 0.17990414047141007, 0.17911731819228274, 0.1786155840826429, 0.17871996770873505, 0.17683933283163966, 0.1764981745219024, 0.17684602739042934, 0.17587567616553085, 0.17502254427061165, 0.17491288982137812], "accuracy": [0.9116052060737527, 0.9187906724511931, 0.9250949023861171, 0.9269929501084598, 0.9313991323210412, 0.9328226681127982, 0.932687093275488, 0.93404284164859, 0.93404284164859, 0.9336361171366594, 0.93404284164859, 0.934652928416486, 0.9349240780911063, 0.936822125813449, 0.934652928416486, 0.9348562906724512, 0.9362120390455532, 0.9358731019522777, 0.9362120390455532, 0.9352630151843818], "f1": [0.8115077753632916, 0.8793304712795208, 0.9083097367581858, 0.9182970873397942, 0.9217352735338011, 0.9227376577552944, 0.9222334908845922, 0.9269304491239351, 0.926730549671249, 0.9268429206928812, 0.9263819675126514, 0.9270823261740803, 0.9288357322259314, 0.9313166117980435, 0.9285626146254418, 0.9286549964706367, 0.9302458270040423, 0.9300707353352822, 0.9302570162012602, 0.9288601241252417]}}