{"train": {"accuracy": [0.9510623186653772, 0.9523543278529981, 0.9517498791102514], "f1_score": [0.9424080305698069, 0.9437259482671907, 0.9433891717081134], "precision": [0.9439659858140867, 0.9460545837883236, 0.9457192132040365], "recall": [0.9474472508616358, 0.9479565952845589, 0.9474383167524951], "loss": [0.2612207531929016, 0.24805405735969543, 0.23685604333877563]}, "validation": {"accuracy": [0.9539723427331888, 0.9549891540130152, 0.9526165943600867], "f1_score": [0.9455171381279484, 0.9467739907719497, 0.9442563897565763], "precision": [0.9460010215696705, 0.9475045042443616, 0.9453634584854721], "recall": [0.9503836932924272, 0.9513209865328051, 0.9490200689663087], "loss": [0.25504034757614136, 0.2431546151638031, 0.23537857830524445]}}