{"train": {"loss": [0.42142250177016344, 0.31281687298382505, 0.29464385775233143, 0.2849505956102761, 0.28252810661859334, 0.2634277334724998, 0.24301630385018294, 0.22507497081370947, 0.23512463564525143, 0.21235173617487835, 0.2080112355770237, 0.202864837294131, 0.20017822617322667, 0.19832901933682612, 0.1926908630056296], "accuracy": [0.9242156329343489, 0.9259460766533671, 0.9285379639704994, 0.9285379639704994, 0.9321424253415548, 0.932784729778745, 0.9450943054044251, 0.9473839318099383, 0.9453361141337202, 0.9482302623624713, 0.9484267319550236, 0.9521672107363076, 0.9523939064200218, 0.9529455325837263, 0.9539127675009068], "f1": [0.6869188638678934, 0.68848304169158, 0.6895366630414883, 0.689570886906532, 0.8440937362101835, 0.8890782686110359, 0.880692298161712, 0.8901038557487303, 0.8833839214976309, 0.9120843102181612, 0.9129621000861943, 0.9168608654683035, 0.9209709050480881, 0.9253987786386979, 0.9290732075007447]}, "validation": {"loss": [0.4242802050722626, 0.31379165171415774, 0.29696801403190665, 0.2857162881465185, 0.2829233408619315, 0.2604109291067887, 0.2410792801125999, 0.22261508051064108, 0.232666210259323, 0.207374622069654, 0.20515163091225025, 0.1990439746674005, 0.19713461116859407, 0.19532380973944416, 0.19285996212297446], "accuracy": [0.9234002169197397, 0.9260439262472885, 0.9276708242950108, 0.9273996746203904, 0.9318736442516269, 0.9327548806941431, 0.9457022776572668, 0.9486849240780911, 0.9466513015184381, 0.9511930585683297, 0.9503796095444685, 0.9537689804772235, 0.9535656182212582, 0.9539723427331888, 0.9543790672451193], "f1": [0.6880134134113969, 0.6905586990030527, 0.6907624016670711, 0.6906115903934971, 0.8508507370220338, 0.8949696590272862, 0.8854267989739825, 0.8949672192943647, 0.8928064212784099, 0.9358835662957886, 0.9245799528051322, 0.939138297557385, 0.9418371326035164, 0.9390408504623663, 0.9439789026072793]}}