{"train": {"accuracy": [0.7367323500967118, 0.7383719173114119, 0.7360447896518375, 0.7381150265957447], "f1_score": [0.7111720282898241, 0.7124874091417974, 0.7106151269525651, 0.7122447539213267], "precision": [0.7272277520538757, 0.7271161215583922, 0.7264766976475662, 0.7272198846596893], "recall": [0.7241410941074173, 0.726890909315438, 0.7230888578425632, 0.726413570711314], "loss": [0.8874953985214233, 0.8874175548553467, 0.8872784972190857, 0.8871872425079346]}, "validation": {"accuracy": [0.7276979392624728, 0.72912147505423, 0.7273590021691974, 0.7287147505422994], "f1_score": [0.7023318549524429, 0.7033072200550546, 0.7022558591854562, 0.7029281257895167], "precision": [0.717188116335963, 0.7170487062954504, 0.7173429801256348, 0.7167968151527613], "recall": [0.7159562835327388, 0.7186145308040423, 0.7154589881023433, 0.7181851109673792], "loss": [0.8945366144180298, 0.894618034362793, 0.8942963480949402, 0.8943769335746765]}}