{"train": {"accuracy": [0.9546134550290135, 0.9546663442940039, 0.9546965667311412, 0.9548779013539652], "f1_score": [0.9466373074189157, 0.9469919550808551, 0.9469788898977455, 0.946876811341675], "precision": [0.949229086329941, 0.9501107744043441, 0.9498547746905617, 0.9493245516734777], "recall": [0.9500184173696987, 0.9500855410221614, 0.9500804851932698, 0.9507012246770705], "loss": [0.23381973803043365, 0.23176898062229156, 0.23069491982460022, 0.23010298609733582]}, "validation": {"accuracy": [0.9547180043383948, 0.9547180043383948, 0.9549891540130152, 0.9553958785249458], "f1_score": [0.9466503345128543, 0.9467291163837984, 0.9471384094290106, 0.9475244632998745], "precision": [0.9479749633600799, 0.9484574834389976, 0.9486675314427858, 0.9488907859741122], "recall": [0.9507957172533217, 0.9504003829100658, 0.9509806814512521, 0.9516930538269122], "loss": [0.2326064556837082, 0.23047606647014618, 0.2301701307296753, 0.23021869361400604]}}