{"train": {"loss": [0.4082316287236587, 0.37107174718172453, 0.3653571420282529, 0.36353570673474234, 0.3667483191731849, 0.3629858711503835, 0.36318802846166914, 0.3629928704709665, 0.36312342583646773, 0.36232187686131356, 0.36244112900521325, 0.3630657795063676, 0.36221615660294343, 0.36259011619830617, 0.36247607124194764, 0.364273371086663, 0.3621301677089718, 0.3617315346400327, 0.36317500261575475, 0.3616686899762608], "accuracy": [0.832607907145448, 0.8325625680087051, 0.8334844637891428, 0.8349655422560754, 0.8349957683472373, 0.8350108813928183, 0.8350108813928183, 0.8348597509370088, 0.8350108813928183, 0.8349957683472373, 0.8350108813928183, 0.8350108813928183, 0.8350108813928183, 0.8350108813928183, 0.8350108813928183, 0.8350108813928183, 0.8349806553016564, 0.8350108813928183, 0.8350411074839802, 0.8350259944383992], "f1": [0.740988812664293, 0.740983492404116, 0.7414420018712902, 0.7421847889298752, 0.742200114410684, 0.7422077696195302, 0.7422077696195302, 0.7421292425055827, 0.7422077696195302, 0.742200114410684, 0.7422077696195302, 0.7422077696195302, 0.7422077696195302, 0.7422077696195302, 0.7422077696195302, 0.7422077696195302, 0.7421924516204687, 0.7422077696195302, 0.7422230007826698, 0.7422153812943186]}, "validation": {"loss": [0.4102613753326027, 0.37737392782841744, 0.37030441949139964, 0.3693003470558924, 0.3744476487023711, 0.3694571706096676, 0.3687401367694851, 0.36857184198828424, 0.36832871835945485, 0.36844570874973903, 0.36870757664135634, 0.3699192636991788, 0.36788992173242463, 0.36789089113215306, 0.3691169386103329, 0.37156532480181426, 0.36787783913718386, 0.3679219616694202, 0.36798225642220317, 0.3673684314507466], "accuracy": [0.8258541214750542, 0.8258541214750542, 0.8269387201735358, 0.8289723427331888, 0.8289723427331888, 0.8289723427331888, 0.8289723427331888, 0.8287011930585684, 0.8289723427331888, 0.8289723427331888, 0.8289723427331888, 0.8289723427331888, 0.8289723427331888, 0.8289723427331888, 0.8289723427331888, 0.8289723427331888, 0.8289723427331888, 0.8289723427331888, 0.8289723427331888, 0.8289723427331888], "f1": [0.7356323971565533, 0.7356323971565533, 0.7361730597896775, 0.7371958756885434, 0.7371958756885434, 0.7371958756885434, 0.7371958756885434, 0.7370562170346188, 0.7371958756885434, 0.7371958756885434, 0.7371958756885434, 0.7371958756885434, 0.7371958756885434, 0.7371958756885434, 0.7371958756885434, 0.7371958756885434, 0.7371958756885434, 0.7371958756885434, 0.7371958756885434, 0.7371958756885434]}}