{"train": {"loss": [0.2862991859444653, 0.22710263533823957, 0.2080361759573819, 0.19734274614530273, 0.19378250216294218, 0.18039527749354506, 0.17498304083361516, 0.17187492239106145, 0.169621982136372, 0.17006763327453372], "accuracy": [0.8813399226212066, 0.9103191875226696, 0.9165608753476, 0.9284472856970136, 0.9421472615161407, 0.9413236005319792, 0.9408022004594366, 0.9426157659291501, 0.9430540442509975, 0.9428575746584452], "f1": [0.7845795526903119, 0.8332495414100285, 0.8317048629027279, 0.9119262555347087, 0.9359071767688579, 0.9351917084594997, 0.935276239319514, 0.9365665283431752, 0.9368423289409136, 0.9370217839487399]}, "validation": {"loss": [0.2909676831159054, 0.22896765360766275, 0.20875231358434787, 0.1973418971147881, 0.19075894901638046, 0.17803810322717833, 0.17287376534331128, 0.16886032538371334, 0.16548485884244943, 0.166080764482715], "accuracy": [0.875677874186551, 0.9077413232104121, 0.9148590021691974, 0.9293655097613883, 0.9452955531453362, 0.9427196312364425, 0.943736442516269, 0.9442787418655098, 0.9442109544468547, 0.9446176789587852], "f1": [0.7792813793264594, 0.8314425261156186, 0.8324010522494302, 0.9179506477081167, 0.9417896427334941, 0.938993425713037, 0.94075776224034, 0.9407149277340328, 0.9402889424175749, 0.9411765338094213]}}