{"train": {"loss": [0.24090733928191593, 0.2014039737132794, 0.19019541669568513, 0.1824931089660041, 0.17551626084864183, 0.17570288668474907, 0.1682182433578137, 0.16812968733846578, 0.16813386208242673, 0.16409182451517687], "accuracy": [0.9214650586386168, 0.9354370692782009, 0.935006347479144, 0.9383765566436948, 0.9399256438157417, 0.9390490871720469, 0.9434243138677306, 0.9430087051142546, 0.9431371660016926, 0.9428500181356547], "f1": [0.8216884566809456, 0.9230818333503276, 0.9179092831422772, 0.9291839561803774, 0.9274960214417216, 0.9252539032777498, 0.9372019733404487, 0.9370589385565495, 0.9375952001724273, 0.9354583025146302]}, "validation": {"loss": [0.23999246313295242, 0.20039863074743824, 0.18822863561438635, 0.18004802181718793, 0.17257767213496367, 0.1739942089870669, 0.16599809213939432, 0.16463508383813363, 0.16603404192613547, 0.16061148331086444], "accuracy": [0.9204175704989154, 0.9372966377440347, 0.9377033622559653, 0.9391268980477223, 0.9441431670281996, 0.9401437093275488, 0.9448888286334056, 0.945837852494577, 0.9448888286334056, 0.9454311279826464], "f1": [0.8207272446944164, 0.9291190847560442, 0.9242842576298518, 0.9323862732319473, 0.9355976306218814, 0.9308613367073799, 0.9413258248364385, 0.9420958283285632, 0.9416549751741689, 0.9407990055975926]}}