{"train": {"loss": [0.45569777792784416, 0.4367660800394975, 0.4220944096224393, 0.41414173489267175, 0.41031076942302097, 0.4085379327040317, 0.4079427051608319, 0.40701619689343804, 0.4066505999280936, 0.4066452067309353, 0.4067423097515475, 0.4063497364567863, 0.4065421371066824, 0.406173629956446, 0.4062144080288636], "accuracy": [0.7841025873534034, 0.7937069278200943, 0.7937069278200943, 0.7937069278200943, 0.7937069278200943, 0.7937069278200943, 0.7937069278200943, 0.7937069278200943, 0.7937144843428848, 0.7937220408656752, 0.7937220408656752, 0.7937220408656752, 0.7937144843428848, 0.7937220408656752, 0.7937220408656752], "f1": [0.6996128493549358, 0.7045514082414488, 0.7045514082414488, 0.7045514082414488, 0.7045514082414488, 0.7045514082414488, 0.7045514082414488, 0.7045514082414488, 0.7045555441302529, 0.7045596756842085, 0.7045596756842085, 0.7045596756842085, 0.7045555441302529, 0.7045596756842085, 0.7045596756842085]}, "validation": {"loss": [0.4580121138607861, 0.4383050393385898, 0.42202970828384223, 0.4137524176962722, 0.40974450221289266, 0.40786298191469816, 0.4071743144712324, 0.40589808053670373, 0.4056226778896667, 0.4052722231361716, 0.4052707830569232, 0.40525036019125626, 0.40571347990935896, 0.4050142579831167, 0.40482065925241295], "accuracy": [0.7794197396963124, 0.7899945770065075, 0.7899945770065075, 0.7899945770065075, 0.7899945770065075, 0.7899945770065075, 0.7899945770065075, 0.7899945770065075, 0.7899945770065075, 0.7899945770065075, 0.7899945770065075, 0.7899945770065075, 0.7899945770065075, 0.7899945770065075, 0.7899945770065075], "f1": [0.6978658493467769, 0.7033126844070834, 0.7033126844070834, 0.7033126844070834, 0.7033126844070834, 0.7033126844070834, 0.7033126844070834, 0.7033126844070834, 0.7033126844070834, 0.7033126844070834, 0.7033126844070834, 0.7033126844070834, 0.7033126844070834, 0.7033126844070834, 0.7033126844070834]}}