{"train": {"accuracy": [0.9538578941005803, 0.9539938950676983, 0.9541978965183753, 0.9545681213733076], "f1_score": [0.9452323869844026, 0.9457153950697825, 0.9458985840683646, 0.9462264442586146], "precision": [0.9473274601536096, 0.9475631620815549, 0.9474100759583458, 0.9476334734888128], "recall": [0.9496655756531566, 0.950277995256972, 0.9510430984794462, 0.950924092692901], "loss": [0.23221223056316376, 0.23168812692165375, 0.2299732118844986, 0.2281990498304367]}, "validation": {"accuracy": [0.9549891540130152, 0.9543112798264642, 0.9553280911062907, 0.9547180043383948], "f1_score": [0.9467749112991428, 0.9459539406455149, 0.9472449985084768, 0.9466426266338692], "precision": [0.9471282871408105, 0.9466841817976689, 0.9471325339045747, 0.9473086553666004], "recall": [0.9517832021009632, 0.9508674399278669, 0.9529728769040782, 0.951739287725338], "loss": [0.2301422506570816, 0.23122794926166534, 0.23062892258167267, 0.22903524339199066]}}