{"train": {"accuracy": [0.6999063104448743, 0.6999063104448743, 0.699944088491296, 0.6999289772727273, 0.6999063104448743, 0.6999289772727273, 0.699944088491296, 0.699944088491296, 0.6999289772727273, 0.6999289772727273], "f1_score": [0.6047609712581481, 0.6044016831933895, 0.6047556644419482, 0.604788319682714, 0.6045140189350678, 0.6050619670708038, 0.6050184526958855, 0.6046924567838541, 0.6047221690706565, 0.6045337471724943], "precision": [0.6289678028843364, 0.628734275776659, 0.6292220113851041, 0.6288973287386062, 0.6286874045065086, 0.6291024438880201, 0.6290788891729026, 0.628405243193916, 0.6288241756956905, 0.628894812341786], "recall": [0.7575901492124999, 0.7575901492124989, 0.7576117366675987, 0.7575512917933237, 0.7575901492124996, 0.7575512917933226, 0.7576117366675943, 0.757611736667599, 0.7575512917933225, 0.7576031016855599], "loss": [1.6656006574630737, 1.5222891569137573, 1.4317885637283325, 1.3725275993347168, 1.3317139148712158, 1.3034676313400269, 1.2861368656158447, 1.2736716270446777, 1.2661830186843872, 1.2600300312042236]}, "validation": {"accuracy": [0.6925162689804772, 0.6925162689804772, 0.6925162689804772, 0.6925162689804772, 0.6925162689804772, 0.6925162689804772, 0.6925162689804772, 0.6925162689804772, 0.6925162689804772, 0.6925162689804772], "f1_score": [0.5968105739754048, 0.5968105739754048, 0.5968105739754048, 0.5968105739754048, 0.5968105739754048, 0.5968105739754048, 0.5968105739754048, 0.5968105739754048, 0.5968105739754048, 0.5968105739754048], "precision": [0.6234737424380148, 0.6234737424380148, 0.6234737424380148, 0.6234737424380148, 0.6234737424380148, 0.6234737424380148, 0.6234737424380148, 0.6234737424380148, 0.6234737424380148, 0.6234737424380148], "recall": [0.749922528664395, 0.749922528664395, 0.749922528664395, 0.749922528664395, 0.749922528664395, 0.749922528664395, 0.749922528664395, 0.749922528664395, 0.749922528664395, 0.749922528664395], "loss": [1.6643379926681519, 1.5252052545547485, 1.4373050928115845, 1.3791402578353882, 1.339674949645996, 1.3124021291732788, 1.295685052871704, 1.2836360931396484, 1.2764019966125488, 1.2705012559890747]}}