{"train": {"accuracy": [0.948697412959381, 0.9516743230174082, 0.9539561170212766], "f1_score": [0.9396345471906252, 0.9427006958061105, 0.9457503447998434], "precision": [0.9409974542112491, 0.9435037953543374, 0.9475244463573168], "recall": [0.9454363622970552, 0.9485785329693477, 0.9503928977311046], "loss": [0.2583107650279999, 0.25447314977645874, 0.23731592297554016]}, "validation": {"accuracy": [0.9516675704989154, 0.9537689804772235, 0.9558026030368764], "f1_score": [0.9430194158395702, 0.9450288625270017, 0.9477079781211252], "precision": [0.9433532622272245, 0.9441961023883302, 0.9479083510146755], "recall": [0.9487669511660434, 0.9512942309290244, 0.9528578915309524], "loss": [0.25399789214134216, 0.24967506527900696, 0.2356257289648056]}}