{"train": {"loss": [0.45689912087048046, 0.4415118206270774, 0.43655067744954873, 0.4342855756104396, 0.4346693618695037, 0.43235920951836804, 0.43237826644624916, 0.4317532115898724, 0.43608190060540947, 0.4330362965365443, 0.4333080433424368, 0.43110739298496303, 0.43073398000569707, 0.4317284906156923, 0.4314652069704157, 0.4303641317473505, 0.4302800063807625, 0.4293993989931603, 0.4298136010901134, 0.4288238040468794], "accuracy": [0.7458816950791923, 0.7560452182323781, 0.7561207834602829, 0.7583877402974247, 0.7576169749727966, 0.7585917664127675, 0.7585615403216056, 0.7588486881876436, 0.7550553137468262, 0.7586446620723009, 0.7577152097690727, 0.7598612622415669, 0.7598612622415669, 0.7593171926006529, 0.7556598355700641, 0.7615312537782614, 0.7619997581912707, 0.7604582275420143, 0.7602315318583001, 0.7615312537782614], "f1": [0.5953067809381386, 0.6713202539817598, 0.6332952530992368, 0.6723297778574557, 0.6720615540607597, 0.6724391234313961, 0.6724230665033056, 0.672571098803838, 0.6755891178939724, 0.6724561420586423, 0.6744274127398855, 0.6730774896049879, 0.6730774896049879, 0.672812662387927, 0.5957311346409344, 0.6744904292824426, 0.6755669838948498, 0.6736024632015092, 0.6732212934297757, 0.6744904292824426]}, "validation": {"loss": [0.4583887865770923, 0.44135592428567355, 0.43443929366848216, 0.4322147265949373, 0.43283677618312216, 0.4294558729887526, 0.4289748316667085, 0.4289225673468666, 0.4340631011186608, 0.4303751699384019, 0.4308159586664394, 0.4280045422323355, 0.42763713331905207, 0.4288060583675244, 0.4269662888603459, 0.4259340235248305, 0.4257785172692607, 0.42516432828603234, 0.42598054006922015, 0.4245441267327476], "accuracy": [0.7481019522776573, 0.7613882863340564, 0.7623373101952278, 0.7651165943600867, 0.7639642082429501, 0.7652521691973969, 0.7651165943600867, 0.7653877440347071, 0.7582022776572668, 0.7650488069414316, 0.7625406724511931, 0.7668112798264642, 0.7668112798264642, 0.7655911062906724, 0.7636252711496746, 0.7691160520607375, 0.7691160520607375, 0.7681670281995662, 0.7677603036876356, 0.7691160520607375], "f1": [0.597545786446609, 0.67428693013761, 0.6369026793526529, 0.6759286364755486, 0.6754774601608188, 0.6760095144477362, 0.6759398394623172, 0.6760794569388691, 0.6776095590999585, 0.675883524786318, 0.6771335923121393, 0.6768565358748359, 0.6768565358748359, 0.6761847550108102, 0.6009022009251678, 0.6789075914393605, 0.6792079970325777, 0.6778776610524935, 0.6773128362907126, 0.6789075914393605]}}