{"train": {"loss": [0.4000705473658195, 0.31129367817085185, 0.29382842154254707, 0.28350137017588034, 0.27823435432481175, 0.26434575076209565, 0.24711462389137342, 0.23337318509370378, 0.22717368574110464, 0.2180778206662929, 0.21911319943119698, 0.21127857534643588, 0.208010027957882, 0.2106758496963655, 0.2046628727918091], "accuracy": [0.9238907024543586, 0.9275933986216902, 0.9285379639704994, 0.9296714423890703, 0.9318628339983074, 0.9316285817918026, 0.9445729053318824, 0.9422757224035788, 0.9464015838471769, 0.9475123926973764, 0.9452000967234917, 0.9478070970862048, 0.9490463668238424, 0.9503914278805465, 0.9483889493410712], "f1": [0.6861151158233245, 0.6893245018164476, 0.6897402632915969, 0.7867985182464776, 0.8438150813543849, 0.8290339082582348, 0.8964395726320185, 0.7285609310654276, 0.913419539270828, 0.9081166710608439, 0.9154836109225986, 0.9175664280535882, 0.9251003257148589, 0.9273542460046051, 0.9195287312840335]}, "validation": {"loss": [0.40060719047789967, 0.31025003799886414, 0.2932035979447943, 0.28147951781233665, 0.2764656821435148, 0.262475618149166, 0.24184992269197583, 0.22806627495270787, 0.2215721518510864, 0.21056798702001056, 0.21075545906117468, 0.20494322169136692, 0.20152960290317928, 0.20113524110802325, 0.19929147505269937], "accuracy": [0.923603579175705, 0.9273318872017353, 0.9285520607375272, 0.9303145336225597, 0.9316702819956616, 0.9316024945770065, 0.9486849240780911, 0.9452955531453362, 0.949295010845987, 0.9511930585683297, 0.9478036876355749, 0.9500406724511931, 0.9513286334056399, 0.9523454446854663, 0.9505829718004338], "f1": [0.6877268311047343, 0.690922103006689, 0.6915822804314378, 0.7960616945759785, 0.844678790195525, 0.8374144400597968, 0.905467578957394, 0.7328895517251909, 0.9309222486788866, 0.9414369001672203, 0.938850734073934, 0.9312952431267592, 0.948048976023796, 0.9490950238537615, 0.9345980972021986]}}