{"train": {"accuracy": [0.940658244680851, 0.9417764748549323, 0.9432498186653772], "f1_score": [0.9291489231046037, 0.9311124192589791, 0.9308195681952679], "precision": [0.9283033516334155, 0.9301979364771871, 0.9293566064323556], "recall": [0.9402904417242798, 0.9422391001291336, 0.9456387108930938], "loss": [0.4562503397464752, 0.4070914089679718, 0.3765484690666199]}, "validation": {"accuracy": [0.9419061822125814, 0.9438720173535792, 0.9456344902386117], "f1_score": [0.9304867556042202, 0.9334610025793695, 0.9339783955132159], "precision": [0.9290335992321651, 0.9318076807194603, 0.9319227585124887], "recall": [0.9417128891199503, 0.9441798700912187, 0.9475541932201853], "loss": [0.44608402252197266, 0.3919874429702759, 0.36605197191238403]}}