{"train": {"loss": [0.41338565670371746, 0.3099672757917781, 0.29198321498519736, 0.2904007397069662, 0.27774384052707046, 0.27176951833170204, 0.266240773729735, 0.2683803664585233, 0.25567908954538215, 0.24766733424244466, 0.22649064066872088, 0.21455864771854716, 0.2194193142900384, 0.20827849923382644, 0.19901483600357514], "accuracy": [0.9226589892395115, 0.9250544069640914, 0.9285228509249184, 0.9290971466569943, 0.9314925643815741, 0.9326713819368879, 0.9318930600894693, 0.9328073993471164, 0.9320895296820215, 0.9325429210494499, 0.9465753838713578, 0.949137045097328, 0.9455854793858058, 0.948880123322452, 0.9524543586023455], "f1": [0.6848825164677308, 0.6877277311971901, 0.7358194351750863, 0.7200311750564627, 0.8382464679898347, 0.8902846126664401, 0.8860047253419006, 0.8926389105607899, 0.8581719400731226, 0.8929443429132609, 0.8947463938558908, 0.9171779597542999, 0.8807900300566591, 0.9142205842705973, 0.928974917173515]}, "validation": {"loss": [0.4142078495386875, 0.30920058088901237, 0.2913666291896141, 0.2889664729500746, 0.275012275357267, 0.2689939937453507, 0.265070034263583, 0.26665396502975264, 0.25409060137676986, 0.24570297125678559, 0.22120456100800337, 0.20886481724260172, 0.21286329077113242, 0.2030496189443322, 0.19634905126897287], "accuracy": [0.9219766811279827, 0.9249593275488069, 0.9290265726681128, 0.9296366594360087, 0.9324159436008677, 0.9337039045553145, 0.9320770065075922, 0.9329582429501084, 0.9324837310195228, 0.9327548806941431, 0.9484815618221258, 0.9516675704989154, 0.9466513015184381, 0.950718546637744, 0.9532266811279827], "f1": [0.6862584217544327, 0.6894539075828886, 0.7395039174572979, 0.7248764593543369, 0.8437936971081431, 0.8990358307346965, 0.8849011469932155, 0.9015593390111416, 0.8609454599879515, 0.905344045553282, 0.9006343222715606, 0.9422124017192044, 0.875866219057081, 0.9260689377911738, 0.9373216450927713]}}