{"train": {"loss": [0.2913476677298027, 0.2333027913471111, 0.23627232094709644, 0.1991517481667024, 0.19082200405191507, 0.1891801949913345, 0.18132781598611591, 0.18360662900791386, 0.17492665922110703, 0.1835587686718112], "accuracy": [0.9062537782613952, 0.9179210494498852, 0.9138480836658204, 0.9282961552412042, 0.9368350259944384, 0.9332910168057067, 0.9360189215330673, 0.9365705476967718, 0.9415729657840648, 0.9345453995889251], "f1": [0.8081037588524429, 0.8664130796018895, 0.8502954503299069, 0.9129966045351223, 0.9290371369078354, 0.9190503976484162, 0.929428204814669, 0.9277617015008366, 0.9370352957481978, 0.923783393537138]}, "validation": {"loss": [0.2963307191357178, 0.23644938097697019, 0.23320178713027284, 0.19891049908453887, 0.18717569192374478, 0.18521078874573207, 0.17750680349654074, 0.1774730580856866, 0.16872891915432803, 0.17684689344163507], "accuracy": [0.9004880694143167, 0.9108595444685467, 0.9144522776572668, 0.9245526030368764, 0.9389913232104121, 0.9344495661605207, 0.9383812364425163, 0.9412960954446855, 0.9450921908893709, 0.9398047722342733], "f1": [0.8031100019104046, 0.8485703576435206, 0.8335214412042208, 0.9068444871035681, 0.9337783489146363, 0.9176800936563081, 0.9336820805542653, 0.9354513559637113, 0.942948054650072, 0.9318908079253957]}}