{"train": {"accuracy": [0.9405146881044487, 0.9447836073500967, 0.9505409816247582], "f1_score": [0.9287004034610187, 0.9341304007770462, 0.9408981776867512], "precision": [0.9271513014286842, 0.9327598179740191, 0.9409181863961337], "recall": [0.9409602774395136, 0.9450472121847948, 0.9486910422259658], "loss": [0.44406935572624207, 0.3988388776779175, 0.3671165108680725]}, "validation": {"accuracy": [0.9425162689804772, 0.9476681127982647, 0.9524810195227765], "f1_score": [0.9312854018212542, 0.9376283964694571, 0.9434471013518474], "precision": [0.9293043438390882, 0.9353264231691765, 0.9419918959236042], "recall": [0.9432970100233774, 0.9478570613062584, 0.9520341602699778], "loss": [0.43449974060058594, 0.3821771740913391, 0.35344359278678894]}}