{"train": {"accuracy": [0.9397137935203095, 0.9430684840425532, 0.9449422751450677], "f1_score": [0.9279442965607143, 0.9312619958562204, 0.934291535912713], "precision": [0.9271841427319947, 0.9297979221758197, 0.9335793716769639], "recall": [0.9401247655308006, 0.9441131087707519, 0.9445338500094073], "loss": [0.47298872470855713, 0.41491633653640747, 0.38801461458206177]}, "validation": {"accuracy": [0.9410927331887202, 0.9447532537960954, 0.9463801518438177], "f1_score": [0.9294579063538813, 0.9337212557301627, 0.9353117830631604], "precision": [0.9282800174847483, 0.9316589150627544, 0.933899657127988], "recall": [0.9412827676525903, 0.9457392428395752, 0.9455321994094079], "loss": [0.46714603900909424, 0.4025819003582001, 0.37654227018356323]}}