{"train": {"accuracy": [0.7039032277562862, 0.7012285420696325, 0.7012360976789168], "f1_score": [0.6101253506204333, 0.605867182060888, 0.6057448295843284], "precision": [0.6322053839417523, 0.6290540047408784, 0.6293759116403497], "recall": [0.7592998510551792, 0.7581384705719915, 0.7581427880630112], "loss": [1.7635387182235718, 1.6784800291061401, 1.6179075241088867]}, "validation": {"accuracy": [0.6957022776572668, 0.6925162689804772, 0.6925162689804772], "f1_score": [0.602065948913018, 0.5968105739754048, 0.5968105739754048], "precision": [0.6268706827931173, 0.6234737424380148, 0.6234737424380148], "recall": [0.7517735197236289, 0.749922528664395, 0.749922528664395], "loss": [1.7565054893493652, 1.673803687095642, 1.615091323852539]}}