{"train": {"loss": [0.25075988129602755, 0.2068446716487343, 0.1978493114740622, 0.19444175160398106, 0.1803305897926119, 0.1748991152168048, 0.17447022192686348, 0.17155021476258508, 0.1694387124215903, 0.16422970653097263], "accuracy": [0.923369302381816, 0.9263012332245194, 0.9350214605247249, 0.9418450006045218, 0.9357771128037722, 0.9436887921653971, 0.942759339862169, 0.9411271309394269, 0.9417769918994076, 0.9431144964333212], "f1": [0.8233345583017382, 0.8435116035576693, 0.9008839688029506, 0.9346924320766568, 0.91015110536509, 0.9377098613716944, 0.9365026746277154, 0.9286084641375782, 0.9299673369324706, 0.9344250919808134]}, "validation": {"loss": [0.2528231105324762, 0.20858941278511298, 0.19880276672348154, 0.19595527307912222, 0.181726419138611, 0.17476738927130328, 0.1728274256815233, 0.1691932889598537, 0.16873808958266664, 0.16222564490217062], "accuracy": [0.9217055314533622, 0.9248915401301518, 0.9351952277657267, 0.9435330802603037, 0.9351274403470716, 0.9459734273318872, 0.9461767895878525, 0.9436008676789588, 0.9421095444685467, 0.9454989154013015], "f1": [0.8220327644679379, 0.8353009461060577, 0.8971721224340158, 0.9388309073206784, 0.9094048805801573, 0.9422050716478819, 0.9426724838085583, 0.9308130927774796, 0.9294768062732626, 0.9382402626915524]}}