{"train": {"loss": [0.41005822058543706, 0.36174017246416273, 0.3091848644228, 0.2934462029839969, 0.2847168378917432, 0.287266080537937, 0.2633071437467257, 0.24059275499179353, 0.23487242039048062, 0.22518775918533596, 0.21967460217973941, 0.21472192124591516, 0.21647896950188988, 0.21428941382812175, 0.19885923868546], "accuracy": [0.9226136501027687, 0.9223265022367307, 0.9251904243743199, 0.9252282069882722, 0.9287948857453754, 0.9285757465844517, 0.927668963849595, 0.9436510095514448, 0.9440515052593399, 0.944837383629549, 0.946242896868577, 0.9482604884536332, 0.9488045580945472, 0.9461219925039294, 0.9482982710675856], "f1": [0.6847670322989812, 0.6853270681311641, 0.7784016903367119, 0.7210617071363541, 0.8893551919489084, 0.8869791457363565, 0.8912091035669196, 0.9085479823873401, 0.9081050524499676, 0.9098055939607329, 0.9108674705957628, 0.9131089655479959, 0.9145703667353846, 0.915711449737498, 0.914647504141821]}, "validation": {"loss": [0.4106066224378941, 0.35229512352448006, 0.30665028520992826, 0.2917448119522431, 0.2822783836425641, 0.28184348743134763, 0.25750112109434553, 0.23463203112929415, 0.22748503479219617, 0.21721276436081696, 0.21180485158320114, 0.2096695135391894, 0.2122021588734734, 0.2090175680945188, 0.19573142985889921], "accuracy": [0.9221122559652929, 0.923603579175705, 0.9259761388286334, 0.9255694143167028, 0.9294332971800434, 0.9292299349240781, 0.928416485900217, 0.9467868763557483, 0.9477359002169198, 0.9483459869848156, 0.9496339479392625, 0.9510574837310195, 0.9514642082429501, 0.9488882863340564, 0.9509896963123644], "f1": [0.6864668577551996, 0.688463874188994, 0.7843362515948323, 0.7228112980378844, 0.896177695642639, 0.8962430564865338, 0.9014776739081656, 0.9137179410136812, 0.9175518389971393, 0.9338863221570852, 0.934670472352912, 0.9307298821465487, 0.9358144390027874, 0.921733502301266, 0.9285478994456762]}}