{"train": {"accuracy": [0.9379382253384912, 0.9418066972920697], "f1_score": [0.9253689925514598, 0.9305737631825887], "precision": [0.92514691271138, 0.9297065258090221], "recall": [0.9391693750720962, 0.9424885727750589], "loss": [0.46563008427619934, 0.4040166437625885]}, "validation": {"accuracy": [0.9425840563991323, 0.9443465292841648], "f1_score": [0.9317224621842535, 0.9337359644486664], "precision": [0.9316600058508228, 0.9338483282987382], "recall": [0.9435817511321474, 0.9458010737487259], "loss": [0.4520059823989868, 0.407869815826416]}}