{"train": {"loss": [0.2763486582645336, 0.20877900124641002, 0.1912217990227757, 0.18047661213672628, 0.17634563986977608, 0.17119759097929532, 0.17015670227540775, 0.17458938219182812, 0.1666594827513893, 0.16499182610093424], "accuracy": [0.900941542739693, 0.9229914762422924, 0.9392606698101802, 0.9414218353282553, 0.9416712005803409, 0.9421245919477693, 0.9406284004352558, 0.9401976786361987, 0.9424344093821787, 0.9423286180631121], "f1": [0.8024183665655451, 0.8592235140385758, 0.9302016698540995, 0.9363590142955859, 0.9369020565595629, 0.9372353269557785, 0.9297912878973245, 0.9325492333324661, 0.9369379494912508, 0.9380106179584439]}, "validation": {"loss": [0.2807750167434231, 0.20968938374047424, 0.19181656397054872, 0.17927554662292924, 0.1759376096662433, 0.17049079872829406, 0.16873228629554043, 0.17423770318531034, 0.16497011239480816, 0.16327507061370672], "accuracy": [0.8980477223427332, 0.9233324295010846, 0.9388557483731019, 0.9428552060737527, 0.9429229934924078, 0.942380694143167, 0.9410249457700651, 0.9404148590021691, 0.9431263557483731, 0.9431263557483731], "f1": [0.8000884942965489, 0.8620464898903857, 0.9305076289340175, 0.9395283451538969, 0.9400373077342482, 0.9391190306521735, 0.9318732741227608, 0.9338897740334224, 0.9399145101097484, 0.9405861138907454]}}