{"train": {"accuracy": [0.9507147606382979, 0.9512134308510638, 0.9532005560928434], "f1_score": [0.9420169127078372, 0.9420628701778094, 0.944538649896511], "precision": [0.944299336069243, 0.9432867593592578, 0.9452284755881344], "recall": [0.9463554109892753, 0.9475157677977141, 0.9504732629997027], "loss": [0.25133153796195984, 0.24636200070381165, 0.23473228514194489]}, "validation": {"accuracy": [0.9536334056399133, 0.9526843817787418, 0.9550569414316703], "f1_score": [0.9451400624199849, 0.9437375379370055, 0.9469124306851834], "precision": [0.9459461215402576, 0.9433714828206939, 0.9466198611399498], "recall": [0.950104888103557, 0.9499396690655755, 0.9528581234334144], "loss": [0.247596874833107, 0.2516460418701172, 0.2379504144191742]}}