{"train": {"accuracy": [0.9513116537717602, 0.9506014264990329, 0.9533138902321083], "f1_score": [0.9429124733270081, 0.9417327277121371, 0.9447973554578375], "precision": [0.9460253197166121, 0.9423570395282264, 0.94682996327504], "recall": [0.9465442285136342, 0.9481241583480838, 0.9491391683993915], "loss": [0.2560410499572754, 0.24050886929035187, 0.24633954465389252]}, "validation": {"accuracy": [0.9510574837310195, 0.9511930585683297, 0.9536334056399133], "f1_score": [0.942473336725241, 0.9425373005461254, 0.9448895335317076], "precision": [0.9446640550829415, 0.9425444150948563, 0.9457177254495713], "recall": [0.9462404674573445, 0.9486853931071108, 0.9498454249192264], "loss": [0.25376468896865845, 0.24187813699245453, 0.24599555134773254]}}