{"train": {"loss": [0.42106315234182423, 0.3204823649764003, 0.29295461139744383, 0.29197939100713116, 0.28949459871129496, 0.27183100019313206, 0.2596167965883991, 0.2414367663992904, 0.22483708463407462, 0.21831232837150935, 0.21884431212967553, 0.2094756761400076, 0.20522501807285173, 0.20087874437028425, 0.20354894116229055], "accuracy": [0.9235053197920445, 0.9243138677306251, 0.9271173376858904, 0.9291198162253658, 0.926694172409624, 0.9322557731834119, 0.9332985733284972, 0.9433789747309878, 0.94677185346391, 0.9479506710192238, 0.9484342884778141, 0.9481395840889856, 0.9490992624833756, 0.9495375408052231, 0.9491597146656995], "f1": [0.6857374348120473, 0.6864899436896175, 0.6886853724398014, 0.7355804131352898, 0.8357083542383781, 0.8870587133939065, 0.902603767678489, 0.9081322485914219, 0.9095438475970723, 0.9101108280865013, 0.9117799530167943, 0.9115628509519356, 0.9172597279334495, 0.9223088960044592, 0.9088961582704171]}, "validation": {"loss": [0.4135715983388744, 0.31460184194308854, 0.2903059232028532, 0.2893111039904547, 0.28555066207851165, 0.27150147642085565, 0.25958342963095865, 0.23932934325043256, 0.22557842134784312, 0.21658150909783005, 0.22288525528657488, 0.21075437346965203, 0.20522085588538286, 0.20191538311315305, 0.20605750652876767], "accuracy": [0.9269929501084598, 0.9281453362255966, 0.9296366594360087, 0.9318058568329718, 0.9286876355748374, 0.9341106290672451, 0.9341784164859002, 0.9452955531453362, 0.9490238611713666, 0.9488204989154013, 0.9488882863340564, 0.9489560737527115, 0.9508541214750542, 0.9509219088937093, 0.9515997830802603], "f1": [0.6898373465794196, 0.6910519492139268, 0.6921096302027653, 0.7455877896940704, 0.8279382779201111, 0.8821589689965911, 0.8868582331417849, 0.8927164518884376, 0.8958828638107372, 0.895524967648289, 0.895093774660732, 0.8961908981008827, 0.908582727117268, 0.9198233880610329, 0.901082369083585]}}