{"train": {"loss": [0.24354345094758434, 0.20916461947192105, 0.19264630126862334, 0.1870487615235539, 0.180936050912495, 0.17532596521564117, 0.17265672516257896, 0.17045075953820976, 0.16995927203821318, 0.16784155297379516], "accuracy": [0.9134551444807157, 0.9304648772820698, 0.9356335388707533, 0.9386410349413614, 0.9407115221859509, 0.9427064442026357, 0.9419583484463789, 0.9428424616128642, 0.9430238181598356, 0.9422454963124168], "f1": [0.815200679618342, 0.9028801711750807, 0.9100581682606796, 0.9285702400072818, 0.9337057709336998, 0.9367493936503696, 0.9344014910275992, 0.9374943195105276, 0.9374874646286728, 0.936526917025174]}, "validation": {"loss": [0.24734470348425389, 0.21172102967402423, 0.19311431788489902, 0.1877387543724054, 0.17968958953229827, 0.173839960299804, 0.1705438142880765, 0.16917549021574396, 0.16863432110422605, 0.16430431827013897], "accuracy": [0.9123508676789588, 0.9307890455531453, 0.9359408893709328, 0.9401437093275488, 0.9435330802603037, 0.9460412147505423, 0.9441431670281996, 0.9445498915401301, 0.9452955531453362, 0.9457700650759219], "f1": [0.8142208653131984, 0.8991836685727823, 0.9054317322428772, 0.9305178577761916, 0.9377861965241221, 0.9416466187598591, 0.9363022171524777, 0.9411096574078963, 0.9414149119049695, 0.9415967725297327]}}