{"train": {"accuracy": [0.7054445720502901, 0.7053992383945842, 0.7053992383945842, 0.7184251088007737], "f1_score": [0.6496125313054826, 0.6498916177238021, 0.6495788512331024, 0.6741125327116527], "precision": [0.662964969329685, 0.6637370883716246, 0.6628394233431955, 0.6896654616526636], "recall": [0.7136587216617246, 0.7136330531748537, 0.7137579528152456, 0.7197449557457624], "loss": [0.9537990689277649, 0.9527702927589417, 0.9517480134963989, 0.95075923204422]}, "validation": {"accuracy": [0.6959734273318872, 0.6959734273318872, 0.6959734273318872, 0.709056399132321], "f1_score": [0.6393320204175617, 0.6393320204175617, 0.6393320204175617, 0.6640328158566632], "precision": [0.6537655802869898, 0.6537655802869898, 0.6537655802869898, 0.6798443077947107], "recall": [0.7042677170985207, 0.7042677170985207, 0.7042677170985207, 0.7106265047317113], "loss": [0.9594006538391113, 0.9583011269569397, 0.9572550058364868, 0.956217885017395]}}