{"train": {"accuracy": [0.9398497944874274, 0.9412778046421664, 0.9461889506769826], "f1_score": [0.9274377178442746, 0.9283721167223508, 0.9350873646824117], "precision": [0.9264032862947342, 0.9264533372124824, 0.9324868328921865], "recall": [0.9405924966909568, 0.9426737207258675, 0.9478501154468876], "loss": [0.4518997371196747, 0.426275372505188, 0.3710547089576721]}, "validation": {"accuracy": [0.941635032537961, 0.9438042299349241, 0.9482781995661606], "f1_score": [0.929347301367434, 0.9315637302510272, 0.9369328499507655], "precision": [0.9276468733170036, 0.9293813784180955, 0.9339590340478292], "recall": [0.9419188341329444, 0.9442917571129985, 0.9495786212907792], "loss": [0.43796080350875854, 0.4142873287200928, 0.35889187455177307]}}