{"train": {"loss": [0.4356268261824113, 0.40222210757347904, 0.3945692740389771, 0.3851078914341515, 0.38175318065609215, 0.37721161099828104, 0.3776096034960774, 0.37393057922070677, 0.3721227317740438, 0.3713079633833426, 0.37125920222638037, 0.37186302880624156, 0.37276821545499955, 0.37457891441120567, 0.3701862699455335, 0.3697321238169605, 0.3691510889218486, 0.3692295946143892, 0.3721378074501365, 0.3755970712701837], "accuracy": [0.7807626042800145, 0.8011954419054528, 0.8085630516261637, 0.8207366098416152, 0.8207441663644057, 0.8194671140128159, 0.8202227662918631, 0.8218020795550719, 0.8212126707774151, 0.8201547575867488, 0.8228146536089953, 0.823608088501995, 0.8229960101559667, 0.8224066013783098, 0.8243561842582517, 0.8244922016684803, 0.8243788538266231, 0.8242201668480232, 0.8224141579011003, 0.8046789989118607], "f1": [0.6958542558615809, 0.7001740355333839, 0.7177910860598797, 0.730068106117178, 0.7300749221239959, 0.7299638411589326, 0.7304761867367318, 0.7314287232220265, 0.7299790169692144, 0.7302954308983651, 0.7319804403446195, 0.7323979057781754, 0.7320214590546237, 0.7319602440892647, 0.7329438027108073, 0.7333986861367141, 0.7333573268180131, 0.7327774014387024, 0.7319665655831958, 0.6814567725471301]}, "validation": {"loss": [0.4334471245779133, 0.39837681322708046, 0.393372934044959, 0.3848184242747611, 0.3829127192141694, 0.3774990726124956, 0.3777240048326277, 0.37611676259633, 0.37365650203798184, 0.3727427961672464, 0.3732046927375933, 0.3747919758220169, 0.37621979707944936, 0.37575902620132473, 0.3723192680505894, 0.37204704025594637, 0.3711670078094766, 0.3719932787855703, 0.3736103041554092, 0.3767486385386962], "accuracy": [0.7810466377440347, 0.8077548806941431, 0.8118899132321041, 0.8226681127982647, 0.8226681127982647, 0.8234815618221258, 0.8241594360086768, 0.8221258134490239, 0.8233459869848156, 0.8238882863340564, 0.8225325379609545, 0.8229392624728851, 0.8225325379609545, 0.8248373101952278, 0.8237527114967462, 0.8233459869848156, 0.8233459869848156, 0.8233459869848156, 0.8251084598698482, 0.8077548806941431], "f1": [0.6962644204799324, 0.7063418588632712, 0.7205576099170621, 0.7309396844825864, 0.7309396844825864, 0.7332714651799085, 0.7335545044841653, 0.7310457011649003, 0.7310935983428493, 0.7334624503216477, 0.7312813713259249, 0.7314993209863545, 0.7312430797046394, 0.7341291806109294, 0.7318747499426811, 0.7318963413697955, 0.7319108329167368, 0.7317549369036427, 0.7342653705961002, 0.6847626224855459]}}