{"train": {"loss": [0.42002246877614485, 0.31291681095756, 0.28829271651487404, 0.28288931574859805, 0.2809546716255451, 0.27412778903447393, 0.2678252993605498, 0.2586486541469738, 0.244230243474663, 0.2346640770815356, 0.21848592466208183, 0.21477276286582248, 0.20643135410421878, 0.20605635679573742, 0.21222147721494594], "accuracy": [0.9226514327167211, 0.9283868335146899, 0.9293767380002418, 0.9288326683593278, 0.9303817555313747, 0.9325504775722404, 0.9325202514810784, 0.9336763994680208, 0.9333968081247733, 0.9438928182807399, 0.9476710796759763, 0.9471572361262242, 0.9503234191754323, 0.9491748277112804, 0.9507768105428606], "f1": [0.6859546299252981, 0.8707920170376116, 0.8479624110443735, 0.8895375324201197, 0.7691493818101124, 0.893384246237954, 0.892642128248184, 0.908694046635274, 0.9026976560493425, 0.9161253266004339, 0.9165335254798816, 0.9172954335186806, 0.9245744043165395, 0.9237040909785568, 0.9259019302763607]}, "validation": {"loss": [0.41718532086966875, 0.3121379529049386, 0.2865294548178906, 0.28036841927539735, 0.2778319398433099, 0.26990085503175143, 0.2656757024588523, 0.25512787519079266, 0.23874977695477473, 0.2314885358015696, 0.21274599310381587, 0.20664422970378038, 0.2009005756702, 0.19997156338838787, 0.20586375664774473], "accuracy": [0.9242136659436009, 0.9288909978308026, 0.9300433839479393, 0.9297044468546638, 0.9295688720173536, 0.9328904555314533, 0.9325515184381779, 0.9341106290672451, 0.93404284164859, 0.9457700650759219, 0.9500406724511931, 0.9499050976138829, 0.9526843817787418, 0.9513286334056399, 0.9522098698481561], "f1": [0.6890536913806562, 0.88115365949613, 0.8610184826667346, 0.9035692054202151, 0.7745457222442362, 0.9088061216264436, 0.9051795515867966, 0.9259374770222211, 0.9259730171288411, 0.9362106282281806, 0.931209930037801, 0.9296876587254719, 0.9485923488210485, 0.9470714951575783, 0.9413237288531617]}}