{"train": {"loss": [0.23715641957615832, 0.2159535358840063, 0.20312005540309203, 0.1945540112127123, 0.18702544349045772, 0.18335552017179244, 0.17973199086957314, 0.1791090380159032, 0.1741651218867279, 0.17406941787024502], "accuracy": [0.9213668238423407, 0.9323086688429453, 0.925318885261758, 0.9361247128521339, 0.9382178696650949, 0.9387619393060089, 0.9405603917301415, 0.9405074960706081, 0.9412102526901222, 0.9408777656873413], "f1": [0.8211862381649719, 0.9101938136508864, 0.8323139597743907, 0.9096768543024109, 0.9251185887491461, 0.9267810665577085, 0.9309649263405607, 0.9319601041039476, 0.9322666280392986, 0.9317069538498695]}, "validation": {"loss": [0.23519053475814114, 0.21277165684420737, 0.1986863485652622, 0.1892547451137462, 0.18237217254694268, 0.17823487697593432, 0.17416377363972965, 0.17450510834519492, 0.16837464380451758, 0.16807664490816004], "accuracy": [0.922925704989154, 0.9344495661605207, 0.9264506507592191, 0.9381100867678959, 0.9405504338394793, 0.9425162689804772, 0.9433297180043384, 0.9433297180043384, 0.9447532537960954, 0.9440075921908894], "f1": [0.8231928506639327, 0.913145898593009, 0.8316248510946989, 0.9122500339569333, 0.9308432594946054, 0.9337587704307241, 0.9364506012354865, 0.9365238367173482, 0.9376799535914828, 0.9385001427347376]}}