{"train": {"accuracy": [0.9559130198259188, 0.9564116900386848, 0.9566156914893617, 0.9564796905222437], "f1_score": [0.9479100606395491, 0.9484302099687169, 0.9488099434237024, 0.9487955584351763], "precision": [0.9497758666560705, 0.9502421423219266, 0.9504258854621833, 0.950830639595825], "recall": [0.9524304009042466, 0.9528762195275874, 0.9531884879585417, 0.9527911532790323], "loss": [0.22819752991199493, 0.2264380306005478, 0.22486817836761475, 0.22378942370414734]}, "validation": {"accuracy": [0.954853579175705, 0.9547180043383948, 0.9550569414316703, 0.9549213665943601], "f1_score": [0.9468134058897582, 0.9466827243802383, 0.9470553998382693, 0.9470557089733401], "precision": [0.9473255937276468, 0.947131845138986, 0.94759860955421, 0.9478065108576741], "recall": [0.9517757275938385, 0.9520242563838013, 0.9522460000955617, 0.9519338473371425], "loss": [0.23065708577632904, 0.22956182062625885, 0.2288428694009781, 0.2278967648744583]}}