{"train": {"accuracy": [0.7011605415860735, 0.7011832084139265, 0.7011605415860735, 0.7011605415860735], "f1_score": [0.6055360869742732, 0.605743741302876, 0.6060347551511664, 0.6055693049564241], "precision": [0.6293525913268077, 0.6294624041947632, 0.6297938291534474, 0.6292088326924076], "recall": [0.7578479513984944, 0.7578502540603689, 0.7578813719771288, 0.7578389006580595], "loss": [1.0433759689331055, 1.0423839092254639, 1.04145085811615, 1.040493369102478]}, "validation": {"accuracy": [0.692312906724512, 0.692312906724512, 0.692312906724512, 0.692312906724512], "f1_score": [0.596738259135646, 0.596738259135646, 0.596738259135646, 0.596738259135646], "precision": [0.6233529967098937, 0.6233529967098937, 0.6233529967098937, 0.6233529967098937], "recall": [0.7492445110124079, 0.7492445110124079, 0.7492445110124079, 0.7492445110124079], "loss": [1.0474481582641602, 1.0464657545089722, 1.0454994440078735, 1.0445406436920166]}}