{"train": {"loss": [0.40759832919278044, 0.3317119480908724, 0.30035063984121124, 0.35924468386550823, 0.28383316519549495, 0.27688035768469366, 0.27041323490916414, 0.2577406583368288, 0.23246125960128106, 0.22438695128084785, 0.21970281481375373, 0.2122905794531107, 0.2103635424431017, 0.22946467695170492, 0.1956773420608453], "accuracy": [0.9227572240357876, 0.9240947285697013, 0.925734494015234, 0.9293994075686133, 0.9320744166364405, 0.9326335993229355, 0.9324522427759642, 0.9323162253657357, 0.9463638012332245, 0.948177366702938, 0.9479204449280619, 0.9480262362471286, 0.9470061056704147, 0.9487441059122235, 0.9529153064925644], "f1": [0.6857980055240949, 0.6871095154407576, 0.6885411763817731, 0.7351789076504052, 0.8826715564800918, 0.8920555674373087, 0.8914433771898512, 0.887338195696329, 0.9103058708210705, 0.9083313017493608, 0.9080368227692076, 0.9119040304231114, 0.9092925973890502, 0.9178659502453667, 0.9226698245047513]}, "validation": {"loss": [0.4044707931610413, 0.33061902786230113, 0.30126536476276655, 0.364808573028742, 0.2866248319739903, 0.2756113758657402, 0.2680897653522171, 0.25781598104994535, 0.2280651472379893, 0.22144289176056395, 0.21428550234733723, 0.2096725661807504, 0.20533483964088675, 0.22367867116223683, 0.19315337560651621], "accuracy": [0.924281453362256, 0.9245526030368764, 0.9252304772234273, 0.9300433839479393, 0.9322125813449024, 0.9325515184381779, 0.9329582429501084, 0.9318058568329718, 0.9502440347071583, 0.9492272234273319, 0.9505151843817787, 0.9500406724511931, 0.9488882863340564, 0.9501084598698482, 0.954175704989154], "f1": [0.689026927610521, 0.6892787020355595, 0.6897410159434372, 0.7390534149132351, 0.8910870119325895, 0.8966291363708355, 0.903419660912419, 0.8911882157282403, 0.9218628888762044, 0.917269236213083, 0.9349286343237999, 0.9208150108745616, 0.9361401151305287, 0.9291455222571552, 0.9297248988222779]}}