{"train": {"loss": [0.25639712871944015, 0.2247110704199647, 0.21238348286281875, 0.19818890916869925, 0.19027423212098452, 0.1866255218218976, 0.1801613428942027, 0.18101200319842817, 0.17646612480644863, 0.17230636844496158], "accuracy": [0.9186162495466086, 0.9292785032039657, 0.9343489299963729, 0.9324446862531738, 0.9346511909079918, 0.9400843307943417, 0.9384672349171805, 0.9391322089227421, 0.9407190787087414, 0.9417618788538267], "f1": [0.8193506641022399, 0.9141049084137189, 0.9204686087530441, 0.9081552925516361, 0.9132003899084358, 0.932373022044102, 0.9235128017693482, 0.9306940335185968, 0.9340273795647627, 0.9356528225676801]}, "validation": {"loss": [0.25691157403258597, 0.22551554222459907, 0.21264766385362618, 0.19802220188356015, 0.18674601346593747, 0.1827982191699446, 0.17639501773451258, 0.17714068240641642, 0.17316712956237174, 0.168467730408991], "accuracy": [0.9177738611713666, 0.9313991323210412, 0.9356697396963124, 0.9336361171366594, 0.9366187635574837, 0.9434652928416486, 0.9410927331887202, 0.942380694143167, 0.9427874186550976, 0.9448888286334056], "f1": [0.8187386346289132, 0.9214311704280673, 0.9265622104572608, 0.9123606359549601, 0.9182553218803353, 0.9393047843416443, 0.9300063013327533, 0.9378906355859309, 0.9389714742655556, 0.9421370113049092]}}