{"train": {"loss": [0.4358547001760057, 0.3439241517695456, 0.3122556104830951, 0.2814820941458357, 0.27200601330095436, 0.24246294487527134, 0.23469874180666023, 0.225388789205403, 0.2206605526742956, 0.21541427838034222, 0.2114319087959091, 0.20948661004357055, 0.20490346382222566, 0.20349665959608854, 0.19925149754266214], "accuracy": [0.923082154515778, 0.9233995284729779, 0.9258025027203483, 0.9297092250030226, 0.9318401644299359, 0.94597086204812, 0.9452378793374441, 0.9469909926248338, 0.9473990448555193, 0.9476257405392334, 0.9474897231290049, 0.948033792769919, 0.9492126103252327, 0.9487063232982711, 0.9529530891065168], "f1": [0.6862783591832758, 0.685974051547224, 0.688565035807991, 0.7380064571562613, 0.8401730124554037, 0.9006490378318535, 0.8901511416438297, 0.8878057961101384, 0.9020575514913616, 0.9140685279153191, 0.9127792628866713, 0.9112634333855215, 0.9097261936628346, 0.9144044561314482, 0.9319903326567105]}, "validation": {"loss": [0.43139566319845457, 0.34278152973362896, 0.3119397981019763, 0.2817723476590016, 0.27041950013923954, 0.23780029354157387, 0.22988941465621388, 0.22215087182852097, 0.2156995820663708, 0.2119555039355507, 0.20834049261558107, 0.205953050888591, 0.19757072340487403, 0.1968574443291792, 0.19204300080800984], "accuracy": [0.9244170281995662, 0.922925704989154, 0.926382863340564, 0.9292977223427332, 0.9307212581344902, 0.9477359002169198, 0.9475325379609545, 0.9486849240780911, 0.9491594360086768, 0.9491594360086768, 0.9492272234273319, 0.949295010845987, 0.9511930585683297, 0.9508541214750542, 0.9534978308026031], "f1": [0.6892303756523894, 0.6873955938404879, 0.6909464921631329, 0.7362771545176383, 0.8315639478229405, 0.9113102638622912, 0.8913546596967263, 0.890064610933581, 0.907223102150604, 0.9192313361759182, 0.9153550973991327, 0.9209207397795207, 0.937192225825084, 0.9409460634564353, 0.9502499763716673]}}