{"train": {"loss": [0.4693895588688394, 0.46469747903441555, 0.4581589122812626, 0.45316344657750723, 0.4451328606868966, 0.4414079294376061, 0.43955425462348663, 0.4374538451393551, 0.4362903025768683, 0.4346635145544141, 0.4355238568860987, 0.4344200768275637, 0.431200288808085, 0.4303228054285712, 0.42989752937659503, 0.4304464348588261, 0.43312044049445647, 0.4316197547267193, 0.42869458479961703, 0.428551793339837], "accuracy": [0.7221919961310603, 0.7407205900132995, 0.7476725909805344, 0.7477708257768105, 0.7514508523757708, 0.7600048361745859, 0.7628234191754323, 0.754873957199855, 0.7561510095514448, 0.7618561842582517, 0.761795732075928, 0.761795732075928, 0.7647881151009551, 0.7647805585781646, 0.7645916455084029, 0.7607075927940998, 0.7643422802563172, 0.7569293313988635, 0.7652566195139645, 0.7650828194897836], "f1": [0.5346089043968247, 0.6405758639257882, 0.5760842743263441, 0.6540936473942247, 0.5814168005683537, 0.6686047977189965, 0.6729231392531305, 0.5860601076728672, 0.586712992803498, 0.6695322800608147, 0.6696012214793052, 0.6696012214793052, 0.6738943975944385, 0.6738904906706585, 0.6738222159623048, 0.6304155584806156, 0.6780016548036483, 0.5870654984715344, 0.6836067612005055, 0.6788541635003135]}, "validation": {"loss": [0.4726981157982427, 0.46772488124199907, 0.4594646289524442, 0.4570180280154284, 0.44656212362834535, 0.44313976524191667, 0.4403444967210422, 0.4381533394731306, 0.43697807034416986, 0.43798873132325045, 0.4397360309150369, 0.43857878343143586, 0.4327701174385377, 0.4327780530664771, 0.4325133720473457, 0.4322940318515916, 0.43796659414525146, 0.431990636338898, 0.4320619742420387, 0.43141830740031867], "accuracy": [0.7158351409978309, 0.7310873101952278, 0.7417299349240781, 0.7382727765726681, 0.7453226681127982, 0.7489154013015185, 0.7517624728850325, 0.7487120390455532, 0.7502711496746204, 0.7510845986984815, 0.7510168112798264, 0.7510168112798264, 0.7539994577006508, 0.7539994577006508, 0.7538638828633406, 0.752779284164859, 0.7536605206073753, 0.7510168112798264, 0.7545417570498916, 0.7542706073752712], "f1": [0.5291742577823204, 0.6351081378127857, 0.5697166468724453, 0.6478059515594186, 0.5746694717662011, 0.6594399676487048, 0.6636164885360054, 0.5791546009711176, 0.5799392959644019, 0.660529187502917, 0.6605497577965758, 0.6605497577965758, 0.6647066645630785, 0.6647066645630785, 0.6647039693191725, 0.6226403176406164, 0.6682428983550135, 0.5802591226585181, 0.6722822321057687, 0.6684464604677498]}}