{"train": {"loss": [0.4076121563462962, 0.36665090833695124, 0.3525037719693388, 0.342992573563096, 0.33986040539373025, 0.3373809742914221, 0.33594181085486374, 0.3376082430343275, 0.33440965017109275, 0.3352568861902322, 0.3396971409899909, 0.33276076984728686, 0.33343660158134014, 0.3325793839269633, 0.33551655147752474, 0.33234005094491437, 0.33137928026438307, 0.33120023459849096, 0.33552066110996837, 0.33461947605640735], "accuracy": [0.8007873896747673, 0.8006211461733769, 0.8181522790472736, 0.8235703058880426, 0.8212882360053197, 0.8238045580945472, 0.8241068190061661, 0.8204948011123202, 0.8239103494136139, 0.8221950187401765, 0.8204948011123202, 0.8243637407810422, 0.8222781404908717, 0.8208424011606819, 0.8202378793374441, 0.8208348446378915, 0.8243939668722041, 0.8231244710434047, 0.8202378793374441, 0.8202076532462822], "f1": [0.6950895720168127, 0.6835777880895171, 0.7718932327613445, 0.7679450353240046, 0.7809748031454973, 0.7766974507994808, 0.7763337073857104, 0.7869414602740781, 0.7888744978396474, 0.7813183217339574, 0.7869414602740781, 0.788258434213295, 0.7805750336565054, 0.7871242532184701, 0.7849413180801003, 0.7871148722746426, 0.7752122572649439, 0.7993059140034886, 0.7849413180801003, 0.7854977590668257]}, "validation": {"loss": [0.41166278794246225, 0.3677648770382503, 0.35779067376171947, 0.3465471411216802, 0.34180243382808184, 0.3412314593840447, 0.33994029188395325, 0.34328705744733, 0.33816212215289115, 0.3365211757364604, 0.3470959991152012, 0.33590844593570446, 0.33847711825189775, 0.33474944935962075, 0.3419441026908198, 0.33469380317922526, 0.33539170867999823, 0.3347377991970475, 0.3422097263942572, 0.3408820085760828], "accuracy": [0.7884354663774403, 0.8046366594360087, 0.813923535791757, 0.8233459869848156, 0.8294468546637744, 0.8205667028199566, 0.8209734273318872, 0.8103308026030369, 0.8227359002169198, 0.8297857917570499, 0.8103308026030369, 0.82287147505423, 0.8155504338394793, 0.8261930585683297, 0.8106019522776573, 0.8261930585683297, 0.8207700650759219, 0.8237527114967462, 0.8106019522776573, 0.8103308026030369], "f1": [0.6834851552414263, 0.685435289177105, 0.7691078384216952, 0.7692478623726213, 0.7904755008104338, 0.7754887972141555, 0.775317637900005, 0.7803540812907601, 0.7904890107334532, 0.7902547371056399, 0.7803540812907601, 0.7895689690764368, 0.7764969158065727, 0.7942373937131348, 0.7788057077835053, 0.7942373937131348, 0.773399027724137, 0.8032957745101716, 0.7788057077835053, 0.7790706670630139]}}