{"train": {"accuracy": [0.9503218689555126, 0.9528832205029013, 0.953691670696325], "f1_score": [0.9412423471164971, 0.9447130806452747, 0.9452935251405139], "precision": [0.9434946468157891, 0.9470267963944065, 0.9482449680119234], "recall": [0.9459318711249289, 0.9488915152802082, 0.9487564826488584], "loss": [0.2590557932853699, 0.24928447604179382, 0.23900333046913147]}, "validation": {"accuracy": [0.9524132321041214, 0.9560059652928417, 0.9543790672451193], "f1_score": [0.943834611734981, 0.9479407583303794, 0.9462864548904169], "precision": [0.9439018985950266, 0.948215638410227, 0.9480057699041445], "recall": [0.9497549192604812, 0.9529636955861546, 0.9502355633386107], "loss": [0.2546001076698303, 0.24626031517982483, 0.23660513758659363]}}