{"train": {"loss": [0.24823696364430672, 0.21299742233472907, 0.19317529172270884, 0.18581171096207996, 0.1918089053308955, 0.17541017700112793, 0.17435925424876272, 0.1702184794440044, 0.17131742379381332, 0.1631433662289224], "accuracy": [0.9114526659412405, 0.9260291984040624, 0.9383992262120663, 0.9391699915366944, 0.9345151734977633, 0.9397971829283037, 0.941081791802684, 0.9420565832426551, 0.9421321484705598, 0.9429784790230927], "f1": [0.8096635058681174, 0.8867701309179925, 0.9319234833994371, 0.9354378827651207, 0.9279163715167941, 0.9338232333623985, 0.9368288793262918, 0.9376265741808081, 0.9378069934943649, 0.9374383670338788]}, "validation": {"loss": [0.24456126583081522, 0.21062734925113377, 0.1909627495757799, 0.18411649662977056, 0.1904579795525286, 0.17357854161678193, 0.17328374717311848, 0.1699629918896389, 0.17096315183901023, 0.16273651482969717], "accuracy": [0.9132998915401301, 0.9280097613882863, 0.9396691973969631, 0.9417706073752712, 0.9363476138828634, 0.94095715835141, 0.9415672451193059, 0.9427196312364425, 0.943736442516269, 0.9453633405639913], "f1": [0.8103364556709705, 0.8894300242964259, 0.9325565836153158, 0.9357650882172766, 0.9279347301389858, 0.9334764239116957, 0.9352747120204064, 0.9356694155734715, 0.937212708462841, 0.9375733341212418]}}