{"train": {"accuracy": [0.9551121252417795, 0.9550743471953579, 0.9555503505802708, 0.955943242263056], "f1_score": [0.9469795471087274, 0.9469956802436801, 0.9476379415616086, 0.9481988112304277], "precision": [0.9492256517739353, 0.9490749159291514, 0.9500005114795702, 0.9507527870942927], "recall": [0.9507920403189052, 0.9512916119586713, 0.9516090938832892, 0.9516974054845774], "loss": [0.22740669548511505, 0.22649437189102173, 0.22583253681659698, 0.22286850214004517]}, "validation": {"accuracy": [0.9557348156182213, 0.9537689804772235, 0.9532944685466378, 0.9549891540130152], "f1_score": [0.9477991098245551, 0.9454881691225472, 0.9448007429617991, 0.9469200923795196], "precision": [0.9483016392457508, 0.9460700756097988, 0.945520242005242, 0.9481719863320375], "recall": [0.9526756132983989, 0.9510642107797868, 0.9502993176743365, 0.9513657864531905], "loss": [0.23302730917930603, 0.23320725560188293, 0.23400971293449402, 0.23151704668998718]}}