{"train": {"accuracy": [0.7012512088974855, 0.7012512088974855, 0.7011907640232108], "f1_score": [0.6052663478265918, 0.6054082875065886, 0.6059677492362029], "precision": [0.6290003231595874, 0.6291139610188277, 0.6294507467054175], "recall": [0.7581514230450486, 0.7581514230450482, 0.7578744639914955], "loss": [1.0680078268051147, 1.0552407503128052, 1.0443482398986816]}, "validation": {"accuracy": [0.6925162689804772, 0.6925162689804772, 0.692312906724512], "f1_score": [0.5968105739754048, 0.5968105739754048, 0.596738259135646], "precision": [0.6234737424380148, 0.6234737424380148, 0.6233529967098937], "recall": [0.749922528664395, 0.749922528664395, 0.7492445110124079], "loss": [1.0723519325256348, 1.0594431161880493, 1.0484455823898315]}}