{"train": {"accuracy": [0.9479418520309478, 0.9523543278529981, 0.9524072171179884], "f1_score": [0.9379583497256739, 0.9433439977669901, 0.9437394787746765], "precision": [0.9365807229889817, 0.9452060955798203, 0.9457479620864057], "recall": [0.9470182008550766, 0.9478636994497176, 0.9481778852177598], "loss": [0.25691884756088257, 0.24614296853542328, 0.23937295377254486]}, "validation": {"accuracy": [0.9509896963123644, 0.9546502169197397, 0.9537011930585684], "f1_score": [0.9412658223586085, 0.9461366499439573, 0.9451650405242534], "precision": [0.9392700043235512, 0.9460445785874487, 0.945387988039806], "recall": [0.9492589399777479, 0.9515946305714462, 0.9507025616695983], "loss": [0.25347939133644104, 0.24403837323188782, 0.2365259826183319]}}