{"train": {"loss": [0.4058851969988595, 0.37172827791112767, 0.36417612417761375, 0.36110609566533447, 0.3584658151233075, 0.35868513080015835, 0.35606909255412494, 0.35491864679820795, 0.3544462713461578, 0.3537142101037577, 0.3586498998101923, 0.35852330841747343, 0.35279754118010315, 0.3522829860178628, 0.35345418249910815, 0.3562610428465073, 0.3519699637970853, 0.3545883890643096, 0.3528299495511161, 0.3520861575226849], "accuracy": [0.797522971829283, 0.8074522427759642, 0.8113589650586386, 0.8113589650586386, 0.8113589650586386, 0.8032734856728327, 0.8113589650586386, 0.8113589650586386, 0.8113740781042196, 0.8113589650586386, 0.8116158868335147, 0.8032961552412042, 0.8113665215814291, 0.8113740781042196, 0.8074597992987547, 0.8032961552412042, 0.8116309998790956, 0.8116158868335147, 0.8116763390158385, 0.8116309998790956], "f1": [0.7055063421294052, 0.6963228287141483, 0.691783926825576, 0.691783926825576, 0.691783926825576, 0.7006994553901523, 0.691783926825576, 0.691783926825576, 0.6918054051795524, 0.691783926825576, 0.6917344070154569, 0.7007335237433028, 0.6917946626856146, 0.6918054051795524, 0.6963391466960943, 0.7007335237433028, 0.6917558853694333, 0.6917344070154569, 0.6918117576561706, 0.6917558853694333]}, "validation": {"loss": [0.4117322964937206, 0.3780643704656407, 0.3700484694698886, 0.3667488587199995, 0.36350990990237403, 0.36334310749186094, 0.36088985738035395, 0.35938992527456964, 0.3587477715310202, 0.3580062809095207, 0.3637514177249207, 0.362164776085385, 0.3571292559682935, 0.3564344189269165, 0.3571629467583918, 0.35964305197856433, 0.35627525825045375, 0.35934535092361064, 0.35640751576119806, 0.3566813753865288], "accuracy": [0.7934517353579176, 0.8011117136659436, 0.8049755965292842, 0.8049755965292842, 0.8049755965292842, 0.7973834056399133, 0.8049755965292842, 0.8049755965292842, 0.8049755965292842, 0.8049755965292842, 0.8056534707158352, 0.7973834056399133, 0.8049755965292842, 0.8049755965292842, 0.8011117136659436, 0.7973834056399133, 0.8056534707158352, 0.8056534707158352, 0.8056534707158352, 0.8056534707158352], "f1": [0.6959256705703138, 0.6821158317596474, 0.6763618872847657, 0.6763618872847657, 0.6763618872847657, 0.6880292150100391, 0.6763618872847657, 0.6763618872847657, 0.6763618872847657, 0.6763618872847657, 0.6768709121724797, 0.6880292150100391, 0.6763618872847657, 0.6763618872847657, 0.6821158317596474, 0.6880292150100391, 0.6768709121724797, 0.6768709121724797, 0.6768709121724797, 0.6768709121724797]}}