{"train": {"loss": [0.2775459098134269, 0.2569383339815894, 0.2464539678407044, 0.24115519911434494, 0.23775768591986332, 0.23733767471546433, 0.23456223937052317, 0.23407579149070917, 0.23495231486354348, 0.23262788565528564, 0.2303563586158797, 0.2307482093529383, 0.2283086960214754, 0.229869288196463, 0.2274393149484057, 0.22729661879607077, 0.22663486151275095, 0.22619680950879273, 0.22946189727626987, 0.22638803693363208], "accuracy": [0.9036014387619393, 0.9038734735823963, 0.9070623261999758, 0.9109312658686979, 0.9119211703542498, 0.9125408052230686, 0.9115357876919357, 0.9122536573570306, 0.9116340224882118, 0.9133040140249064, 0.9130622052956112, 0.9129488574537541, 0.9131679966146777, 0.9130848748639826, 0.9134324749123444, 0.9135836053681538, 0.9134324749123444, 0.913379579252811, 0.9132813444565349, 0.9136591705960585], "f1": [0.8056782756103804, 0.8091742582646954, 0.8266251927339421, 0.8752309240635888, 0.8757682748080802, 0.8780752666864385, 0.8767439155146863, 0.8776217593313529, 0.8773236492777549, 0.8785251237931523, 0.8787002290633799, 0.8783625003357198, 0.8786626269950216, 0.8783247138550002, 0.8787422210407871, 0.8790533273804433, 0.8789491048653333, 0.8788584054352716, 0.8785288003889886, 0.8788643583341555]}, "validation": {"loss": [0.2832930379682534, 0.2648407592561395, 0.2533620027360585, 0.24778660936705332, 0.2445018642305229, 0.2433427277257476, 0.24157179225389713, 0.24172299459107915, 0.24250290381223158, 0.23687705768114703, 0.23608023358545308, 0.23753136168122937, 0.2331395535416691, 0.23634835422329944, 0.23220552430526553, 0.23217389137037664, 0.23055312630201238, 0.23016840434449354, 0.23575371600800638, 0.23179450845689292], "accuracy": [0.8985222342733189, 0.8980477223427332, 0.9018438177874186, 0.9051654013015185, 0.9053687635574837, 0.9067922993492408, 0.9050976138828634, 0.9059110629067245, 0.9056399132321041, 0.9080802603036876, 0.9079446854663774, 0.9072668112798264, 0.9082158351409978, 0.9072668112798264, 0.9078091106290672, 0.9078768980477223, 0.9088259219088937, 0.9089614967462039, 0.9078091106290672, 0.9080802603036876], "f1": [0.800963628947518, 0.802259678272242, 0.8192148018359234, 0.864101701863754, 0.8641255760992108, 0.8689576757997761, 0.8652799077206348, 0.8663356683271077, 0.8679907972383443, 0.8684602164458807, 0.870197504823576, 0.869247575343471, 0.8704165572188481, 0.8691629461763521, 0.869682019442308, 0.8697765522398431, 0.8710555286157999, 0.8711470667827067, 0.86964430879557, 0.8698957116452044]}}