{"train": {"accuracy": [0.9536312258220503, 0.9536010033849129, 0.9538956721470019, 0.9541450072533849, 0.9543565643133463], "f1_score": [0.9455022597406589, 0.9454712819597308, 0.9459144092841658, 0.9459499304371004, 0.9464099210632179], "precision": [0.9481024653750643, 0.9483241408706773, 0.9492747612567283, 0.9489599998893288, 0.9495692111730336], "recall": [0.9491990956944935, 0.9488935049087992, 0.948799455388051, 0.9489961693008667, 0.9494475405875465], "loss": [0.2333182394504547, 0.23201417922973633, 0.23112943768501282, 0.22944234311580658, 0.22758743166923523]}, "validation": {"accuracy": [0.9540401301518439, 0.9533622559652929, 0.9534978308026031, 0.9537689804772235, 0.9539723427331888], "f1_score": [0.9465767592856015, 0.9457372631415918, 0.9461172000711944, 0.9461793222755304, 0.9465235951353637], "precision": [0.9492391650254215, 0.9488977495197546, 0.9495021488954106, 0.9494397142430739, 0.949900075674538], "recall": [0.9508682141496976, 0.9500719969159673, 0.950046252493739, 0.9501251786668334, 0.9503809344266331], "loss": [0.23956933617591858, 0.23883891105651855, 0.23822152614593506, 0.23620913922786713, 0.23518195748329163]}}