{"train": {"accuracy": [0.9402880198259188, 0.9432195962282398, 0.9483271881044487], "f1_score": [0.9282086350584144, 0.9304928047073623, 0.9378232253013363], "precision": [0.9265791439885208, 0.9285227114194484, 0.9370161324955499], "recall": [0.9403570311921005, 0.9441283668966609, 0.9469308387770465], "loss": [0.47955915331840515, 0.4155908524990082, 0.3752210736274719]}, "validation": {"accuracy": [0.941635032537961, 0.9460412147505423, 0.950718546637744], "f1_score": [0.9299559054388838, 0.9338488396744362, 0.9404465127117441], "precision": [0.9281738294325904, 0.9316553780307403, 0.9393168605120562], "recall": [0.9413451543541611, 0.9464640871653159, 0.9491760188491188], "loss": [0.4725368320941925, 0.39909183979034424, 0.35886427760124207]}}