{"train": {"loss": [0.754069539538601, 0.7330038223350257, 0.7185619473457336, 0.7082745464224565, 0.7000051569520381, 0.6939418765536526, 0.6875972308610615, 0.682065467039744, 0.67652918581377, 0.6714810770854616, 0.6672611121545758, 0.6633944375473156, 0.6594906020582768, 0.6564448423552931, 0.6526920418990286, 0.6498796427459047, 0.6468848084148607, 0.6438794198789095, 0.6414355614729095, 0.6390548296142042, 0.6367491452317489, 0.6348054471768831, 0.6321567150584438, 0.6312373813829923, 0.6289056424509015, 0.6273200334164134, 0.625613738570297, 0.6238936886452792, 0.6221964934415984, 0.6209922600210759, 0.6193518764094302, 0.6187444099208765, 0.6168084060936644, 0.6155226607071725, 0.6139084309862372, 0.6136505520134642, 0.6115736480344806, 0.6084314731129429, 0.6008139953278658, 0.5867232230671665, 0.5828940816092909, 0.5715975510446649, 0.5634165594452306, 0.5547942634214434, 0.543078292880142, 0.5333634662000757, 0.523380961857344, 0.5293257832527161, 0.5122180398096118, 0.4981451175714794, 0.489732003002836, 0.48239268859227497, 0.47950068325327155, 0.47715209136929426, 0.48474113251033585, 0.4606532663629766, 0.45208999357725443, 0.4541199264819162, 0.44331246771310506, 0.44115008753642704, 0.4402160942554474, 0.4305976137780307, 0.4342397069721891, 0.4181932095895734, 0.4157500162459256, 0.408315415445127, 0.40581256621762324, 0.4001324903546718, 0.3964462531240363, 0.3975034256776174, 0.3870009492363846, 0.38122974205435367, 0.38152007366481583, 0.37460862805968836, 0.37181667120833145, 0.3657955197911513, 0.3627628067083526, 0.3591117613148271, 0.3537138893938901, 0.3581147795183617, 0.34899663036329703, 0.3461828289324777, 0.3631488774952136, 0.3419132656172702, 0.34328600293711614, 0.3350073405002293, 0.3371084136398215, 0.3245441688780199, 0.32106758523405643, 0.3214627352722904, 0.3152002101404625, 0.32377862093741433, 0.31159725366977226, 0.30584971920440074, 0.31151429916683, 0.3039982104510592, 0.3004837674007081, 0.30572780339341415, 0.2948747635410543, 0.2923520359030941], "accuracy": [0.7632669983416253, 0.7632669983416253, 0.7632669983416253, 0.7632669983416253, 0.7632669983416253, 0.7632669983416253, 0.7632669983416253, 0.7632669983416253, 0.7632669983416253, 0.7632669983416253, 0.7632669983416253, 0.7632669983416253, 0.7632669983416253, 0.7632669983416253, 0.7632669983416253, 0.7632669983416253, 0.7632669983416253, 0.7632669983416253, 0.7632669983416253, 0.7632669983416253, 0.7632669983416253, 0.7632669983416253, 0.7632669983416253, 0.7632669983416253, 0.7632669983416253, 0.7632669983416253, 0.7632669983416253, 0.7632669983416253, 0.7632669983416253, 0.7632669983416253, 0.7632669983416253, 0.7632669983416253, 0.7632669983416253, 0.7632669983416253, 0.7632669983416253, 0.7632669983416253, 0.7632669983416253, 0.7632669983416253, 0.7775013819789939, 0.814262023217247, 0.8163349917081261, 0.8333333333333334, 0.8304311774461028, 0.8430071862907684, 0.8605583195135434, 0.8674682144831398, 0.8724433388612494, 0.8461857379767828, 0.882669983416252, 0.892758430071863, 0.896627971254837, 0.9040906578220012, 0.8957987838584853, 0.8897180762852405, 0.8721669430624654, 0.9145936981757877, 0.9174958540630183, 0.9119679380873411, 0.9186014372581537, 0.9197070204532891, 0.906301824212272, 0.9246821448313985, 0.9134881149806523, 0.9268933112216694, 0.925649530127142, 0.9289662797125484, 0.9314538419016031, 0.9333886124930901, 0.9304864566058596, 0.9216417910447762, 0.9333886124930901, 0.9367053620784964, 0.9300718629076838, 0.9343559977888336, 0.9367053620784964, 0.9385019347705915, 0.9387783305693753, 0.9400221116639027, 0.9409894969596462, 0.9346323935876175, 0.943477059148701, 0.9391929242675512, 0.9288280818131565, 0.9400221116639027, 0.9401603095632947, 0.943338861249309, 0.9391929242675512, 0.9462410171365395, 0.9474847982310669, 0.9437534549474847, 0.9474847982310669, 0.9419568822553898, 0.9470702045328911, 0.9502487562189055, 0.9448590381426202, 0.9465174129353234, 0.9478993919292427, 0.9422332780541736, 0.9503869541182974, 0.9494195688225538], "f1": [0.6805669560216122, 0.6805669560216122, 0.6805669560216122, 0.6805669560216122, 0.6805669560216122, 0.6805669560216122, 0.6805669560216122, 0.6805669560216122, 0.6805669560216122, 0.6805669560216122, 0.6805669560216122, 0.6805669560216122, 0.6805669560216122, 0.6805669560216122, 0.6805669560216122, 0.6805669560216122, 0.6805669560216122, 0.6805669560216122, 0.6805669560216122, 0.6805669560216122, 0.6805669560216122, 0.6805669560216122, 0.6805669560216122, 0.6805669560216122, 0.6805669560216122, 0.6805669560216122, 0.6805669560216122, 0.6805669560216122, 0.6805669560216122, 0.6805669560216122, 0.6805669560216122, 0.6805669560216122, 0.6805669560216122, 0.6805669560216122, 0.6805669560216122, 0.6805669560216122, 0.6805669560216122, 0.6805669560216122, 0.7375099827090643, 0.8239177885998938, 0.8163214721834084, 0.8699331179192811, 0.8382781984915835, 0.8771427555927421, 0.8810692995972685, 0.8843725310650022, 0.895227423086903, 0.8843755899242618, 0.8943279362941234, 0.9110234967376254, 0.9118094090175163, 0.9189648283283309, 0.9159731445197642, 0.9137343846712593, 0.9015175500031367, 0.9267386223370876, 0.9303671999134829, 0.9225398826248796, 0.9301310071814343, 0.9317644050017245, 0.9256204824451177, 0.9375259645179288, 0.9185656955134931, 0.9410461273164572, 0.937394131795654, 0.9427671035770461, 0.9419736533836103, 0.9450169074564452, 0.9442205392227175, 0.937335698845946, 0.9459091605431289, 0.9487625031749005, 0.9444757446620211, 0.947568945292632, 0.9478247043787984, 0.9506721508188002, 0.9516363186476877, 0.9520643128084225, 0.9533883341290864, 0.9488560535158134, 0.9558423438653683, 0.9506614805084124, 0.9416317922262918, 0.9531353466711452, 0.9521721722615423, 0.9561677485628282, 0.952497667368374, 0.9584932018675553, 0.9597472452462716, 0.9565857896147238, 0.9591592222947612, 0.9536235835059065, 0.9586555658245773, 0.9620702382192148, 0.9558366895216927, 0.958836076701355, 0.9602594522942773, 0.9555304923651593, 0.96276290845782, 0.9618474836063563]},