{"train": {"loss": [0.747376283009847, 0.7257693849111858, 0.7145245347106666, 0.7053666271661457, 0.698592109638348, 0.6924235559346383, 0.6864252832897922, 0.6814370960520025, 0.6767805616060892, 0.6719941611875567, 0.6681638360023499, 0.664126149395056, 0.6605893697654992, 0.657287481584047, 0.6539784262054845, 0.6506553616440087, 0.6485099259175753, 0.6458336878241154, 0.6429493835097865, 0.64003972107904, 0.6387886467732882, 0.6361008506072195, 0.6340099792731436, 0.6320783663214299, 0.6298739293165374, 0.6289423871458623, 0.6263271559748733, 0.6253363270508615, 0.623577076092101, 0.6223340640988266, 0.620460966177154, 0.6191044000157139, 0.6181115999556425, 0.6167158055723759, 0.6159578812749762, 0.6142907926910802, 0.6125409414893702, 0.61196347914244, 0.6108524056903103, 0.6089464018219396, 0.6061765833904869, 0.5943029627465365, 0.5872040694220024, 0.5799889062580309, 0.573025926163322, 0.5614123114368372, 0.5607100688574607, 0.5454430365771578, 0.5378782989685995, 0.5437440161119428, 0.5232867441679302, 0.5196550995634314, 0.5034087509439703, 0.4962455206795743, 0.4878219847093549, 0.48436260380243, 0.47939550144630566, 0.4769938279662216, 0.46306075547870834, 0.46860944388205544, 0.4561263824764051, 0.471296371075145, 0.4466195927377333, 0.43763513157242223, 0.43984908492941605, 0.4255722285362712, 0.4473752102308106, 0.421417796820925, 0.4144356245534462, 0.40906369215563726, 0.40679208019323515, 0.4039356792182253, 0.3955869392344826, 0.3933389453511489, 0.3918970143585874, 0.3922840984244096, 0.3862976541644649, 0.3775099055808887, 0.371267520021974, 0.37490450865344, 0.3671323238757619, 0.3627341117775231, 0.3608673397909131, 0.3583064241367474, 0.3508025365963317, 0.3557356282284385, 0.34455509274675133, 0.34326931154518797, 0.34027006124195297, 0.3882899582386017, 0.3362357511855008, 0.3309893900888008, 0.3301871617635091, 0.32620079841530114, 0.32921286319431503, 0.31580560772042526, 0.3184773623943329, 0.31245561859063936, 0.3093739826428263, 0.33101147674677667], "accuracy": [0.7640961857379768, 0.75787728026534, 0.75787728026534, 0.75787728026534, 0.75787728026534, 0.75787728026534, 0.75787728026534, 0.75787728026534, 0.75787728026534, 0.75787728026534, 0.75787728026534, 0.75787728026534, 0.75787728026534, 0.75787728026534, 0.75787728026534, 0.75787728026534, 0.75787728026534, 0.75787728026534, 0.75787728026534, 0.75787728026534, 0.75787728026534, 0.75787728026534, 0.75787728026534, 0.75787728026534, 0.75787728026534, 0.75787728026534, 0.75787728026534, 0.75787728026534, 0.75787728026534, 0.75787728026534, 0.75787728026534, 0.75787728026534, 0.75787728026534, 0.75787728026534, 0.8059701492537313, 0.75787728026534, 0.7878662244333886, 0.7734936428966279, 0.7744610281923715, 0.7874516307352128, 0.7867606412382532, 0.7946379215035931, 0.7978164731896075, 0.8038971807628524, 0.8296019900497512, 0.8329187396351575, 0.8202045328911001, 0.8449419568822554, 0.8695411829740188, 0.8622166943062466, 0.8665008291873963, 0.8801824212271974, 0.8906854615809839, 0.8934494195688225, 0.8970425649530127, 0.8940022111663902, 0.9027086788280818, 0.8985627418463239, 0.9089275843007186, 0.8904090657822001, 0.9132117191818684, 0.8830845771144279, 0.9125207296849088, 0.9242675511332228, 0.9089275843007186, 0.9253731343283582, 0.892620232172471, 0.9264787175234936, 0.9252349364289663, 0.9292426755113322, 0.9274461028192371, 0.9263405196241017, 0.935599778883361, 0.9325594250967385, 0.9306246545052516, 0.9253731343283582, 0.9329740187949144, 0.9385019347705915, 0.939331122166943, 0.9307628524046434, 0.9369817578772802, 0.9391929242675512, 0.9372581536760641, 0.9382255389718076, 0.9426478717523493, 0.9362907683803207, 0.9430624654505252, 0.941404090657822, 0.9407131011608624, 0.9094803758982863, 0.9443062465450525, 0.9455500276395798, 0.9440298507462687, 0.9427860696517413, 0.939607517965727, 0.9483139856274184, 0.945411829740188, 0.9470702045328911, 0.9480375898286346, 0.9311774461028193], "f1": [0.6825186302051225, 0.8463982288673298, 0.8463982288673298, 0.8463982288673298, 0.8463982288673298, 0.8463982288673298, 0.8463982288673298, 0.8463982288673298, 0.8463982288673298, 0.8463982288673298, 0.8463982288673298, 0.8463982288673298, 0.8463982288673298, 0.8463982288673298, 0.8463982288673298, 0.8463982288673298, 0.8463982288673298, 0.8463982288673298, 0.8463982288673298, 0.8463982288673298, 0.8463982288673298, 0.8463982288673298, 0.8463982288673298, 0.8463982288673298, 0.8463982288673298, 0.8463982288673298, 0.8463982288673298, 0.8463982288673298, 0.8463982288673298, 0.8463982288673298, 0.8463982288673298, 0.8463982288673298, 0.8463982288673298, 0.8463982288673298, 0.8546541869560639, 0.8463982288673298, 0.806094128780621, 0.7364685338660089, 0.7398252204630021, 0.8126464042468171, 0.8486401255322253, 0.8497669070085601, 0.8557422655772142, 0.8593613523769289, 0.8425184600155797, 0.8740765019513054, 0.8720550901906496, 0.8824032709274359, 0.887805490860873, 0.8646074110695587, 0.8915860392657372, 0.8914752786185928, 0.9076521840107312, 0.9095331691528346, 0.9132340880343606, 0.9142569310485964, 0.9127254706673653, 0.9027856301556936, 0.9232336571795057, 0.9132967340987499, 0.9298809311049352, 0.9123730817643275, 0.9181851030191261, 0.9383720520149172, 0.9282858067380941, 0.936192513526102, 0.9180182032566236, 0.9369740482534195, 0.9392142886656571, 0.9403796930966475, 0.9407324670508207, 0.9391151080483657, 0.9478096087658969, 0.9432507724077658, 0.9445808934519819, 0.9406710734400899, 0.945031265590426, 0.9514375504540393, 0.9516305778397822, 0.9448995705032437, 0.9493517970786135, 0.952012200799067, 0.9502081355958643, 0.9496940453415559, 0.9550083243520182, 0.9506259225476011, 0.9552641227335394, 0.9528289116212855, 0.9519593398044174, 0.9185147935301399, 0.9570988824779978, 0.9583928770268059, 0.9557309996236001, 0.9542116555799118, 0.9527831987253099, 0.9604846999733503, 0.9584985061161744, 0.9591395145582288, 0.9602657153062332, 0.946237098371801]}, "validation": {"loss": [0.7494053414889744, 0.730324557849339, 0.7195302844047546, 0.7110238245555333, 0.7050506217139108, 0.6989415798868451, 0.6938290510858808, 0.6880389537130084, 0.6836807472365243, 0.6796891433852059, 0.6753317202840533, 0.6715204630579267, 0.6684166959353856, 0.6648703983851841, 0.661648520401546, 0.6588889104979379, 0.656089016369411, 0.653838404587337, 0.651033341884613, 0.6486619881221226, 0.6466612645557949, 0.6444670387676784, 0.6422776324408395, 0.6405888540404183, 0.6386770095144, 0.6369318791798183, 0.6354977743966239, 0.6338097623416356, 0.6320332033293588, 0.6309040444237846, 0.6298450401851109, 0.6283941098621914, 0.6273779187883649, 0.6257234215736389, 0.6242580839565822, 0.6233849780900138, 0.6219766225133624, 0.6207577586174011, 0.6194625411714826, 0.6179062468664986, 0.616407471043723, 0.6044865931783404, 0.5995618530682155, 0.592801536832537, 0.584625950881413, 0.5758023176874433, 0.5763012255941119, 0.5612244861466544, 0.5540571468217033, 0.5609141417912075, 0.5414784380367824, 0.5380252770015171, 0.5272851841790336, 0.5205257066658565, 0.5128958182675498, 0.5115310038839068, 0.5036065110138485, 0.4977377951145172, 0.48917888743536814, 0.4996210038661957, 0.48663475258009775, 0.5048065057822636, 0.4708669185638428, 0.4690699577331543, 0.47337086711611065, 0.4564975755555289, 0.4883684047630855, 0.4516378215381077, 0.4481144632611956, 0.4424463084765843, 0.44193545409611296, 0.4386196434497833, 0.4335037171840668, 0.4289921351841518, 0.4335456575666155, 0.4352877012320927, 0.42635721819741385, 0.4246836560113089, 0.41761258244514465, 0.4234432578086853, 0.41369669352258953, 0.409618935414723, 0.41121895398412434, 0.4079795181751251, 0.4037994997841971, 0.42193212253706797, 0.395637571811676, 0.39880470292908804, 0.3930908271244594, 0.42384440132549833, 0.4018186756542751, 0.39171653985977173, 0.38892468384334017, 0.3847144331250872, 0.40282831873212543, 0.3831535450049809, 0.3950377489839281, 0.3821873026234763, 0.38441020250320435, 0.41169885652405874],