{"train": {"loss": [0.7345929522263376, 0.716182227720294, 0.7054513253663716, 0.6984806113075792, 0.6915487898023505, 0.6851425965627035, 0.6798656206381949, 0.6752161007178458, 0.670406140779194, 0.666164987965634, 0.6630464813165498, 0.659671333798191, 0.6561090203753689, 0.6532937288284302, 0.6506538861676266, 0.647278696821447, 0.6447156343543738, 0.6423205210451495, 0.639832547882147, 0.6377863225183988, 0.6361028447485807, 0.6336953221705922, 0.6319418037146852, 0.6302122996564496, 0.6286753186008387, 0.6275713966603864, 0.6258897018014339, 0.6239539562610158, 0.622168759504954, 0.6199320826614112, 0.6166963765495702, 0.6098393003145853, 0.5950939498449627, 0.5902726901204962, 0.5793427438066717, 0.5724647013764632, 0.5605740651749728, 0.555021864280366, 0.5497130730695892, 0.5436170702440697, 0.5329357694115555, 0.5294669458740636, 0.5195509001874087, 0.5181329851610619, 0.5054999694489596, 0.5095193156024866, 0.4931132291492663, 0.48890256097442225, 0.48484860648188677, 0.47493608897192435, 0.4702947976296408, 0.4644652678255449, 0.45728791858020584, 0.4580061948090269, 0.4531389532382028, 0.4415777602739501, 0.4386881793800153, 0.4356961412387982, 0.4302318655607993, 0.431203765304465, 0.4215816154814603, 0.41544249235538017, 0.4211881521501039, 0.4045497801220208, 0.39959615050700675, 0.3961821710854246, 0.39074883230945523, 0.40466673593772085, 0.3856051626958345, 0.38930649558703107, 0.3747906606448324, 0.3728095115276805, 0.3760685324668884, 0.36105062773353175, 0.36129639180083023, 0.35767481410712526, 0.3545798967804825, 0.3529192146502043, 0.3445718319792497, 0.3442743744766503, 0.33606312463158056, 0.33500203071979057, 0.33533927066284314, 0.32643258571624756, 0.3269049418077134, 0.32050074976787235, 0.31865132691567405, 0.31555771984552083, 0.30958132419669837, 0.3060377634931029, 0.31002023633111986, 0.3010833608476739, 0.29991998196693886, 0.3124421748675798, 0.29661362997272556, 0.290184237193643, 0.29315220002542464, 0.28316453386817064, 0.2830156699607247, 0.2772344769093028], "accuracy": [0.7593974571586511, 0.7593974571586511, 0.7593974571586511, 0.7593974571586511, 0.7593974571586511, 0.7593974571586511, 0.7593974571586511, 0.7593974571586511, 0.7593974571586511, 0.7593974571586511, 0.7593974571586511, 0.7593974571586511, 0.7593974571586511, 0.7593974571586511, 0.7593974571586511, 0.7593974571586511, 0.7593974571586511, 0.7593974571586511, 0.7593974571586511, 0.7593974571586511, 0.7593974571586511, 0.7593974571586511, 0.7593974571586511, 0.7593974571586511, 0.7593974571586511, 0.7593974571586511, 0.7593974571586511, 0.7593974571586511, 0.7593974571586511, 0.7593974571586511, 0.7593974571586511, 0.7768103924820343, 0.7947761194029851, 0.8081813156440022, 0.8237976782752903, 0.8290491984521835, 0.8414870093974571, 0.8512990602542841, 0.8485351022664456, 0.8467385295743505, 0.8677446102819237, 0.8548922056384743, 0.8699557766721946, 0.8564123825317855, 0.8782476506357103, 0.8595909342177999, 0.8837755666113875, 0.8857103372028745, 0.8814262023217247, 0.9020176893311221, 0.9051962410171366, 0.8960751796572692, 0.904228855721393, 0.9038142620232172, 0.9107241569928137, 0.9158374792703151, 0.9181868435599779, 0.9097567716970703, 0.9174958540630183, 0.9126589275843007, 0.9187396351575456, 0.9230237700386954, 0.9192924267551134, 0.9285516860143725, 0.931730237700387, 0.9303482587064676, 0.9353233830845771, 0.9198452183526811, 0.9306246545052516, 0.9249585406301825, 0.9358761746821448, 0.9347705914870094, 0.9275843007186291, 0.939469320066335, 0.935599778883361, 0.9361525704809287, 0.9380873410724156, 0.9386401326699834, 0.941404090657822, 0.9382255389718076, 0.9456882255389718, 0.9448590381426202, 0.941404090657822, 0.9463792150359315, 0.9456882255389718, 0.9485903814262023, 0.9488667772249861, 0.9508015478164732, 0.951216141514649, 0.9534273079049198, 0.9501105583195135, 0.9543946932006634, 0.9534273079049198, 0.9440298507462687, 0.951216141514649, 0.9548092868988391, 0.9478993919292427, 0.9561912658927584, 0.9541182974018795, 0.95702045328911], "f1": [0.6786844895470245, 0.6786844895470245, 0.6786844895470245, 0.6786844895470245, 0.6786844895470245, 0.6786844895470245, 0.6786844895470245, 0.6786844895470245, 0.6786844895470245, 0.6786844895470245, 0.6786844895470245, 0.6786844895470245, 0.6786844895470245, 0.6786844895470245, 0.6786844895470245, 0.6786844895470245, 0.6786844895470245, 0.6786844895470245, 0.6786844895470245, 0.6786844895470245, 0.6786844895470245, 0.6786844895470245, 0.6786844895470245, 0.6786844895470245, 0.6786844895470245, 0.6786844895470245, 0.6786844895470245, 0.6786844895470245, 0.6786844895470245, 0.6786844895470245, 0.6786844895470245, 0.7748225339184296, 0.8103792015572445, 0.7856883558195161, 0.8507496075966596, 0.8620175550362384, 0.8625554846938955, 0.8703128525979538, 0.8790208763022836, 0.8809719638286482, 0.8854091327715451, 0.883088542041043, 0.8904868195897792, 0.8855995314919991, 0.8975178659512738, 0.8902514831582533, 0.9045009646469617, 0.9074855770597103, 0.9058949922757134, 0.9118725870177783, 0.9135388315866813, 0.9172660295050478, 0.9227999018144493, 0.9168731796809666, 0.920471681106778, 0.9298461193909656, 0.9330621939289425, 0.9277608596904805, 0.9296299529291405, 0.9196018420638673, 0.9359787387429452, 0.9386716414354397, 0.9352032635645476, 0.9428862678790768, 0.9446227800264198, 0.9434227889213513, 0.9476158558366039, 0.9299773019289868, 0.9438488281683407, 0.9344248499041581, 0.9478066308079992, 0.9466358491633196, 0.9438400229231028, 0.9514944212169425, 0.9496689115999072, 0.9493808044626227, 0.9512113444151925, 0.9513400417688765, 0.9532808293973318, 0.948714346069344, 0.958313403818793, 0.957544914334773, 0.9548220316460843, 0.9593896573561254, 0.9590064569823178, 0.9613133025742775, 0.959426128529036, 0.9626063580196731, 0.9622145567659444, 0.9642474349999388, 0.9601514386764252, 0.9655519887088416, 0.9642312338294249, 0.9567031753950314, 0.962084757780759, 0.9660096071278486, 0.9569161300330346, 0.9669949110388474, 0.9640182515970939, 0.96821079150606]},