{"train": {"loss": [0.729048634830274, 0.7079353980850756, 0.6944551415610731, 0.6862449781936512, 0.679968327806707, 0.6742534302828604, 0.6696143809117769, 0.6643236216745878, 0.6605434156300729, 0.6574511883551615, 0.6533824958299336, 0.6498100820340609, 0.6477453227628741, 0.6446924460561652, 0.6412347712014851, 0.6391886075337728, 0.6367756295622441, 0.6352833844067758, 0.6321540025242588, 0.6303962584127459, 0.6291939584832442, 0.626804812958366, 0.6252832151295846, 0.6250299183945907, 0.6223899617529752, 0.6211980968190912, 0.6197693389758729, 0.6182570352888944, 0.6169249770934122, 0.6155092988097877, 0.6147628374267042, 0.6137414145887944, 0.6125596406167013, 0.6126489001407958, 0.6108757152891996, 0.6096237103144327, 0.6076916341196027, 0.6006972455141837, 0.5921127576577035, 0.583865159436276, 0.5766298112116361, 0.5757045588995281, 0.565527874126769, 0.5566519446540297, 0.5558275925485712, 0.5453419659221381, 0.5401366713799929, 0.5419352368304604, 0.5254237076692414, 0.520684176892565, 0.5144976853278646, 0.507738987604777, 0.5029179187197435, 0.49621301209717467, 0.4917451216463457, 0.48583113781192844, 0.5013373180439598, 0.4874837707009232, 0.47165457773626895, 0.46561630566914874, 0.46223509154821696, 0.4600518863452108, 0.45405909575914083, 0.44581370761519984, 0.43968364282658223, 0.4349565641921863, 0.43062164647537365, 0.42364055075143514, 0.42163913657790736, 0.4170862038930257, 0.4096614289702031, 0.4049629370371501, 0.40461962578589455, 0.3973358728383717, 0.3947730953233284, 0.39077131685457733, 0.3885161395658526, 0.3813598741564834, 0.3824008645718558, 0.37833830452801887, 0.3742244745555677, 0.37389492465738666, 0.36757332557126093, 0.36478980016290097, 0.3746001898196706, 0.3619907221250367, 0.3510845496989133, 0.35409321805887056, 0.34641801631241514, 0.359380293833582, 0.34113260319358424, 0.33976893362246063, 0.3342189579679255, 0.3668377964120162, 0.327892745534579, 0.32420799659009564, 0.3287042306180586, 0.3324877967437108, 0.33484604797865214, 0.32178392535761785], "accuracy": [0.7611940298507462, 0.7611940298507462, 0.7611940298507462, 0.7611940298507462, 0.7611940298507462, 0.7611940298507462, 0.7611940298507462, 0.7611940298507462, 0.7611940298507462, 0.7611940298507462, 0.7611940298507462, 0.7611940298507462, 0.7611940298507462, 0.7611940298507462, 0.7611940298507462, 0.7611940298507462, 0.7611940298507462, 0.7611940298507462, 0.7611940298507462, 0.7611940298507462, 0.7611940298507462, 0.7611940298507462, 0.7611940298507462, 0.7611940298507462, 0.7611940298507462, 0.7611940298507462, 0.7611940298507462, 0.7611940298507462, 0.7611940298507462, 0.7611940298507462, 0.7611940298507462, 0.7611940298507462, 0.7611940298507462, 0.7611940298507462, 0.7611940298507462, 0.7611940298507462, 0.7611940298507462, 0.7849640685461581, 0.7971254836926479, 0.8097014925373134, 0.8240740740740741, 0.8195135433941404, 0.8273908236594804, 0.8446655610834716, 0.8279436152570481, 0.8481205085682698, 0.8609729132117192, 0.8547540077390824, 0.8670536207849641, 0.8747927031509121, 0.8734107241569928, 0.8782476506357103, 0.8800442233278054, 0.8703703703703703, 0.8714759535655058, 0.884881149806523, 0.8732725262576009, 0.8865395245992261, 0.8894416804864566, 0.8800442233278054, 0.8890270867882808, 0.8957987838584853, 0.9054726368159204, 0.9058872305140961, 0.9116915422885572, 0.9215035931453842, 0.9231619679380874, 0.9223327805417357, 0.9235765616362631, 0.9226091763405196, 0.9281370923161968, 0.9292426755113322, 0.9282752902155887, 0.9297954671088999, 0.929657269209508, 0.9324212271973465, 0.9311774461028193, 0.9350469872857933, 0.9307628524046434, 0.9335268103924821, 0.935737976782753, 0.935737976782753, 0.9339414040906578, 0.9376727473742399, 0.9291044776119403, 0.9307628524046434, 0.9404367053620785, 0.935599778883361, 0.9404367053620785, 0.9313156440022111, 0.939331122166943, 0.9373963515754561, 0.9451354339414041, 0.9114151464897734, 0.9436152570480929, 0.9456882255389718, 0.943477059148701, 0.9344941956882256, 0.9291044776119403, 0.9383637368711996], "f1": [0.6805716432573451, 0.6805716432573451, 0.6805716432573451, 0.6805716432573451, 0.6805716432573451, 0.6805716432573451, 0.6805716432573451, 0.6805716432573451, 0.6805716432573451, 0.6805716432573451, 0.6805716432573451, 0.6805716432573451, 0.6805716432573451, 0.6805716432573451, 0.6805716432573451, 0.6805716432573451, 0.6805716432573451, 0.6805716432573451, 0.6805716432573451, 0.6805716432573451, 0.6805716432573451, 0.6805716432573451, 0.6805716432573451, 0.6805716432573451, 0.6805716432573451, 0.6805716432573451, 0.6805716432573451, 0.6805716432573451, 0.6805716432573451, 0.6805716432573451, 0.6805716432573451, 0.6805716432573451, 0.6805716432573451, 0.6805716432573451, 0.6805716432573451, 0.6805716432573451, 0.6805716432573451, 0.8067954194811213, 0.848854911248347, 0.8341720341875872, 0.8409870344842645, 0.8309114161103415, 0.8733073359697971, 0.87526894833955, 0.8756973321218012, 0.8841530082293422, 0.8807018708195344, 0.8557879756191131, 0.8898433106178822, 0.88866829419233, 0.8911481144000686, 0.8928107875381889, 0.8938830024619869, 0.8918237332746515, 0.8933788986030811, 0.9005629200024561, 0.8787510301104983, 0.8956357243176379, 0.9040515623940634, 0.9030031371465718, 0.9058215718464768, 0.9079950280094345, 0.9179926663555598, 0.9155328055165215, 0.9288544524022233, 0.9363800183086586, 0.9374092657272861, 0.9357992141418304, 0.9364580678534458, 0.9361446216564104, 0.9420799655171879, 0.9422639669519571, 0.9423063471812154, 0.9441707909444376, 0.9441105102031012, 0.9464378410617699, 0.945610534271947, 0.9483495970109086, 0.9423621383742794, 0.9474366560522022, 0.9483842969644942, 0.9492212613739284, 0.9472056427241375, 0.9522394048688168, 0.9448909912318173, 0.9470411833035299, 0.9543139364823998, 0.9508399693203414, 0.9548169295994057, 0.9456365463610932, 0.9521081349346819, 0.9522219188129658, 0.9584335093491344, 0.93307205480195, 0.957484521213856, 0.9591912589093854, 0.9560669979140305, 0.9505286850464065, 0.945963158332815, 0.9535586814032364]},