{"train": {"loss": [0.72859893033379, 0.7125334269122073, 0.7036662384083396, 0.6979410930683738, 0.6907190743245577, 0.6839833343238161, 0.678300700689617, 0.6733751704818324, 0.667914703226926, 0.663618664992483, 0.6595129558914586, 0.6562629070198327, 0.6529507542911329, 0.6498142198512429, 0.6467184717195076, 0.6441055243475395, 0.6416018500662687, 0.6392981535510013, 0.6366356234801444, 0.6344266230599922, 0.6324657735071684, 0.631254395894837, 0.6298631084592718, 0.6275874512237415, 0.6261703340630782, 0.6248107615270113, 0.6226911367031566, 0.6212847337388155, 0.6196956969144052, 0.6188698170477884, 0.617617830895541, 0.6159390179734481, 0.6149577843515497, 0.6134163894151387, 0.6107385534989206, 0.6047598144464326, 0.5976880757432235, 0.5886086225509644, 0.581843284138462, 0.5748344231070134, 0.5726432277445208, 0.5647070219642237, 0.5574917897843478, 0.55152603304177, 0.5440626452889359, 0.5402716874030599, 0.5385537937022092, 0.5298358322235576, 0.5237322862733874, 0.5110591404270708, 0.5039724284096768, 0.4972570402580395, 0.48990312375520406, 0.4860832461139612, 0.4834906730735511, 0.4730351426099476, 0.4680506315147668, 0.4629248825081608, 0.46251971052404034, 0.45180617351281016, 0.45429588200753196, 0.44433210659445377, 0.44040037351742123, 0.4336899383026257, 0.43416929297279894, 0.4254303030800401, 0.42453892189159725, 0.41532838867421734, 0.41194377342859906, 0.4416689015271371, 0.40461757674551846, 0.4019558262406734, 0.3989222128140299, 0.3950420267749251, 0.3899217634870295, 0.3855050404866536, 0.3931720633255808, 0.3803619454827225, 0.3810990499822717, 0.37158399454334323, 0.374143975345712, 0.3652416666348775, 0.3602150699548554, 0.3605798101216032, 0.35360722792776006, 0.3541040148651391, 0.35206892877294305, 0.34534673784908493, 0.3426042502386528, 0.3467438628799037, 0.3436532527731176, 0.33194997592976216, 0.32956497554193465, 0.32886220645486264, 0.3232320045170031, 0.3227764948418266, 0.31752864938033254, 0.31584001450162186, 0.31531373398345813, 0.31080698104281174], "accuracy": [0.750138197899392, 0.7621614151464897, 0.7621614151464897, 0.7621614151464897, 0.7621614151464897, 0.7621614151464897, 0.7505527915975677, 0.7621614151464897, 0.7621614151464897, 0.7621614151464897, 0.7621614151464897, 0.7621614151464897, 0.7621614151464897, 0.7621614151464897, 0.7621614151464897, 0.7621614151464897, 0.7621614151464897, 0.7621614151464897, 0.7621614151464897, 0.7621614151464897, 0.7621614151464897, 0.7621614151464897, 0.7621614151464897, 0.7621614151464897, 0.7621614151464897, 0.7621614151464897, 0.7621614151464897, 0.7621614151464897, 0.7621614151464897, 0.7621614151464897, 0.7621614151464897, 0.7621614151464897, 0.7621614151464897, 0.7621614151464897, 0.7621614151464897, 0.7707296849087893, 0.788971807628524, 0.8119126589275844, 0.8170259812050856, 0.8262852404643449, 0.8231066887783306, 0.8362354892205639, 0.8443891652846877, 0.8588999447208402, 0.8594527363184079, 0.8698175787728026, 0.841763405196241, 0.8642896627971255, 0.8660862354892206, 0.8888888888888888, 0.8843283582089553, 0.8971807628524047, 0.8978717523493643, 0.8930348258706468, 0.900497512437811, 0.9056108347153123, 0.9148700939745716, 0.9150082918739635, 0.896489773355445, 0.9136263128800443, 0.9029850746268657, 0.9188778330569375, 0.9230237700386954, 0.9212271973466003, 0.9129353233830846, 0.9220563847429519, 0.9208126036484245, 0.9275843007186291, 0.9306246545052516, 0.8857103372028745, 0.9325594250967385, 0.9281370923161968, 0.9306246545052516, 0.9328358208955224, 0.9336650082918739, 0.9361525704809287, 0.9246821448313985, 0.9347705914870094, 0.9353233830845771, 0.9382255389718076, 0.9282752902155887, 0.9398839137645107, 0.9415422885572139, 0.9358761746821448, 0.9419568822553898, 0.9379491431730238, 0.9405749032614704, 0.9430624654505252, 0.9436152570480929, 0.9387783305693753, 0.9347705914870094, 0.9447208402432283, 0.9448590381426202, 0.9440298507462687, 0.9465174129353234, 0.945411829740188, 0.9467938087341072, 0.9467938087341072, 0.9476229961304589, 0.9478993919292427], "f1": [0.8404891161062833, 0.6792531610501036, 0.6792531610501036, 0.6792531610501036, 0.6792531610501036, 0.6792531610501036, 0.8406704838847492, 0.6792531610501036, 0.6792531610501036, 0.6792531610501036, 0.6792531610501036, 0.6792531610501036, 0.6792531610501036, 0.6792531610501036, 0.6792531610501036, 0.6792531610501036, 0.6792531610501036, 0.6792531610501036, 0.6792531610501036, 0.6792531610501036, 0.6792531610501036, 0.6792531610501036, 0.6792531610501036, 0.6792531610501036, 0.6792531610501036, 0.6792531610501036, 0.6792531610501036, 0.6792531610501036, 0.6792531610501036, 0.6792531610501036, 0.6792531610501036, 0.6792531610501036, 0.6792531610501036, 0.6792531610501036, 0.6792531610501036, 0.7328421482674093, 0.811209092921718, 0.8142767489494054, 0.8356722782422459, 0.8465286008376618, 0.8661601189280115, 0.8724068850519655, 0.8690657806649509, 0.8740528881874937, 0.8812564963996239, 0.8791852882915631, 0.8763254159086389, 0.8838807857908781, 0.8868337468815826, 0.8992015527834749, 0.898436868122796, 0.9026638902081513, 0.9090165236150108, 0.9109715947854035, 0.9004934472333914, 0.9191194986802702, 0.9259596258862987, 0.9218825862924171, 0.9154108861199847, 0.9280902056870591, 0.9236096172819142, 0.9279375931386612, 0.932417348050374, 0.9326534293016382, 0.9301871285956925, 0.9369788902494433, 0.9319079685687959, 0.9410089894369807, 0.9423221839778718, 0.9123901490070032, 0.9450976120415497, 0.9424537815135472, 0.9435224236172507, 0.9452917804552116, 0.9457791658774947, 0.9479257770358255, 0.9311331809869337, 0.9477793344122825, 0.9473444595114415, 0.9488343924892761, 0.9429283621366195, 0.9516074064186684, 0.9539518851277303, 0.9496879796189555, 0.9537102403972193, 0.9514260430934448, 0.9526723407944874, 0.9549858697266711, 0.9555849507163892, 0.9515000814495422, 0.9486500618074893, 0.9567846588714315, 0.9567948082775053, 0.9567065697363755, 0.9581987404629857, 0.9567614415449612, 0.9587997374551526, 0.9588166197947818, 0.9599330625593034, 0.9601163909557875]},