{"train": {"loss": [0.7437517517491391, 0.7186756855563113, 0.7075854999977246, 0.6999938676231786, 0.6933336310219347, 0.6884972589057788, 0.6830491475891649, 0.6785681812386763, 0.6746826506497567, 0.6705921679212336, 0.6663989320135953, 0.6629298768545452, 0.6597096710874323, 0.6560741317899603, 0.6530371046902841, 0.6508397825977259, 0.6488082806269327, 0.6463397364867361, 0.6437683785170839, 0.6415787736574808, 0.6397233270762259, 0.6377328749288592, 0.635891434393431, 0.6343573478230259, 0.6323745365728412, 0.6304570331908109, 0.6297748935850043, 0.6281625523901823, 0.6260009428911042, 0.6245560959765786, 0.6219174872364914, 0.6197122837367811, 0.601344200602749, 0.5982296404085661, 0.5879359496267218, 0.5819623574875948, 0.5755869850777743, 0.5707344203664545, 0.5711142473053514, 0.5550871135895712, 0.5489399589990315, 0.5434181648388243, 0.5394905821273202, 0.5311082894341987, 0.5302548392822868, 0.5250903901300932, 0.5135777969109384, 0.5113590955734253, 0.5024839571693487, 0.49629745933047514, 0.49008875091870624, 0.4859113212217364, 0.47655401522653146, 0.4720682057372311, 0.46791387545435054, 0.4598715022990578, 0.4574826485232303, 0.4540042871968788, 0.4468619844369721, 0.4724299076356386, 0.4330496056038037, 0.4286235299026757, 0.4281148743211177, 0.41780830579891537, 0.4135960800605908, 0.4065145813582236, 0.40374154061601875, 0.3993616443977021, 0.3954980336783225, 0.39041986695507114, 0.3903016866299144, 0.38180344930866306, 0.3793376961298156, 0.3764336286929616, 0.3690349266194461, 0.36643316139254656, 0.3797283815710168, 0.36923885188604655, 0.36738943217093484, 0.35529384958116633, 0.3517128955899623, 0.34583005047681037, 0.33986645727826836, 0.3363255576083535, 0.3330215816957909, 0.33130049653220595, 0.3293673001360475, 0.32517358399274054, 0.3393978424239577, 0.31696492956395733, 0.31662343259443315, 0.31663465133884494, 0.32077142857668695, 0.31105524928946243, 0.30930481929528086, 0.3002615568407795, 0.30682012778625156, 0.2948510848116456, 0.29561010499795276, 0.29979626546826277], "accuracy": [0.7627142067440575, 0.7495854063018242, 0.7495854063018242, 0.7495854063018242, 0.7495854063018242, 0.7495854063018242, 0.7495854063018242, 0.7495854063018242, 0.7627142067440575, 0.7495854063018242, 0.7495854063018242, 0.7495854063018242, 0.7627142067440575, 0.7856550580431177, 0.7495854063018242, 0.7495854063018242, 0.7627142067440575, 0.7627142067440575, 0.7627142067440575, 0.7627142067440575, 0.7627142067440575, 0.7627142067440575, 0.7627142067440575, 0.7627142067440575, 0.7627142067440575, 0.7627142067440575, 0.7627142067440575, 0.7627142067440575, 0.7627142067440575, 0.7627142067440575, 0.7750138197899392, 0.7906301824212272, 0.7958817025981205, 0.7998894416804865, 0.8246268656716418, 0.8268380320619126, 0.8316749585406302, 0.8369264787175235, 0.8231066887783306, 0.8587617468214483, 0.857241569928137, 0.861249309010503, 0.857379767827529, 0.8728579325594251, 0.8771420674405749, 0.8568269762299613, 0.8814262023217247, 0.8895798783858485, 0.8865395245992261, 0.8930348258706468, 0.8814262023217247, 0.8978717523493643, 0.8980099502487562, 0.8916528468767275, 0.8971807628524047, 0.9025704809286899, 0.9114151464897734, 0.8977335544499724, 0.9046434494195689, 0.8700939745715865, 0.9259259259259259, 0.925649530127142, 0.9107241569928137, 0.9262023217247097, 0.929657269209508, 0.9342177998894416, 0.9313156440022111, 0.9350469872857933, 0.9362907683803207, 0.9362907683803207, 0.9302100608070757, 0.9379491431730238, 0.9351851851851852, 0.9344941956882256, 0.9416804864566058, 0.9416804864566058, 0.9176340519624102, 0.931592039800995, 0.9299336650082919, 0.9383637368711996, 0.9402985074626866, 0.9445826423438364, 0.9458264234383638, 0.9459646213377557, 0.947208402432283, 0.9451354339414041, 0.9458264234383638, 0.9481757877280266, 0.9350469872857933, 0.949281370923162, 0.9477611940298507, 0.9447208402432283, 0.9418186843559978, 0.9463792150359315, 0.9462410171365395, 0.9509397457158651, 0.9444444444444444, 0.9514925373134329, 0.9499723604201216, 0.9458264234383638], "f1": [0.6794782513915664, 0.8402059333120465, 0.8402059333120465, 0.8402059333120465, 0.8402059333120465, 0.8402059333120465, 0.8402059333120465, 0.8402059333120465, 0.6794782513915664, 0.8402059333120465, 0.8402059333120465, 0.8402059333120465, 0.6794782513915664, 0.845740975579642, 0.8402059333120465, 0.8402059333120465, 0.6794782513915664, 0.6794782513915664, 0.6794782513915664, 0.6794782513915664, 0.6794782513915664, 0.6794782513915664, 0.6794782513915664, 0.6794782513915664, 0.6794782513915664, 0.6794782513915664, 0.6794782513915664, 0.6794782513915664, 0.6794782513915664, 0.6794782513915664, 0.7503737737796261, 0.8481320020125301, 0.8136155612635714, 0.8525294434031556, 0.8503087945809149, 0.8461169621644339, 0.8465212633912639, 0.86757190958558, 0.871257831346826, 0.8841031984478023, 0.887808977116135, 0.890898649610443, 0.8881443186791226, 0.8934516496318685, 0.8856055156682499, 0.8857488588426164, 0.8947342521272564, 0.8968657945810369, 0.8993878197275964, 0.9026171672864514, 0.8988695213432012, 0.9065585082335624, 0.9111612289507813, 0.9082381349568552, 0.9119012544496927, 0.9214879350099896, 0.9201561215899671, 0.9181805422801714, 0.9235285197532818, 0.8994520884757786, 0.9364972048681007, 0.9363463244844259, 0.9296797691785128, 0.9409425608614239, 0.9418673771885736, 0.9471684882133281, 0.9448617775104782, 0.9463679756442651, 0.9476204069650493, 0.9492552862018174, 0.9445305186336779, 0.9507680133477757, 0.9485941736674577, 0.9479562191381177, 0.9540559851140127, 0.9542035949713193, 0.9353129087544891, 0.9417158775692483, 0.9447401159094079, 0.9519987890850583, 0.9540360953740563, 0.9557702217249469, 0.9578157444976378, 0.9585091349116062, 0.9596394222777688, 0.9579025842130449, 0.9584807508697866, 0.9608326275184809, 0.9431046154975237, 0.9618622306145302, 0.9604839411019039, 0.9575941322457667, 0.9509506818713002, 0.9577437267799824, 0.9593025118964129, 0.9628594552602252, 0.9542041674694635, 0.9637860835794686, 0.9612453217325043, 0.9591195188013719]},