{"train": {"loss": [0.7356180318614893, 0.7151651602042349, 0.7039662913272255, 0.6956334542809871, 0.689036304490608, 0.6826646673051935, 0.6767492032887643, 0.6718427151964422, 0.6664365969206157, 0.6621004186178508, 0.6585944901432907, 0.6547423099216662, 0.6505443526987444, 0.6475607198581361, 0.6448883811632792, 0.6422703611223322, 0.639424439062152, 0.6374916737539726, 0.6349322649470547, 0.6322350773894996, 0.630414559130083, 0.6289767267411215, 0.6269341236666629, 0.626054048538208, 0.623806775661937, 0.6224684391105384, 0.6208084058343318, 0.619910506825698, 0.6185594786677444, 0.6177403184405544, 0.6157841985685784, 0.6158828515755502, 0.6141810898195234, 0.6129268606503805, 0.6117966896609256, 0.6112945477167765, 0.6099413612432647, 0.6095284035331324, 0.6085837608889529, 0.6074280048671522, 0.6069116289155525, 0.6070248505525422, 0.6056530695212515, 0.6039438990124485, 0.593202459184747, 0.5806851857586911, 0.5705832159310057, 0.5638497649577626, 0.5607771455195912, 0.5514973945784987, 0.5428787584890399, 0.5435304578981901, 0.5336764862662867, 0.5261073405282539, 0.5275225038068336, 0.5170678783927047, 0.5154092500084325, 0.5087679645471406, 0.5093124958506802, 0.5040433793737177, 0.5051239289735493, 0.49128449224589166, 0.4847994425840545, 0.48081177839061673, 0.4756008553923222, 0.4705385816724677, 0.4631191878988032, 0.4562327532391799, 0.4475546719735129, 0.4450349478345168, 0.44648332449427824, 0.43696496518034683, 0.4271412784593147, 0.42772355727982103, 0.41874849691725613, 0.4222247652840196, 0.4080261274387962, 0.40932709606070267, 0.4173816097410102, 0.39709946199467305, 0.39283878656855803, 0.39512498389210615, 0.3874343691164987, 0.3916764515533782, 0.37618093636997957, 0.3723863107070588, 0.36714263547930803, 0.36831703625227274, 0.3602519228793027, 0.35654249682761074, 0.3633322590275815, 0.3556347808294129, 0.35480591393353644, 0.3461998586069074, 0.3456682128864422, 0.33712007602055866, 0.35177108959147807, 0.3329203358867712, 0.33651744012247053, 0.3250193872995544], "accuracy": [0.7531785516860143, 0.7531785516860143, 0.7531785516860143, 0.7531785516860143, 0.7531785516860143, 0.7531785516860143, 0.7531785516860143, 0.7531785516860143, 0.7531785516860143, 0.7531785516860143, 0.7531785516860143, 0.7531785516860143, 0.7531785516860143, 0.7531785516860143, 0.7531785516860143, 0.7531785516860143, 0.7531785516860143, 0.7531785516860143, 0.7531785516860143, 0.7531785516860143, 0.7531785516860143, 0.7531785516860143, 0.7531785516860143, 0.7531785516860143, 0.7531785516860143, 0.7531785516860143, 0.7531785516860143, 0.7531785516860143, 0.7531785516860143, 0.7531785516860143, 0.7531785516860143, 0.7531785516860143, 0.7531785516860143, 0.7531785516860143, 0.754007739082366, 0.7786069651741293, 0.7990602542841349, 0.7635433941404091, 0.7629906025428413, 0.7629906025428413, 0.7629906025428413, 0.7629906025428413, 0.7629906025428413, 0.7726644555002764, 0.7911829740187949, 0.8011332227750139, 0.82808181315644, 0.8229684908789386, 0.822277501381979, 0.8461857379767828, 0.8548922056384743, 0.8318131564400221, 0.8594527363184079, 0.8619402985074627, 0.8645660585959093, 0.8627694859038143, 0.8532338308457711, 0.8731343283582089, 0.8776948590381426, 0.8564123825317855, 0.8785240464344942, 0.8800442233278054, 0.8812880044223328, 0.8913764510779436, 0.8873687119955777, 0.8952459922609176, 0.8970425649530127, 0.904367053620785, 0.9089275843007186, 0.9105859590934218, 0.8948313985627419, 0.902294085129906, 0.921779988944168, 0.9104477611940298, 0.9260641238253179, 0.9201216141514649, 0.9199834162520729, 0.9237147595356551, 0.9150082918739635, 0.9262023217247097, 0.9304864566058596, 0.9250967385295743, 0.9339414040906578, 0.9191542288557214, 0.9353233830845771, 0.9325594250967385, 0.9389165284687673, 0.9321448313985627, 0.9420950801547816, 0.9400221116639027, 0.9304864566058596, 0.9389165284687673, 0.9372581536760641, 0.9449972360420121, 0.9383637368711996, 0.9449972360420121, 0.9282752902155887, 0.9451354339414041, 0.9426478717523493, 0.9455500276395798], "f1": [0.8427745937856108, 0.8427745937856108, 0.8427745937856108, 0.8427745937856108, 0.8427745937856108, 0.8427745937856108, 0.8427745937856108, 0.8427745937856108, 0.8427745937856108, 0.8427745937856108, 0.8427745937856108, 0.8427745937856108, 0.8427745937856108, 0.8427745937856108, 0.8427745937856108, 0.8427745937856108, 0.8427745937856108, 0.8427745937856108, 0.8427745937856108, 0.8427745937856108, 0.8427745937856108, 0.8427745937856108, 0.8427745937856108, 0.8427745937856108, 0.8427745937856108, 0.8427745937856108, 0.8427745937856108, 0.8427745937856108, 0.8427745937856108, 0.8427745937856108, 0.8427745937856108, 0.8427745937856108, 0.8427745937856108, 0.8427745937856108, 0.8431389230061839, 0.7667484846454702, 0.8602863518084684, 0.6833837904142249, 0.680526647557082, 0.680526647557082, 0.680526647557082, 0.680526647557082, 0.680526647557082, 0.7333400730259862, 0.8196196819571394, 0.8443880617015297, 0.855062599636218, 0.86659501622835, 0.8704756762330262, 0.8667256555378889, 0.8835194632004078, 0.8776101647022791, 0.8877903762301622, 0.8909588269098174, 0.8821565063211833, 0.8927386794039756, 0.8881669612663173, 0.8968857762424295, 0.8922873217840754, 0.8900462175692905, 0.8914968018863643, 0.9004357347899934, 0.9017860318694768, 0.9057628509247038, 0.9057559984852226, 0.9095587788810954, 0.9130813364197852, 0.9162930138769108, 0.9239305468609869, 0.921314613660316, 0.9147132800357751, 0.9217385171372405, 0.9334814041731706, 0.9270617876005598, 0.9382440465447169, 0.9287053769636693, 0.9344509758591029, 0.9345689460562365, 0.9255557389118055, 0.940676797802961, 0.9435794508054675, 0.9340175764041445, 0.9456284381201003, 0.9337110910822846, 0.9483747647211359, 0.9460783846997753, 0.950461857153446, 0.9461836361766468, 0.954261712701143, 0.951647181172927, 0.945637366249395, 0.9506268940100391, 0.9501132683400404, 0.9575862313258273, 0.9516274450055947, 0.9567206964594281, 0.9440349888806713, 0.9574107339149837, 0.9556444682704545, 0.9580147208693807]},