{"train": {"loss": [0.7407843616970798, 0.7243584572223195, 0.7150058275774905, 0.706053358420991, 0.6995243325568082, 0.693156453601101, 0.6878028062351963, 0.6836021553006089, 0.6786844730377197, 0.6740181571558902, 0.6702626159316615, 0.6660966549003333, 0.6635728028782627, 0.659224387846495, 0.6561417558736968, 0.6533834076764291, 0.6506994052937156, 0.6484151430297316, 0.6454794250036541, 0.6435288912371585, 0.6410023089040789, 0.6392867523327208, 0.6369306110499198, 0.6354619892019975, 0.6340555820548743, 0.6319922543408578, 0.6304556465985482, 0.6284774437285306, 0.6269434470879404, 0.6262997692091423, 0.6248956249471296, 0.6237378779210543, 0.6226823946885895, 0.6213081960092511, 0.6196823737077546, 0.6195315373571295, 0.618791635622058, 0.6173828557917946, 0.6156697430108723, 0.6123400131861368, 0.6093939448657789, 0.5993366210084212, 0.5913752014176887, 0.5881585949345639, 0.5885336451363146, 0.5714924858327497, 0.5627855522590771, 0.5515122434549165, 0.5430178731157068, 0.537335100926851, 0.5253365939123589, 0.519644545358524, 0.5114407471397466, 0.5074496342424761, 0.5002549457968327, 0.4921288542580186, 0.48766277861176877, 0.4819923613155097, 0.47820075875834417, 0.4735259120924431, 0.47212978517800047, 0.46092869838078815, 0.4564541980885623, 0.45259298671755877, 0.4559523918126759, 0.44991832710148993, 0.43748580886606586, 0.43272094820675094, 0.4339700696761148, 0.4277088955829018, 0.4208645224571228, 0.42041243743478207, 0.4157718508912806, 0.4122907064462963, 0.4074383205489108, 0.4020298536409411, 0.3948266987215009, 0.39648715341300295, 0.39642225232040673, 0.3838842004014735, 0.3890838408679293, 0.39021540995229753, 0.37240788967985855, 0.37203057031882436, 0.36973499206074495, 0.36485337845066135, 0.3599424069387871, 0.35592804561581526, 0.35062497592808906, 0.35253426171185676, 0.34518910918319434, 0.3505335193977021, 0.3376232234009525, 0.33489465870355306, 0.3372016512511069, 0.329007452517225, 0.339946028433348, 0.3214054379546851, 0.3312341408771381, 0.3182104475665511], "accuracy": [0.7513819789939193, 0.759812050856827, 0.759812050856827, 0.759812050856827, 0.759812050856827, 0.759812050856827, 0.759812050856827, 0.759812050856827, 0.759812050856827, 0.759812050856827, 0.759812050856827, 0.759812050856827, 0.759812050856827, 0.759812050856827, 0.759812050856827, 0.759812050856827, 0.759812050856827, 0.759812050856827, 0.759812050856827, 0.759812050856827, 0.759812050856827, 0.759812050856827, 0.759812050856827, 0.759812050856827, 0.759812050856827, 0.759812050856827, 0.759812050856827, 0.759812050856827, 0.759812050856827, 0.759812050856827, 0.759812050856827, 0.759812050856827, 0.759812050856827, 0.759812050856827, 0.759812050856827, 0.759812050856827, 0.759812050856827, 0.759812050856827, 0.759812050856827, 0.759812050856827, 0.7640961857379768, 0.7697622996130459, 0.789248203427308, 0.7920121614151465, 0.798922056384743, 0.8257324488667772, 0.8391376451077943, 0.8512990602542841, 0.8582089552238806, 0.8586235489220564, 0.8698175787728026, 0.8767274737423991, 0.8873687119955777, 0.8890270867882808, 0.8971807628524047, 0.900221116639027, 0.8975953565505804, 0.9046434494195689, 0.9027086788280818, 0.9072692095080155, 0.9068546158098397, 0.9155610834715312, 0.9148700939745716, 0.9145936981757877, 0.9064400221116639, 0.9087893864013267, 0.923852957435047, 0.9237147595356551, 0.9210889994472085, 0.9212271973466003, 0.9263405196241017, 0.9245439469320066, 0.9302100608070757, 0.9281370923161968, 0.9270315091210614, 0.9300718629076838, 0.935737976782753, 0.9325594250967385, 0.9289662797125484, 0.9371199557766722, 0.9245439469320066, 0.9221945826423439, 0.939331122166943, 0.9347705914870094, 0.9387783305693753, 0.9397457158651189, 0.9407131011608624, 0.9398839137645107, 0.9462410171365395, 0.9397457158651189, 0.9465174129353234, 0.9362907683803207, 0.9463792150359315, 0.947208402432283, 0.9443062465450525, 0.9502487562189055, 0.9364289662797125, 0.9499723604201216, 0.9386401326699834, 0.94914317302377], "f1": [0.8418076060720203, 0.6789302300004586, 0.6789302300004586, 0.6789302300004586, 0.6789302300004586, 0.6789302300004586, 0.6789302300004586, 0.6789302300004586, 0.6789302300004586, 0.6789302300004586, 0.6789302300004586, 0.6789302300004586, 0.6789302300004586, 0.6789302300004586, 0.6789302300004586, 0.6789302300004586, 0.6789302300004586, 0.6789302300004586, 0.6789302300004586, 0.6789302300004586, 0.6789302300004586, 0.6789302300004586, 0.6789302300004586, 0.6789302300004586, 0.6789302300004586, 0.6789302300004586, 0.6789302300004586, 0.6789302300004586, 0.6789302300004586, 0.6789302300004586, 0.6789302300004586, 0.6789302300004586, 0.6789302300004586, 0.6789302300004586, 0.6789302300004586, 0.6789302300004586, 0.6789302300004586, 0.6789302300004586, 0.6789302300004586, 0.6789302300004586, 0.6809770918822792, 0.6835149233741015, 0.6922926629072442, 0.7436852920886325, 0.8099031665922957, 0.8334516177686407, 0.8149436419615242, 0.8614940881231656, 0.8499659514562079, 0.8670720389299605, 0.8726114569168629, 0.8869268672377184, 0.8987913668114577, 0.8952914465626935, 0.9165962786065414, 0.9144952014592492, 0.905184261484932, 0.9205382483340898, 0.9085970953497385, 0.9216533274974219, 0.9246346257782834, 0.9265460046300134, 0.9299517819756554, 0.9321367522878657, 0.925691539296798, 0.9282795235078474, 0.9358428494184807, 0.9385775997908945, 0.9308401873420782, 0.9376233895488709, 0.9374202647888941, 0.9389812778759595, 0.9441867121578947, 0.9399131457564249, 0.9360476170504899, 0.9439807933007368, 0.9491823056603035, 0.9453860110025023, 0.9415337151795788, 0.9492761549409676, 0.9401920443065439, 0.9300214274610714, 0.95057723234791, 0.948567107229541, 0.9515213568577116, 0.9507501911293629, 0.9532992673045501, 0.9530556233684926, 0.9574546118247926, 0.9508879197998727, 0.9572873582819542, 0.9500623708990028, 0.9578165571655365, 0.9588983613340398, 0.9540626910369543, 0.9611351283615124, 0.9507797988156547, 0.9605511560324426, 0.9525505883434577, 0.9594947891558965]},