{"train": {"loss": [0.7195878708571718, 0.7039899407771596, 0.6946888513732374, 0.6878929995653922, 0.6815452878935295, 0.6755239189716807, 0.6707555181101749, 0.666888807949267, 0.6620040326787714, 0.6586045549626935, 0.6541269432034409, 0.6509953496748941, 0.6481764745294002, 0.6452232160066304, 0.6428190501112687, 0.6399189254693818, 0.6370628350659421, 0.6355891802854705, 0.6333670741633365, 0.6312268439092135, 0.6296914272141039, 0.6279463255614565, 0.6266720274038482, 0.624325062099256, 0.6231208537754259, 0.6215608057222868, 0.620114501108203, 0.6192558941088224, 0.6177819705846017, 0.616744201434286, 0.6157728726403755, 0.6144968616335016, 0.6129675402975919, 0.6112508062730756, 0.6054752040327641, 0.5921091426882827, 0.5796871268958376, 0.5720740891339486, 0.5631062592330732, 0.5557588615961242, 0.5591926417852703, 0.544330835865255, 0.5417973226622531, 0.5345800769956488, 0.5339188314320749, 0.5286917979257149, 0.517555158389242, 0.5234423039252298, 0.5138565950226366, 0.5054393008089902, 0.5072053095750642, 0.49421462730357524, 0.4877752881301077, 0.4805100602016114, 0.4773440805443546, 0.47090521141102437, 0.468905718703019, 0.45837879442332086, 0.4696451080472846, 0.44647933830294695, 0.4433602021451582, 0.43568366347697746, 0.43909520590514467, 0.4331099396212059, 0.4239020724045603, 0.41514841924633894, 0.4127520871789832, 0.4102079559836471, 0.41031614782517417, 0.3981113575006786, 0.4101085312533797, 0.3911598256805487, 0.4037602271950036, 0.38323079128014415, 0.3805974685309226, 0.3797873316103952, 0.37319016561173557, 0.3746988135471679, 0.36801204399058696, 0.36516885956128436, 0.36155184685138236, 0.3658046581243214, 0.35674258805157844, 0.3475374898366761, 0.3461364157367171, 0.3428956803522612, 0.34645395739036694, 0.338423258379886, 0.3342070804353346, 0.3273913238132209, 0.3248815865893113, 0.32265935550656233, 0.3247972533368228, 0.34146446251032647, 0.3130752470409661, 0.30892989405414517, 0.30763518993268935, 0.3020365591111936, 0.3102689931790034, 0.2981281484428205], "accuracy": [0.7505527915975677, 0.7592592592592593, 0.7526257600884466, 0.7505527915975677, 0.7505527915975677, 0.7505527915975677, 0.7681039248203427, 0.7505527915975677, 0.7505527915975677, 0.7505527915975677, 0.7505527915975677, 0.7505527915975677, 0.7505527915975677, 0.7505527915975677, 0.7505527915975677, 0.7517965726920951, 0.7516583747927031, 0.7903537866224434, 0.7505527915975677, 0.7592592592592593, 0.7527639579878386, 0.7592592592592593, 0.79297954671089, 0.7527639579878386, 0.7508291873963516, 0.7592592592592593, 0.7632669983416253, 0.7951907131011609, 0.7595356550580431, 0.7505527915975677, 0.7805417357656164, 0.7924267551133223, 0.7683803206191266, 0.7795743504698729, 0.7809563294637921, 0.7888336097291321, 0.8224156992813709, 0.8325041459369817, 0.8373410724156993, 0.8435599778883361, 0.8220011055831952, 0.8517136539524599, 0.8441127694859039, 0.8580707573244887, 0.8594527363184079, 0.861387506909895, 0.8681592039800995, 0.8619402985074627, 0.8695411829740188, 0.8656716417910447, 0.8713377556661138, 0.8815644002211166, 0.8832227750138197, 0.8877833056937534, 0.8803206191265893, 0.8980099502487562, 0.8877833056937534, 0.9064400221116639, 0.8731343283582089, 0.908098396904367, 0.9046434494195689, 0.9168048645660586, 0.9006357103372029, 0.917910447761194, 0.9260641238253179, 0.9309010503040354, 0.927722498618021, 0.9228855721393034, 0.9165284687672748, 0.9318684355997788, 0.910309563294638, 0.9328358208955224, 0.9197070204532891, 0.9347705914870094, 0.9324212271973465, 0.9322830292979547, 0.9349087893864013, 0.9297954671088999, 0.9375345494748479, 0.9375345494748479, 0.9353233830845771, 0.9326976229961305, 0.9402985074626866, 0.9426478717523493, 0.9411276948590381, 0.943338861249309, 0.9372581536760641, 0.9412658927584301, 0.9425096738529575, 0.9467938087341072, 0.9480375898286346, 0.9467938087341072, 0.9425096738529575, 0.9291044776119403, 0.9481757877280266, 0.949281370923162, 0.9478993919292427, 0.9509397457158651, 0.9418186843559978, 0.9517689331122167], "f1": [0.8411203826249999, 0.6783687047726509, 0.8415801634986215, 0.8411203826249999, 0.8411203826249999, 0.8411203826249999, 0.84618666495144, 0.8411203826249999, 0.8411203826249999, 0.8411203826249999, 0.8411203826249999, 0.8411203826249999, 0.8411203826249999, 0.8411203826249999, 0.8411203826249999, 0.8416683680723142, 0.841607298639517, 0.8361135794879129, 0.8411203826249999, 0.6783687047726509, 0.8418374782865712, 0.6783687047726509, 0.8414422260551274, 0.8418374782865712, 0.841241839101009, 0.6783687047726509, 0.7057948651102036, 0.8419332845808856, 0.679511561915508, 0.8411203826249999, 0.7937245100160966, 0.8569884612002557, 0.731539436479968, 0.791902539359117, 0.8201462138415747, 0.8328966130027722, 0.8492723147699773, 0.8552688751353179, 0.8717629718784639, 0.8777869463488807, 0.8727138738357241, 0.8855198486218158, 0.8840120054895959, 0.8910999412779028, 0.8784817619076306, 0.8792349332306217, 0.8949392594088887, 0.8762342192768011, 0.887287091999186, 0.8945282442425696, 0.8859797245756819, 0.9007129294633556, 0.9041219542979039, 0.9077877404479282, 0.9051228903349375, 0.9145796892925097, 0.9098815743477855, 0.9199323214124491, 0.9015270844778478, 0.9267438644923915, 0.9235466113453636, 0.9325586313037206, 0.9223839520939874, 0.9275989748684141, 0.9379269034433684, 0.9440916497064573, 0.9411550854752546, 0.936462096857202, 0.934069142751302, 0.9450972397109766, 0.9284050762301368, 0.9466539736398052, 0.9333188546595722, 0.9476594810710691, 0.9465179993742937, 0.9473368261586883, 0.9482987244999408, 0.9454763247177238, 0.9501503780512237, 0.9500949482399967, 0.9496444368087775, 0.9465328396399167, 0.9533836357881346, 0.9549582407487265, 0.953378255522916, 0.9559518872843557, 0.951338306619501, 0.9548771339553179, 0.9543309104312392, 0.9595238715102223, 0.9606784098834176, 0.9597387762462373, 0.956043947219435, 0.9455339113693272, 0.9610526509008672, 0.9618040087709656, 0.9608677849334699, 0.963417404690254, 0.9557597752941086, 0.9642980334877067]},