{"train": {"loss": [0.716378274716829, 0.6939071228629664, 0.6823043394507023, 0.6743942697842916, 0.6676748290396574, 0.6616353340316237, 0.6568516304618434, 0.6520978065959194, 0.6493702541317856, 0.6446382392916763, 0.6415384181758814, 0.6383533268644098, 0.6354878157900091, 0.6341623423392313, 0.6313725333464774, 0.6285476883252462, 0.6264291081512183, 0.6255019139825252, 0.6227691236295199, 0.6212367781421595, 0.6191363972530031, 0.6180342655432852, 0.6173094709714254, 0.6151583707123472, 0.6137000280514098, 0.6131244709617213, 0.6119413072602791, 0.611173737467381, 0.6104440030298734, 0.6089948018391927, 0.6084236136653967, 0.6066853550442478, 0.6053784113181265, 0.6033680689962286, 0.5955793564779717, 0.5824325084686279, 0.5739510697230958, 0.5669470879069546, 0.5600457275122926, 0.5625352200708891, 0.5474697978873002, 0.5449198374622747, 0.5293481370858979, 0.5379406328786883, 0.521510290472131, 0.5136945885524415, 0.5038735228672362, 0.49709101988558185, 0.4904419037333706, 0.48772782296465156, 0.4736867039872889, 0.4702224470021432, 0.4666332414275722, 0.46577819920422736, 0.4534789255836554, 0.44322554636419864, 0.4380910553430256, 0.4353371921338533, 0.4412831993479478, 0.4445246175715798, 0.4217115598812438, 0.4156970732044755, 0.4257057235952009, 0.4048410016193725, 0.40165055948391293, 0.39580050790519045, 0.39357294691236394, 0.39540419871346993, 0.385986586411794, 0.3813567344556775, 0.37492203241900396, 0.37402370781229255, 0.3674198169457285, 0.3650877418225272, 0.3629601791239621, 0.3584633239528589, 0.35213480340807063, 0.36010737795578807, 0.3528422681908858, 0.34376928027261766, 0.35422542848085103, 0.33540552540829305, 0.33312179278909115, 0.3346932870254182, 0.32912168325039376, 0.3336740470769113, 0.3215927983585157, 0.31561293204625446, 0.3206034851701636, 0.3231999199641378, 0.3076058477163315, 0.30353156072005893, 0.32239023661404326, 0.30165654682276544, 0.29871208233791485, 0.29195786045308697, 0.29056148675450105, 0.29417290316339123, 0.30947068621192064, 0.31783894227262127], "accuracy": [0.7627142067440575, 0.7627142067440575, 0.7627142067440575, 0.7627142067440575, 0.7627142067440575, 0.7627142067440575, 0.7627142067440575, 0.7627142067440575, 0.7627142067440575, 0.7627142067440575, 0.7627142067440575, 0.7627142067440575, 0.7627142067440575, 0.7627142067440575, 0.7627142067440575, 0.7627142067440575, 0.7627142067440575, 0.7627142067440575, 0.7627142067440575, 0.7627142067440575, 0.7627142067440575, 0.7627142067440575, 0.7627142067440575, 0.7627142067440575, 0.7627142067440575, 0.7627142067440575, 0.7627142067440575, 0.7627142067440575, 0.7627142067440575, 0.7627142067440575, 0.7627142067440575, 0.7627142067440575, 0.7627142067440575, 0.7631288004422333, 0.7845494748479823, 0.8023770038695411, 0.814538419016031, 0.8163349917081261, 0.8255942509673853, 0.8134328358208955, 0.8363736871199557, 0.8392758430071863, 0.8582089552238806, 0.8300165837479271, 0.8481205085682698, 0.8681592039800995, 0.8768656716417911, 0.8779712548369265, 0.8859867330016584, 0.871199557766722, 0.892620232172471, 0.8893034825870647, 0.884742951907131, 0.8857103372028745, 0.8946932006633499, 0.9094803758982863, 0.9097567716970703, 0.9076838032061912, 0.9047816473189607, 0.8967661691542289, 0.9156992813709232, 0.9220563847429519, 0.9096185737976783, 0.927722498618021, 0.9259259259259259, 0.9282752902155887, 0.9242675511332228, 0.9197070204532891, 0.9239911553344389, 0.9295190713101161, 0.9335268103924821, 0.9322830292979547, 0.9346323935876175, 0.9324212271973465, 0.9339414040906578, 0.9332504145936982, 0.9350469872857933, 0.9322830292979547, 0.9295190713101161, 0.935737976782753, 0.9266169154228856, 0.9408512990602543, 0.9425096738529575, 0.9346323935876175, 0.9375345494748479, 0.931730237700387, 0.9426478717523493, 0.9440298507462687, 0.9385019347705915, 0.9339414040906578, 0.9463792150359315, 0.9483139856274184, 0.931730237700387, 0.9448590381426202, 0.9456882255389718, 0.9496959646213378, 0.9478993919292427, 0.9459646213377557, 0.9364289662797125, 0.9271697070204533], "f1": [0.6799226386636091, 0.6799226386636091, 0.6799226386636091, 0.6799226386636091, 0.6799226386636091, 0.6799226386636091, 0.6799226386636091, 0.6799226386636091, 0.6799226386636091, 0.6799226386636091, 0.6799226386636091, 0.6799226386636091, 0.6799226386636091, 0.6799226386636091, 0.6799226386636091, 0.6799226386636091, 0.6799226386636091, 0.6799226386636091, 0.6799226386636091, 0.6799226386636091, 0.6799226386636091, 0.6799226386636091, 0.6799226386636091, 0.6799226386636091, 0.6799226386636091, 0.6799226386636091, 0.6799226386636091, 0.6799226386636091, 0.6799226386636091, 0.6799226386636091, 0.6799226386636091, 0.6799226386636091, 0.6799226386636091, 0.6822241346359912, 0.8040310552113981, 0.8428497790287488, 0.8221109032316405, 0.8256595529020999, 0.8417306539551425, 0.8647360110625304, 0.870382603941126, 0.8275817186272209, 0.8765958062526147, 0.8728335854716537, 0.8793797653669896, 0.878939307406995, 0.8884284507882558, 0.893637219738161, 0.8929545084391416, 0.8926878367596078, 0.9012561534298724, 0.9040966392517398, 0.9019815917017104, 0.9021547166255793, 0.9136410772669918, 0.9182127500989112, 0.9161603284895389, 0.9097044359194009, 0.9166445810154265, 0.9020396403316225, 0.9313869137742475, 0.9314624026922087, 0.919683248505909, 0.9405973596455945, 0.9392788940556723, 0.9408192607062342, 0.9356273159377134, 0.9241187355561316, 0.9358480458435847, 0.9387282865445237, 0.945218540888954, 0.944306196744436, 0.9455948021448154, 0.9452287349872674, 0.9458706374659702, 0.9467213736943314, 0.9463836022111614, 0.9464004049981328, 0.941671430947371, 0.9481398606848486, 0.935622825034643, 0.953413053014258, 0.9547100406087651, 0.9481702062671338, 0.9468463676868022, 0.9468059339738487, 0.9551286578061287, 0.9552209662554839, 0.9500383700406646, 0.9433552969073495, 0.9579437114262894, 0.9600090975690655, 0.9429077869020541, 0.957301573790307, 0.9581720575525836, 0.9613233908582269, 0.9597934185115111, 0.9570617587186465, 0.9495842960744305, 0.9347117988650551]},