{"train": {"loss": [0.5115799714385727, 0.2584361144238048, 0.17224736147354497, 0.14313878306022887, 0.13236540018111997], "accuracy": [0.755315500685871, 0.755315500685871, 0.755315500685871, 0.755315500685871, 0.755315500685871], "f1": [0.09562263249867041, 0.09562263249867041, 0.09562263249867041, 0.09562263249867041, 0.09562263249867041]}, "validation": {"loss": [0.5122663664018235, 0.25953666211628335, 0.17352639161413763, 0.1444154953720366, 0.13357583983097135], "accuracy": [0.7507645259938838, 0.7507645259938838, 0.7507645259938838, 0.7507645259938838, 0.7507645259938838], "f1": [0.17152838427947598, 0.17152838427947598, 0.17152838427947598, 0.17152838427947598, 0.17152838427947598]}}