{"train": {"loss": [1.0829717558597831, 1.0137989730337846, 0.9521026026728385, 0.8968722406565244, 0.8466102906051813], "accuracy": [0.00017146776406035664, 0.00017146776406035664, 0.019718792866941014, 0.019718792866941014, 0.019718792866941014], "f1": [3.809741509038611e-05, 3.809741509038611e-05, 0.004297218018421986, 0.004297218018421986, 0.004297218018421986]}, "validation": {"loss": [1.0829598758278824, 1.0138014402331375, 0.9521258586063618, 0.8969311296212964, 0.8467081857890617], "accuracy": [0.0, 0.0, 0.01834862385321101, 0.01834862385321101, 0.01834862385321101], "f1": [0.0, 0.0, 0.007207207207207208, 0.007207207207207208, 0.007207207207207208]}}