{"train": {"loss": [0.5214223192675124, 0.26334224403190676, 0.17299063005503804, 0.1427997341852211, 0.13183837736585013], "accuracy": [0.7544581618655692, 0.7544581618655692, 0.7544581618655692, 0.7544581618655692, 0.7544581618655692], "f1": [0.0955607679610807, 0.0955607679610807, 0.0955607679610807, 0.0955607679610807, 0.0955607679610807]}, "validation": {"loss": [0.522128931996299, 0.26467121964911133, 0.1746934883569072, 0.14466616493172763, 0.13375385448609184], "accuracy": [0.7507645259938838, 0.7507645259938838, 0.7507645259938838, 0.7507645259938838, 0.7507645259938838], "f1": [0.17152838427947598, 0.17152838427947598, 0.17152838427947598, 0.17152838427947598, 0.17152838427947598]}}