{"train": {"loss": [0.5375196014739195, 0.2658057724354362, 0.17364410655917945, 0.1428532260629784, 0.13197362809269517], "accuracy": [0.754286694101509, 0.754286694101509, 0.754286694101509, 0.754286694101509, 0.754286694101509], "f1": [0.10749193627211416, 0.10749193627211416, 0.10749193627211416, 0.10749193627211416, 0.10749193627211416]}, "validation": {"loss": [0.5379758113768043, 0.26673545615702143, 0.17482014954453562, 0.144105627133352, 0.1332353333283852], "accuracy": [0.7507645259938838, 0.7507645259938838, 0.7507645259938838, 0.7507645259938838, 0.7507645259938838], "f1": [0.17152838427947598, 0.17152838427947598, 0.17152838427947598, 0.17152838427947598, 0.17152838427947598]}}