{"train": {"loss": [1.071335536380527, 1.0045768654150238, 0.9452964355262056, 0.8916528724920929, 0.8415202253966992], "accuracy": [0.7541152263374485, 0.7541152263374485, 0.7541152263374485, 0.7541152263374485, 0.7541152263374485], "f1": [0.10747800586510264, 0.10747800586510264, 0.10747800586510264, 0.10747800586510264, 0.10747800586510264]}, "validation": {"loss": [1.0716280697322473, 1.0049335000718511, 0.9457090348005295, 0.8921214062266234, 0.8420475347013008], "accuracy": [0.7507645259938838, 0.7507645259938838, 0.7507645259938838, 0.7507645259938838, 0.7507645259938838], "f1": [0.17152838427947598, 0.17152838427947598, 0.17152838427947598, 0.17152838427947598, 0.17152838427947598]}}