{"train": {"loss": [1.0291933305306036, 0.957431057516603, 0.8952678060989484, 0.8387749148903233, 0.7859229169510029], "accuracy": [0.75480109739369, 0.75480109739369, 0.75480109739369, 0.75480109739369, 0.75480109739369], "f1": [0.09558552103011747, 0.09558552103011747, 0.09558552103011747, 0.09558552103011747, 0.09558552103011747]}, "validation": {"loss": [1.029414251810167, 0.9577178057374024, 0.8955925561305953, 0.8391154688305971, 0.7862987213018464], "accuracy": [0.7477064220183486, 0.7477064220183486, 0.7477064220183486, 0.7477064220183486, 0.7477064220183486], "f1": [0.1711286089238845, 0.1711286089238845, 0.1711286089238845, 0.1711286089238845, 0.1711286089238845]}}