{"train": {"loss": [0.533931957432599, 0.2727354710464288, 0.17740991163298753, 0.14521351062650542, 0.1333547526247421], "accuracy": [0.7536008230452675, 0.7536008230452675, 0.7536008230452675, 0.7536008230452675, 0.7536008230452675], "f1": [0.09549884293210782, 0.09549884293210782, 0.09549884293210782, 0.09549884293210782, 0.09549884293210782]}, "validation": {"loss": [0.5343151753995476, 0.2734330813514023, 0.17827328657958566, 0.146095221135311, 0.1341610442301849], "accuracy": [0.7507645259938838, 0.7507645259938838, 0.7507645259938838, 0.7507645259938838, 0.7507645259938838], "f1": [0.17152838427947598, 0.17152838427947598, 0.17152838427947598, 0.17152838427947598, 0.17152838427947598]}}