{"train": {"loss": [0.43812440787486745, 0.22548408802235895, 0.15921532611052194, 0.13793330995266329, 0.13000501210153592], "accuracy": [0.7563443072702332, 0.7563443072702332, 0.7563443072702332, 0.7563443072702332, 0.7563443072702332], "f1": [0.09569679021987915, 0.09569679021987915, 0.09569679021987915, 0.09569679021987915, 0.09569679021987915]}, "validation": {"loss": [0.4389990137481108, 0.22683132403507467, 0.16076987731929232, 0.13948482025142123, 0.1315458744264594], "accuracy": [0.7507645259938838, 0.7507645259938838, 0.7507645259938838, 0.7507645259938838, 0.7507645259938838], "f1": [0.17152838427947598, 0.17152838427947598, 0.17152838427947598, 0.17152838427947598, 0.17152838427947598]}}