{"train": {"loss": [0.516902410710136, 0.2561264714463748, 0.16918154521775017, 0.14112057215412785, 0.13114065051446727], "accuracy": [0.754286694101509, 0.754286694101509, 0.754286694101509, 0.754286694101509, 0.754286694101509], "f1": [0.10749193627211416, 0.10749193627211416, 0.10749193627211416, 0.10749193627211416, 0.10749193627211416]}, "validation": {"loss": [0.5174670310282126, 0.25704645965157485, 0.17030111691210328, 0.14228831172534606, 0.13228869801614343], "accuracy": [0.7507645259938838, 0.7507645259938838, 0.7507645259938838, 0.7507645259938838, 0.7507645259938838], "f1": [0.17152838427947598, 0.17152838427947598, 0.17152838427947598, 0.17152838427947598, 0.17152838427947598]}}