{"train": {"loss": [0.546662754033001, 0.28591605276891396, 0.18261637648028436, 0.14644603421515562, 0.1331067360702529], "accuracy": [0.7565157750342936, 0.7565157750342936, 0.7565157750342936, 0.7565157750342936, 0.7565157750342936], "f1": [0.09570914139442059, 0.09570914139442059, 0.09570914139442059, 0.09570914139442059, 0.09570914139442059]}, "validation": {"loss": [0.5477117238248267, 0.2875570711202738, 0.1846396830387232, 0.1486613127607398, 0.13536215255536685], "accuracy": [0.7507645259938838, 0.7507645259938838, 0.7507645259938838, 0.7507645259938838, 0.7507645259938838], "f1": [0.17152838427947598, 0.17152838427947598, 0.17152838427947598, 0.17152838427947598, 0.17152838427947598]}}