{"train": {"loss": [0.9266890835206041, 0.8501970451146323, 0.7876754580129485, 0.7340724038570833, 0.6861158616340046], "accuracy": [0.9778485082304527, 0.9778485082304527, 0.9778485082304527, 0.9778485082304527, 0.9778485082304527], "f1": [0.2483660425811347, 0.2483660425811347, 0.2483660425811347, 0.2483660425811347, 0.2483660425811347]}, "validation": {"loss": [0.9217751876610082, 0.8442987287189903, 0.7809492938402223, 0.7265269033065657, 0.6778258797599048], "accuracy": [0.983275993883792, 0.983275993883792, 0.983275993883792, 0.983275993883792, 0.983275993883792], "f1": [0.37393986121819583, 0.37393986121819583, 0.37393986121819583, 0.37393986121819583, 0.37393986121819583]}}