{"train": {"loss": [0.5155457245755751, 0.2622543917700587, 0.179115523639121, 0.15386172681944688, 0.14582709428970542], "accuracy": [0.9784272119341564, 0.9784272119341564, 0.9784272119341564, 0.9784272119341564, 0.9784272119341564], "f1": [0.24838253591290957, 0.24838253591290957, 0.24838253591290957, 0.24838253591290957, 0.24838253591290957]}, "validation": {"loss": [0.5076265531342204, 0.24818165218684732, 0.1607578050163461, 0.1330687102929848, 0.1236194888947577], "accuracy": [0.983275993883792, 0.983275993883792, 0.983275993883792, 0.983275993883792, 0.983275993883792], "f1": [0.37393986121819583, 0.37393986121819583, 0.37393986121819583, 0.37393986121819583, 0.37393986121819583]}}