{"train": {"loss": [0.4749043124161957, 0.24509024040566552, 0.1748690939315471, 0.15413144296507858, 0.1472454117623826], "accuracy": [0.9781485768175583, 0.9781485768175583, 0.9781485768175583, 0.9781485768175583, 0.9781485768175583], "f1": [0.24832203233938094, 0.24832203233938094, 0.24832203233938094, 0.24832203233938094, 0.24832203233938094]}, "validation": {"loss": [0.4645682367973211, 0.22821998777912883, 0.15385171484838173, 0.13093361017725816, 0.12297498484755434], "accuracy": [0.983275993883792, 0.983275993883792, 0.983275993883792, 0.983275993883792, 0.983275993883792], "f1": [0.37393986121819583, 0.37393986121819583, 0.37393986121819583, 0.37393986121819583, 0.37393986121819583]}}