{"train": {"loss": [0.48799345011737283, 0.2558585442551533, 0.17897979058171987, 0.15554766156372138, 0.1477413015090062], "accuracy": [0.9780949931412894, 0.9780949931412894, 0.9780949931412894, 0.9780949931412894, 0.9780949931412894], "f1": [0.24839353083139457, 0.24839353083139457, 0.24839353083139457, 0.24839353083139457, 0.24839353083139457]}, "validation": {"loss": [0.47752730403004623, 0.23868908406030842, 0.15761879858810726, 0.13206417009052707, 0.12315777121338903], "accuracy": [0.983275993883792, 0.983275993883792, 0.983275993883792, 0.983275993883792, 0.983275993883792], "f1": [0.37393986121819583, 0.37393986121819583, 0.37393986121819583, 0.37393986121819583, 0.37393986121819583]}}