{"train": {"loss": [1.0014861723604844, 0.9345717998362045, 0.8750384684207508, 0.8221533502489125, 0.7728976011276245], "accuracy": [0.9783200445816187, 0.9783200445816187, 0.9783200445816187, 0.9783200445816187, 0.9783200445816187], "f1": [0.2484649539045553, 0.2484649539045553, 0.2484649539045553, 0.2484649539045553, 0.2484649539045553]}, "validation": {"loss": [0.9996697877238436, 0.9321049728044649, 0.8719811951968728, 0.8185292533258113, 0.7687269347469982], "accuracy": [0.983275993883792, 0.983275993883792, 0.983275993883792, 0.983275993883792, 0.983275993883792], "f1": [0.37393986121819583, 0.37393986121819583, 0.37393986121819583, 0.37393986121819583, 0.37393986121819583]}}