{"train": {"loss": [0.9267770156202984, 0.8444775399766015, 0.7758061533847463, 0.7160443534004017, 0.6626998831215218], "accuracy": [0.9186063957475995, 0.9186063957475995, 0.9778270747599451, 0.9778270747599451, 0.9778270747599451], "f1": [0.18669676971170546, 0.18669676971170546, 0.2483660425811347, 0.2483660425811347, 0.2483660425811347]}, "validation": {"loss": [0.9231645908297562, 0.8399070530402951, 0.7704260342004823, 0.7099229439002711, 0.6558765845327843], "accuracy": [0.9223050458715596, 0.9223050458715596, 0.9821292048929664, 0.9821292048929664, 0.9821292048929664], "f1": [0.3743725868725869, 0.3743725868725869, 0.43619638903641994, 0.43619638903641994, 0.43619638903641994]}}