{"train": {"loss": [0.47391896583497606, 0.2502786118859126, 0.17830386358237887, 0.15570883178222408, 0.1482844335782062], "accuracy": [0.9777949245541838, 0.9777949245541838, 0.9777949245541838, 0.9777949245541838, 0.9777949245541838], "f1": [0.24832753744381345, 0.24832753744381345, 0.24832753744381345, 0.24832753744381345, 0.24832753744381345]}, "validation": {"loss": [0.4643160262849273, 0.23386275568386403, 0.1575083913417851, 0.13239222088056365, 0.12357609991620226], "accuracy": [0.983275993883792, 0.983275993883792, 0.983275993883792, 0.983275993883792, 0.983275993883792], "f1": [0.37393986121819583, 0.37393986121819583, 0.37393986121819583, 0.37393986121819583, 0.37393986121819583]}}