{"train": {"loss": [0.53130537173385, 0.26946847690639836, 0.18174194038139121, 0.15546871202810067, 0.146952299176318], "accuracy": [0.9783843449931413, 0.9783843449931413, 0.9783843449931413, 0.9783843449931413, 0.9783843449931413], "f1": [0.24847593451444008, 0.24847593451444008, 0.24847593451444008, 0.24847593451444008, 0.24847593451444008]}, "validation": {"loss": [0.5228316847507547, 0.25470076873898506, 0.1625827536804647, 0.13371064157293336, 0.12376123369194386], "accuracy": [0.983275993883792, 0.983275993883792, 0.983275993883792, 0.983275993883792, 0.983275993883792], "f1": [0.37393986121819583, 0.37393986121819583, 0.37393986121819583, 0.37393986121819583, 0.37393986121819583]}}