{"train": {"loss": [0.5670698566364817, 0.2898642669019222, 0.18877748800607702, 0.15684586489989596, 0.14639460248681008], "accuracy": [0.9787487139917695, 0.9787487139917695, 0.9787487139917695, 0.9787487139917695, 0.9787487139917695], "f1": [0.2484265041328129, 0.2484265041328129, 0.2484265041328129, 0.2484265041328129, 0.2484265041328129]}, "validation": {"loss": [0.5592525263385075, 0.2764864984627177, 0.17136800021114873, 0.137054566066803, 0.12524961736961837], "accuracy": [0.983275993883792, 0.983275993883792, 0.983275993883792, 0.983275993883792, 0.983275993883792], "f1": [0.37393986121819583, 0.37393986121819583, 0.37393986121819583, 0.37393986121819583, 0.37393986121819583]}}