{"train": {"loss": [0.5016953442117968, 0.2560471188077711, 0.1768156677913764, 0.15289818379256379, 0.14490461499469842], "accuracy": [0.9784593621399177, 0.9784593621399177, 0.9784593621399177, 0.9784593621399177, 0.9784593621399177], "f1": [0.3733935308313946, 0.3733935308313946, 0.3733935308313946, 0.3733935308313946, 0.3733935308313946]}, "validation": {"loss": [0.49300553486114596, 0.24140646026992216, 0.15833488011323824, 0.1323176012260885, 0.12333553282135143], "accuracy": [0.983275993883792, 0.983275993883792, 0.983275993883792, 0.983275993883792, 0.983275993883792], "f1": [0.37393986121819583, 0.37393986121819583, 0.37393986121819583, 0.37393986121819583, 0.37393986121819583]}}