{"train": {"loss": [1.0154888577628554, 0.9793097868300321, 0.9523180817302904, 0.9362560447893644, 0.9245344850054958, 0.9144889931929739, 0.9049141699807686, 0.8985697689809298, 0.8947100921681053, 0.8900191742077208, 0.8870294554191723, 0.8837780868797972, 0.8775979353670489, 0.8376625222072267, 0.8012854718325431, 0.7864519556363424, 0.7681915550901178, 0.7373180410318207, 0.748581726300089, 0.7062424034403082, 0.6771270005326522, 0.6743267628184536, 0.6525334417819977, 0.6410536478485978, 0.6433228202033461, 0.6178835128483019, 0.6279453954152894, 0.588092622526905, 0.5694043082103395, 0.5728882979928401, 0.5565886617752543, 0.542691182149084, 0.5146360428709733, 0.546688542554253, 0.5367456146499567, 0.4821272764289588, 0.4565881286796771, 0.63384271086308, 0.433760686924583, 0.4602168317426715, 0.3947895775761521, 0.37104719694246324, 0.35747409494299637, 0.359215366735793, 0.33554536182629435, 0.311953855972541, 0.32648917405228867, 0.29213400864810274, 0.2802836233586596, 0.2686029952346233], "accuracy": [0.5041459369817579, 0.5041459369817579, 0.5041459369817579, 0.5041459369817579, 0.5041459369817579, 0.5041459369817579, 0.5041459369817579, 0.5041459369817579, 0.5041459369817579, 0.5041459369817579, 0.5041459369817579, 0.5041459369817579, 0.5041459369817579, 0.6169154228855721, 0.6445550027639579, 0.6384742951907131, 0.6639027086788281, 0.7020453289110006, 0.652294085129906, 0.710889994472084, 0.7318960751796573, 0.7202874516307353, 0.7423991155334438, 0.7529021558872305, 0.740187949143173, 0.7683803206191266, 0.750138197899392, 0.7716970702045329, 0.7860696517412935, 0.7683803206191266, 0.7998894416804865, 0.8009950248756219, 0.8186843559977889, 0.7838584853510226, 0.7932559425096739, 0.8220011055831952, 0.8468767274737424, 0.7346600331674958, 0.8446655610834716, 0.8474295190713101, 0.8756218905472637, 0.8756218905472637, 0.8844665561083471, 0.886677722498618, 0.9016030956329464, 0.9060254284134881, 0.8982863460475401, 0.9098949695964621, 0.9192924267551134, 0.9170812603648425], "f1": [0.16758544652701213, 0.16758544652701213, 0.16758544652701213, 0.16758544652701213, 0.16758544652701213, 0.16758544652701213, 0.16758544652701213, 0.16758544652701213, 0.16758544652701213, 0.16758544652701213, 0.16758544652701213, 0.16758544652701213, 0.16758544652701213, 0.31144801678294387, 0.32999819722372453, 0.32448907904235424, 0.33821539647347515, 0.3575712264454306, 0.3297157756427652, 0.36093126001386994, 0.3744322487862539, 0.3686340958750023, 0.3788746928746929, 0.3855624359176718, 0.3763824908543296, 0.3933435475630213, 0.39372093250691653, 0.39447360485804805, 0.45182252555605606, 0.3980858029522611, 0.5103937616114991, 0.5326611322393662, 0.4986772123239446, 0.4760170233009257, 0.446141643629661, 0.52935798523099, 0.5753206837544151, 0.38552787923530196, 0.45094237120642666, 0.4341107174473617, 0.5987228851917366, 0.5688517035897744, 0.5864656382696587, 0.6138533308659327, 0.6142102848484945, 0.6372044941207472, 0.6211106156657564, 0.6318292757481155, 0.6581713913653211, 0.6111310177634097]}, "validation": {"loss": [0.9883242504937308, 0.9495444808687482, 0.9182508417538234, 0.898746635232653, 0.8823329125131879, 0.871731059891837, 0.8608941606112889, 0.8534102439880371, 0.847537772996085, 0.8399027160235814, 0.8356421760150364, 0.8315180454935346, 0.8254979508263725, 0.7795321771076748, 0.7486106497900826, 0.7273203134536743, 0.7123875788279942, 0.707095205783844, 0.7094707318714687, 0.701951401574271, 0.6884864483560834, 0.6790244494165693, 0.6879570484161377, 0.6787751402173724, 0.6852443984576634, 0.6847008296421596, 0.7485376170703343, 0.7062906282288688, 0.7008283989770072, 0.7037647451673236, 0.707498869725636, 0.7473318321364266, 0.7299478735242572, 0.671081713267735, 0.7165818129267011, 0.7364356858389718, 0.7503666026251656, 0.8358083197048732, 0.7248591312340328, 0.7398296850068229, 0.7618071096284049, 0.7477321199008397, 0.7409093976020813, 0.867573721068246, 0.8265826787267413, 0.8012215367385319, 0.793446272611618, 0.8831048437527248, 0.8538952384676252, 0.8408154845237732], "accuracy": [0.5098039215686274, 0.5098039215686274, 0.5098039215686274, 0.5098039215686274, 0.5098039215686274, 0.5098039215686274, 0.5098039215686274, 0.5098039215686274, 0.5098039215686274, 0.5098039215686274, 0.5098039215686274, 0.5098039215686274, 0.5098039215686274, 0.6666666666666666, 0.7009803921568627, 0.6715686274509803, 0.7058823529411765, 0.696078431372549, 0.6764705882352942, 0.6813725490196079, 0.7107843137254902, 0.7009803921568627, 0.696078431372549, 0.696078431372549, 0.6813725490196079, 0.6715686274509803, 0.6617647058823529, 0.6813725490196079, 0.7107843137254902, 0.6617647058823529, 0.7058823529411765, 0.6764705882352942, 0.6862745098039216, 0.7009803921568627, 0.6666666666666666, 0.6911764705882353, 0.6862745098039216, 0.6372549019607843, 0.696078431372549, 0.696078431372549, 0.6568627450980392, 0.6813725490196079, 0.6617647058823529, 0.6862745098039216, 0.6372549019607843, 0.6911764705882353, 0.6666666666666666, 0.6617647058823529, 0.6911764705882353, 0.6715686274509803], "f1": [0.22510822510822512, 0.22510822510822512, 0.22510822510822512, 0.22510822510822512, 0.22510822510822512, 0.22510822510822512, 0.22510822510822512, 0.22510822510822512, 0.22510822510822512, 0.22510822510822512, 0.22510822510822512, 0.22510822510822512, 0.22510822510822512, 0.4453677746629288, 0.4731999079825167, 0.4506871998675277, 0.47465437788018433, 0.4691627407223738, 0.4507366018993926, 0.4575824322520357, 0.4797842779394597, 0.4726495726495726, 0.46860119788296584, 0.46982907245948474, 0.45710987301109274, 0.4532794028181983, 0.4430685593476291, 0.4592933947772657, 0.5887703432323083, 0.44181019925700776, 0.5707595513294995, 0.5391924589172296, 0.5720238095238095, 0.5671866039139851, 0.5578506013461326, 0.5591201261075801, 0.5323905723905723, 0.4198988486700153, 0.4710877610362146, 0.4698717948717948, 0.5004815586712138, 0.5353180932128301, 0.5155778894472363, 0.5297112090063631, 0.4987542087542088, 0.5309119892453226, 0.5356480112983216, 0.5150954896383584, 0.549624765478424, 0.45678271308523416]}}