{"train": {"loss": [1.011158335627171, 0.9685120760348805, 0.9422807536627117, 0.9251142499739664, 0.9097594095949542, 0.8980301953198617, 0.8905322447157743, 0.8834525252643385, 0.8792442397067421, 0.8757220653065464, 0.8702738567402488, 0.8671224702868545, 0.8661390616182696, 0.8632233487932306, 0.8625855623630055, 0.8597747599869444, 0.8592531147756075, 0.8499142287070292, 0.805610852283344, 0.7854422958273637, 0.7629509756439611, 0.7642460601371631, 0.7267602232464573, 0.7027213803508825, 0.6726085329264925, 0.6548352889847338, 0.6562847782645309, 0.6346132357915243, 0.6693434459075593, 0.6112547621392367, 0.5946732869273738, 0.5876591451335371, 0.5654217015232956, 0.5832781315895549, 0.5532852468783396, 0.5369008016168025, 0.5531169212701028, 0.5097109576066335, 0.4943099027140099, 0.46581071928927775, 0.4538281131208989, 0.4427779217561086, 0.42798467686301783, 0.44813355803489685, 0.41076081389920754, 0.38635416015198354, 0.37795666879729223, 0.3620286027067586, 0.3555291383935694, 0.3430265849619581], "accuracy": [0.5124378109452736, 0.5124378109452736, 0.5124378109452736, 0.5124378109452736, 0.5124378109452736, 0.5124378109452736, 0.5124378109452736, 0.5124378109452736, 0.5124378109452736, 0.5124378109452736, 0.5124378109452736, 0.5124378109452736, 0.5124378109452736, 0.5124378109452736, 0.5124378109452736, 0.5124378109452736, 0.5124378109452736, 0.5124378109452736, 0.6307352128247651, 0.6318407960199005, 0.6583747927031509, 0.6666666666666666, 0.6838032061912659, 0.6981757877280266, 0.7335544499723604, 0.7313432835820896, 0.724709784411277, 0.7457158651188502, 0.7037037037037037, 0.7661691542288557, 0.7761194029850746, 0.7761194029850746, 0.7849640685461581, 0.7600884466556108, 0.7816473189607518, 0.7877280265339967, 0.7716970702045329, 0.8070757324488668, 0.8081813156440022, 0.8297401879491432, 0.8325041459369817, 0.8407960199004975, 0.8485351022664456, 0.835820895522388, 0.8584853510226644, 0.8700939745715865, 0.8794914317302377, 0.8822553897180763, 0.8911000552791598, 0.8911000552791598], "f1": [0.16940789473684212, 0.16940789473684212, 0.16940789473684212, 0.16940789473684212, 0.16940789473684212, 0.16940789473684212, 0.16940789473684212, 0.16940789473684212, 0.16940789473684212, 0.16940789473684212, 0.16940789473684212, 0.16940789473684212, 0.16940789473684212, 0.16940789473684212, 0.16940789473684212, 0.16940789473684212, 0.16940789473684212, 0.16940789473684212, 0.3197541385961047, 0.3205690207262955, 0.33551345465041527, 0.32874382401380287, 0.34039272865314435, 0.3568624459083126, 0.37494039268097584, 0.3739384874168038, 0.36539691809188946, 0.37954976795596795, 0.3836214962956821, 0.39150771826277175, 0.48761367621337787, 0.3966209171243341, 0.43613544307333013, 0.40140605311621597, 0.41249647975467807, 0.41418300697125854, 0.42413529850122583, 0.4254821164609299, 0.4475403522011801, 0.5479858399085814, 0.5405585561557021, 0.581462311461887, 0.5884789134135664, 0.5927902730782895, 0.6052802937526198, 0.6239621147189451, 0.6191622452609744, 0.6218260389655252, 0.6299046714474534, 0.6332109361211284]}, "validation": {"loss": [0.9958389060837882, 0.9483338338988168, 0.9196552889687675, 0.8972684485571725, 0.8812689099993024, 0.8671576295580182, 0.8574296746935163, 0.8479324238640922, 0.8414421933037894, 0.8352778894560677, 0.83061797278268, 0.8258847764560154, 0.8229335972240993, 0.8199976852961949, 0.8170039483479091, 0.8150068947247097, 0.8117687617029462, 0.8047218578202384, 0.7509969898632595, 0.729241064616612, 0.7088110957826886, 0.7300947223390851, 0.7066313454083034, 0.6740124991961888, 0.6725970251219613, 0.6640626958438328, 0.6849735379219055, 0.6445082340921674, 0.6845835702759879, 0.6456473810332162, 0.6592594044549125, 0.6490695476531982, 0.6393599595342364, 0.647060649735587, 0.6578711697033474, 0.6359313300677708, 0.6602593575205121, 0.6573284694126674, 0.6411094750676837, 0.6782903926713126, 0.686187424830028, 0.7047504186630249, 0.6997414571898324, 0.6811716258525848, 0.6930584481784275, 0.7204702241080148, 0.7151995897293091, 0.7163106501102448, 0.7088213988712856, 0.8108573300497872], "accuracy": [0.5098039215686274, 0.5098039215686274, 0.5098039215686274, 0.5098039215686274, 0.5098039215686274, 0.5098039215686274, 0.5098039215686274, 0.5098039215686274, 0.5098039215686274, 0.5098039215686274, 0.5098039215686274, 0.5098039215686274, 0.5098039215686274, 0.5098039215686274, 0.5098039215686274, 0.5098039215686274, 0.5098039215686274, 0.5098039215686274, 0.6666666666666666, 0.6715686274509803, 0.6862745098039216, 0.6911764705882353, 0.6862745098039216, 0.7205882352941176, 0.7205882352941176, 0.7058823529411765, 0.6862745098039216, 0.7058823529411765, 0.6862745098039216, 0.7303921568627451, 0.7205882352941176, 0.7254901960784313, 0.7156862745098039, 0.7009803921568627, 0.7156862745098039, 0.7401960784313726, 0.696078431372549, 0.7156862745098039, 0.75, 0.7254901960784313, 0.7107843137254902, 0.6764705882352942, 0.7009803921568627, 0.696078431372549, 0.6862745098039216, 0.7156862745098039, 0.696078431372549, 0.7107843137254902, 0.6813725490196079, 0.6568627450980392], "f1": [0.22510822510822512, 0.22510822510822512, 0.22510822510822512, 0.22510822510822512, 0.22510822510822512, 0.22510822510822512, 0.22510822510822512, 0.22510822510822512, 0.22510822510822512, 0.22510822510822512, 0.22510822510822512, 0.22510822510822512, 0.22510822510822512, 0.22510822510822512, 0.22510822510822512, 0.22510822510822512, 0.22510822510822512, 0.22510822510822512, 0.44657033715329675, 0.4496375365788774, 0.4613415258576549, 0.45678819172795077, 0.4571233810497614, 0.4856813882720618, 0.4864416522953108, 0.47635467980295565, 0.45912776682007445, 0.47528744213827084, 0.45995681780435144, 0.4928753809406145, 0.48881230646289087, 0.4897435897435898, 0.4824861558806513, 0.47242371905584335, 0.4826809951033553, 0.49855505729945193, 0.46869285890783297, 0.483030392591498, 0.6142985314256033, 0.5840683853022776, 0.5740709143217355, 0.5204520452045204, 0.5426092084755044, 0.5316005357441821, 0.5185272621752688, 0.5440244611870203, 0.5227586127513612, 0.5667059030036449, 0.46460940510294685, 0.44881969881969885]}}