{"train": {"loss": [0.9924350830546597, 0.9581171316013002, 0.9372311035792033, 0.9213250059830514, 0.9094498711719847, 0.900724282390193, 0.8938749631245931, 0.8914829848105448, 0.8825380582558481, 0.8778655884558695, 0.8749320318824366, 0.8727365031576994, 0.85891672602871, 0.7931625163346007, 0.7770774730464869, 0.7469769799918459, 0.7196731875862992, 0.740994367683143, 0.700408046705681, 0.6959858892256754, 0.6674785451930866, 0.6421362339404592, 0.6282503949968439, 0.6069629208037728, 0.5867650623907122, 0.5737011511074869, 0.5733523274722853, 0.5574517861792916, 0.5481973661665331, 0.5487129792832491, 0.5367845945190965, 0.5018731209269741, 0.5478066321004901, 0.5099397751322964, 0.464798581181911, 0.45330760771768136, 0.4464969885976691, 0.4164084507185116, 0.409316875432667, 0.43095097233328905, 0.3654296131510484, 0.351799614988921, 0.3354095944709945, 0.31105328364330426, 0.29717288545349185, 0.37786120333169637, 0.2842315268098262, 0.2768869435316638, 0.27419325186495197, 0.2781827857619838], "accuracy": [0.5174129353233831, 0.5174129353233831, 0.5174129353233831, 0.5174129353233831, 0.5174129353233831, 0.5174129353233831, 0.5174129353233831, 0.5174129353233831, 0.5174129353233831, 0.5174129353233831, 0.5174129353233831, 0.5174129353233831, 0.5174129353233831, 0.6406854615809839, 0.6406854615809839, 0.6926478717523493, 0.7009397457158651, 0.6622443338861249, 0.7075732448866777, 0.7064676616915423, 0.7357656163626313, 0.7412935323383084, 0.7584300718629077, 0.7683803206191266, 0.7783305693753455, 0.7838584853510226, 0.7849640685461581, 0.7893864013266998, 0.7921503593145384, 0.7855168601437258, 0.8076285240464345, 0.8137092316196793, 0.7927031509121062, 0.8004422332780542, 0.8269762299613046, 0.8341625207296849, 0.839690436705362, 0.8546158098396904, 0.8645660585959093, 0.8524046434494196, 0.8861249309010503, 0.8877833056937534, 0.8960751796572692, 0.9027086788280818, 0.9104477611940298, 0.8678828081813157, 0.9203980099502488, 0.9137645107794361, 0.9231619679380874, 0.9093421779988944], "f1": [0.17049180327868851, 0.17049180327868851, 0.17049180327868851, 0.17049180327868851, 0.17049180327868851, 0.17049180327868851, 0.17049180327868851, 0.17049180327868851, 0.17049180327868851, 0.17049180327868851, 0.17049180327868851, 0.17049180327868851, 0.17049180327868851, 0.32766389157644266, 0.3266323827333645, 0.3543192167840796, 0.35782364832918356, 0.3369188749231923, 0.3620365034051636, 0.36147812320092115, 0.37411854976289516, 0.3771619053913388, 0.38787777365693044, 0.3925089679304851, 0.39778789850357843, 0.4007305922720006, 0.4006603094449276, 0.4217859070589629, 0.41738835266720997, 0.4015686102415572, 0.4131608785703027, 0.4655390868265815, 0.5466906496697228, 0.5178628179549377, 0.44175983452690515, 0.5528828327357707, 0.4987442409614212, 0.5559080060556488, 0.5996813619323047, 0.5933810788522389, 0.6307436440678238, 0.6246157652959506, 0.6320660906041982, 0.6436384304223766, 0.6454194418229141, 0.616746371220179, 0.6682228246010428, 0.6576392938181416, 0.6736263035592835, 0.6639790797825663]}, "validation": {"loss": [0.9714554037366595, 0.9315548368862697, 0.9101505024092538, 0.8893098064831325, 0.8730932474136353, 0.8627013904707772, 0.8588931219918388, 0.8517495819500515, 0.8418416636330741, 0.8362196854182652, 0.8301406162125724, 0.8307808126722064, 0.8216926540647235, 0.7353993824550084, 0.7123361825942993, 0.7057411244937352, 0.6921325922012329, 0.6890350154467991, 0.6737878578049796, 0.6719314115388053, 0.6872574687004089, 0.6907804778644017, 0.6717237404414585, 0.6727133137839181, 0.6893710919788906, 0.7080556750297546, 0.6713153209005084, 0.6794799055371966, 0.702908958707537, 0.6907260205064502, 0.6811291916029794, 0.7100254893302917, 0.7701365223952702, 0.7320692666939327, 0.7122659853526524, 0.7173305749893188, 0.7049581408500671, 0.707892656326294, 0.7287881118910653, 0.7971236620630536, 0.7682696410587856, 0.762346225125449, 0.8044094528470721, 0.776079169341496, 0.7935921890395028, 0.8245883243424552, 0.84291330405644, 0.8160460931914193, 0.9350686584200177, 0.9666607124464852], "accuracy": [0.5098039215686274, 0.5098039215686274, 0.5098039215686274, 0.5098039215686274, 0.5098039215686274, 0.5098039215686274, 0.5098039215686274, 0.5098039215686274, 0.5098039215686274, 0.5098039215686274, 0.5098039215686274, 0.5098039215686274, 0.5098039215686274, 0.6911764705882353, 0.6862745098039216, 0.7009803921568627, 0.7058823529411765, 0.7009803921568627, 0.7009803921568627, 0.696078431372549, 0.6911764705882353, 0.696078431372549, 0.6911764705882353, 0.7058823529411765, 0.696078431372549, 0.6862745098039216, 0.7058823529411765, 0.7156862745098039, 0.696078431372549, 0.7058823529411765, 0.6862745098039216, 0.7058823529411765, 0.6764705882352942, 0.6813725490196079, 0.6911764705882353, 0.7107843137254902, 0.696078431372549, 0.7009803921568627, 0.7107843137254902, 0.6666666666666666, 0.6911764705882353, 0.696078431372549, 0.6862745098039216, 0.7009803921568627, 0.7107843137254902, 0.7009803921568627, 0.6862745098039216, 0.7205882352941176, 0.6666666666666666, 0.6715686274509803], "f1": [0.22510822510822512, 0.22510822510822512, 0.22510822510822512, 0.22510822510822512, 0.22510822510822512, 0.22510822510822512, 0.22510822510822512, 0.22510822510822512, 0.22510822510822512, 0.22510822510822512, 0.22510822510822512, 0.22510822510822512, 0.22510822510822512, 0.46552405413414993, 0.4613415258576549, 0.4730965633876821, 0.4764372070071552, 0.4691932070063163, 0.47185547808600764, 0.46898038441284884, 0.46541693600517126, 0.46890213611525083, 0.466531840378829, 0.47634100563074183, 0.4693833762461213, 0.4630708946623201, 0.4755754263950986, 0.5912666755307362, 0.4693833762461213, 0.47582444830151255, 0.4630708946623201, 0.4762069590730027, 0.5485916937776606, 0.5485330079340577, 0.4663207314059797, 0.4805413708639515, 0.471023102310231, 0.4743866260092058, 0.5552466033873069, 0.5323112561116857, 0.527118567012184, 0.5641169154228857, 0.5756995715978488, 0.5423232323232323, 0.5445322123675782, 0.5404813263968193, 0.520750442086649, 0.5443751443751443, 0.504615395999127, 0.5086233211233212]}}