{"train": {"loss": [1.004120569480093, 0.9676785479512131, 0.9432833926719532, 0.9245931140163488, 0.9139987941373858, 0.9026217073724981, 0.8939156145380255, 0.8871024732004132, 0.8829275808836284, 0.8777147123688146, 0.8743702957504674, 0.8717704268923977, 0.8676117292621679, 0.8637307861395049, 0.8135046624300772, 0.7953274616023951, 0.7700605214687816, 0.7596567388166461, 0.7300343523945725, 0.745510623120425, 0.7210371494293213, 0.682142786812364, 0.6648728690649334, 0.6481965743658835, 0.6301354274415133, 0.627537103598578, 0.5950716049001928, 0.5752564056923515, 0.5928275506747397, 0.5524063471116518, 0.555828308850004, 0.5449037682591823, 0.5223858549929502, 0.4842802385489146, 0.4822588332912378, 0.4862278187484072, 0.5389012181968019, 0.4259274724805564, 0.42974123175729784, 0.4101060184470394, 0.39204925298690796, 0.38940179844697315, 0.37519114163883943, 0.3582926457911207, 0.3625458983475702, 0.33755139065416234, 0.31366861310967226, 0.29374978076993374, 0.32866698346639933, 0.3230972198540704], "accuracy": [0.5080154781647319, 0.5080154781647319, 0.5080154781647319, 0.5080154781647319, 0.5080154781647319, 0.5080154781647319, 0.5080154781647319, 0.5080154781647319, 0.5080154781647319, 0.5080154781647319, 0.5080154781647319, 0.5080154781647319, 0.5080154781647319, 0.5080154781647319, 0.6263128800442234, 0.6412382531785517, 0.6556108347153123, 0.6788280818131565, 0.689331122166943, 0.6838032061912659, 0.6688778330569375, 0.7191818684355997, 0.7374239911553344, 0.7506909894969597, 0.7634051962410171, 0.7567716970702045, 0.7739082365948038, 0.7860696517412935, 0.7678275290215588, 0.7932559425096739, 0.7805417357656164, 0.7799889441680486, 0.8181315644002212, 0.8247650635710337, 0.8236594803758983, 0.820342730790492, 0.7915975677169707, 0.8629076838032061, 0.8590381426202321, 0.8634604754007739, 0.8778330569375346, 0.87893864013267, 0.8839137645107794, 0.8894416804864566, 0.886677722498618, 0.8949695964621338, 0.9104477611940298, 0.9159756771697071, 0.8982863460475401, 0.8977335544499724], "f1": [0.16843841642228738, 0.16843841642228738, 0.16843841642228738, 0.16843841642228738, 0.16843841642228738, 0.16843841642228738, 0.16843841642228738, 0.16843841642228738, 0.16843841642228738, 0.16843841642228738, 0.16843841642228738, 0.16843841642228738, 0.16843841642228738, 0.16843841642228738, 0.3169683872449585, 0.32590921982721005, 0.33366089966284584, 0.3468856801202682, 0.3508934109722949, 0.3428081174344013, 0.3392082679262614, 0.36685893781261436, 0.37682904458337263, 0.3836664178411126, 0.389659598347928, 0.4217691576965523, 0.40237148549566026, 0.4017477394104151, 0.39250845950631025, 0.46458767034926857, 0.397639881362494, 0.41671611784266366, 0.41816847835895743, 0.4568462812405039, 0.4976450794297052, 0.5130180229113206, 0.4040750999069727, 0.5962995448006397, 0.5474289997726003, 0.5738850228715349, 0.6076778276386431, 0.6218510436039565, 0.6240444581661007, 0.6222726363801808, 0.5962976566908343, 0.6345714635626349, 0.625478612624216, 0.6486799547114936, 0.653792674341126, 0.6527965687142679]}, "validation": {"loss": [0.9854932938303266, 0.9424770389284406, 0.9160554494176593, 0.8956352642604283, 0.8815866027559552, 0.8663185153688703, 0.8562548245702472, 0.8480630006108966, 0.8428912503378732, 0.8371603233473641, 0.8315774372645787, 0.8262982964515686, 0.8226173690387181, 0.815867943423135, 0.7616199851036072, 0.7473598207746234, 0.718929512160165, 0.7173548000199454, 0.6869507942880902, 0.7236294576099941, 0.6891010999679565, 0.6806804708072117, 0.6718676686286926, 0.66575539963586, 0.6734559876578194, 0.670335693018777, 0.6765132972172329, 0.6575593863214765, 0.6830654229436602, 0.704846169267382, 0.7268754754747663, 0.7432689155851092, 0.6822320137705121, 0.6846868480954852, 0.7342102783066886, 0.7279497640473502, 0.7224006056785583, 0.725652813911438, 0.7104213663509914, 0.709351258618491, 0.7200679523604256, 0.7140707288469587, 0.723684046949659, 0.7344799041748047, 0.747505498783929, 0.800674489566258, 0.7732959389686584, 0.7417138942650386, 0.8325020585741315, 0.8701137134007045], "accuracy": [0.5098039215686274, 0.5098039215686274, 0.5098039215686274, 0.5098039215686274, 0.5098039215686274, 0.5098039215686274, 0.5098039215686274, 0.5098039215686274, 0.5098039215686274, 0.5098039215686274, 0.5098039215686274, 0.5098039215686274, 0.5098039215686274, 0.5098039215686274, 0.6813725490196079, 0.6813725490196079, 0.6862745098039216, 0.7156862745098039, 0.7009803921568627, 0.6666666666666666, 0.6911764705882353, 0.7058823529411765, 0.7205882352941176, 0.7058823529411765, 0.6715686274509803, 0.7205882352941176, 0.7107843137254902, 0.7058823529411765, 0.6911764705882353, 0.7107843137254902, 0.6617647058823529, 0.6911764705882353, 0.6813725490196079, 0.7254901960784313, 0.7058823529411765, 0.6862745098039216, 0.6813725490196079, 0.7254901960784313, 0.7254901960784313, 0.7205882352941176, 0.6862745098039216, 0.7107843137254902, 0.7058823529411765, 0.7205882352941176, 0.7058823529411765, 0.696078431372549, 0.7009803921568627, 0.7058823529411765, 0.6715686274509803, 0.6666666666666666], "f1": [0.22510822510822512, 0.22510822510822512, 0.22510822510822512, 0.22510822510822512, 0.22510822510822512, 0.22510822510822512, 0.22510822510822512, 0.22510822510822512, 0.22510822510822512, 0.22510822510822512, 0.22510822510822512, 0.22510822510822512, 0.22510822510822512, 0.22510822510822512, 0.45687123587676076, 0.4578064302834945, 0.4609225067831381, 0.4824808036962134, 0.4730779357556609, 0.4441558441558442, 0.46247687615619215, 0.4764372070071552, 0.4864039408866995, 0.47635467980295565, 0.45318259610321227, 0.5940029570672526, 0.4797136430060916, 0.4765166822729289, 0.46647948376927245, 0.5886383202272997, 0.4430685593476291, 0.5733333333333334, 0.4592933947772657, 0.5839073574922632, 0.5702130702130702, 0.571846861722035, 0.4578064302834945, 0.5591942820012995, 0.4909883145177263, 0.4888059701492537, 0.5324076181804386, 0.5443769193769193, 0.4824120603015076, 0.561781335366241, 0.4775577557755775, 0.5303602180379432, 0.4756429401028704, 0.4813511611541168, 0.5123737373737374, 0.4566906002401998]}}