{"train": {"loss": [0.9796844563986126, 0.9478666468670494, 0.928423075299514, 0.9121444685417309, 0.9027079166027537, 0.8947348228672094, 0.8878809098611798, 0.882772471821099, 0.8769280230789854, 0.8741745070407265, 0.8716932273747628, 0.8701193635923821, 0.8700986671866032, 0.8648893226656997, 0.8377008459024262, 0.7866716489457247, 0.7727756416588499, 0.7392370188445375, 0.763548709844288, 0.7007001335160774, 0.6749010713476884, 0.6591015426736129, 0.6518744293012118, 0.6349343270586248, 0.6350039855430001, 0.6283973779594689, 0.6268755547833025, 0.5749166884966064, 0.5757436517037844, 0.5512730913204059, 0.5615459837411579, 0.5311861534913381, 0.5084215669255507, 0.4998407102467721, 0.4825634647879684, 0.47901286942917004, 0.48550958434740704, 0.46129025388182254, 0.4466219805834586, 0.42411983692855165, 0.4304422019866475, 0.41756536092674523, 0.39607440275058414, 0.38386084557625283, 0.35813384411627786, 0.38887602326117066, 0.36253075458501516, 0.3386783601160635, 0.3156841722758193, 0.2993152128499851], "accuracy": [0.5074626865671642, 0.5074626865671642, 0.5074626865671642, 0.5074626865671642, 0.5074626865671642, 0.5074626865671642, 0.5074626865671642, 0.5074626865671642, 0.5074626865671642, 0.5074626865671642, 0.5074626865671642, 0.5074626865671642, 0.5074626865671642, 0.5074626865671642, 0.5599778883360973, 0.6451077943615257, 0.6782752902155887, 0.7037037037037037, 0.6672194582642343, 0.7230514096185738, 0.7379767827529021, 0.7473742399115534, 0.7562189054726368, 0.7600884466556108, 0.7407407407407407, 0.7562189054726368, 0.750138197899392, 0.7877280265339967, 0.7822001105583195, 0.7976782752902156, 0.7882808181315644, 0.8004422332780542, 0.8225538971807629, 0.8269762299613046, 0.8264234383637369, 0.831951354339414, 0.8186843559977889, 0.8385848535102266, 0.8479823106688779, 0.8551686014372581, 0.8557213930348259, 0.8645660585959093, 0.8684355997788834, 0.875069098949696, 0.8944168048645661, 0.8634604754007739, 0.8811498065229408, 0.896627971254837, 0.8993919292426755, 0.9110005527915975], "f1": [0.16831683168316833, 0.16831683168316833, 0.16831683168316833, 0.16831683168316833, 0.16831683168316833, 0.16831683168316833, 0.16831683168316833, 0.16831683168316833, 0.16831683168316833, 0.16831683168316833, 0.16831683168316833, 0.16831683168316833, 0.16831683168316833, 0.16831683168316833, 0.2395517863126486, 0.3297184403962927, 0.3466052482488669, 0.3594744977414956, 0.33125996578363814, 0.36953061076997334, 0.37757397953216654, 0.3819990462454639, 0.3865417437064429, 0.3889061767168174, 0.37691503948738914, 0.3867340195168593, 0.3834060953939379, 0.4030564559684443, 0.40671874306075106, 0.4078677622411848, 0.4702952647857336, 0.4453593614844783, 0.5153540393820928, 0.5199450507924028, 0.45835800644130364, 0.5583422834542622, 0.5067759324009324, 0.5876179029445258, 0.567282059316772, 0.5593881815021091, 0.5933675160972675, 0.6050844500898954, 0.5853928443377837, 0.6053426738761362, 0.6368505811056859, 0.6171071845185452, 0.6197593767287369, 0.6340450452386581, 0.6046969431201701, 0.6480069328131879]}, "validation": {"loss": [0.9550762006214687, 0.9211430634771075, 0.9003962448665074, 0.8814719489642552, 0.8669313447816032, 0.8563959513391767, 0.8481069718088422, 0.8403574739183698, 0.8348079068320138, 0.830966225692204, 0.8261998976979937, 0.821867082800184, 0.8180524281093052, 0.8162008438791547, 0.7869876027107239, 0.7351476975849697, 0.7213738560676575, 0.6995957238333566, 0.7543352672031948, 0.7022433280944824, 0.6860890729086739, 0.6936252032007489, 0.6712201493127006, 0.6708019971847534, 0.6961249453680856, 0.6581701721463885, 0.6772256323269435, 0.6641030311584473, 0.6422593678746905, 0.672735333442688, 0.7314595750399998, 0.6590461816106524, 0.6670100433485848, 0.6757487314088004, 0.6963231989315578, 0.7204543096678597, 0.6959248440606254, 0.6949786118098668, 0.6747255155018398, 0.7087173972811017, 0.7542050906590053, 0.68956059217453, 0.775714099407196, 0.7517155664307731, 0.7672225066593715, 0.7980055553572518, 0.8857443502971104, 0.8487594042505536, 0.8087771279471261, 0.8151873861040387], "accuracy": [0.5098039215686274, 0.5098039215686274, 0.5098039215686274, 0.5098039215686274, 0.5098039215686274, 0.5098039215686274, 0.5098039215686274, 0.5098039215686274, 0.5098039215686274, 0.5098039215686274, 0.5098039215686274, 0.5098039215686274, 0.5098039215686274, 0.5098039215686274, 0.5637254901960784, 0.6911764705882353, 0.6813725490196079, 0.696078431372549, 0.6764705882352942, 0.6911764705882353, 0.7009803921568627, 0.696078431372549, 0.7058823529411765, 0.6862745098039216, 0.6666666666666666, 0.7009803921568627, 0.6764705882352942, 0.696078431372549, 0.7009803921568627, 0.7107843137254902, 0.696078431372549, 0.7205882352941176, 0.7254901960784313, 0.696078431372549, 0.7156862745098039, 0.6911764705882353, 0.7156862745098039, 0.6764705882352942, 0.7205882352941176, 0.7009803921568627, 0.6666666666666666, 0.6862745098039216, 0.6421568627450981, 0.6715686274509803, 0.6666666666666666, 0.6568627450980392, 0.6372549019607843, 0.6519607843137255, 0.6666666666666666, 0.6764705882352942], "f1": [0.22510822510822512, 0.22510822510822512, 0.22510822510822512, 0.22510822510822512, 0.22510822510822512, 0.22510822510822512, 0.22510822510822512, 0.22510822510822512, 0.22510822510822512, 0.22510822510822512, 0.22510822510822512, 0.22510822510822512, 0.22510822510822512, 0.22510822510822512, 0.3315831437294596, 0.46552405413414993, 0.4598143759873618, 0.4693833762461213, 0.45099736864442747, 0.4659498207885305, 0.47316912972085384, 0.469705950146531, 0.4762069590730027, 0.46281507772191, 0.44615849969751964, 0.47242371905584335, 0.4542551783468996, 0.469808372399046, 0.4730965633876821, 0.47944911759854864, 0.5626664174150208, 0.5807702432534346, 0.584078270606768, 0.5641452398733953, 0.5918459671190555, 0.5498041726293591, 0.5663932239562491, 0.520500466129464, 0.5701375859912445, 0.5485631863018797, 0.539598108747045, 0.5231476755923015, 0.5023535851122057, 0.517033241785717, 0.5071794871794872, 0.5010710053778142, 0.48888888888888893, 0.5196272537683799, 0.4533333333333333, 0.5200064671101257]}}