{"train": {"loss": [1.0235361864692287, 0.9792908733351189, 0.9551271430233068, 0.9350871485576295, 0.9212618030999836, 0.9099475898240742, 0.900921828914107, 0.8938577185597336, 0.888191630965785, 0.8837213578977083, 0.8791351998061464, 0.8760118965517011, 0.8716361313535456, 0.869446805694647, 0.8663066270058615, 0.8233122490999991, 0.7980115915599623, 0.7785751275848924, 0.74995356798172, 0.7888369591612565, 0.7579208466044643, 0.7089429068983647, 0.7102623069495485, 0.6732320869178102, 0.6590364972750345, 0.6839221355162168, 0.6439210683630224, 0.6162579493564472, 0.6040489537674084, 0.5862522852002529, 0.5759802126047904, 0.5849392633689078, 0.5637963686073035, 0.5542824404281482, 0.5156106718799525, 0.5069417493385181, 0.49739206360097515, 0.4924167269154599, 0.46173412365871563, 0.45586295765742924, 0.4428961365892176, 0.45702418109826876, 0.41404617094157037, 0.4104249270861609, 0.4329431736678408, 0.374039041107161, 0.3826198300771546, 0.42650844967156126, 0.33342253194566357, 0.34984798781704485], "accuracy": [0.5163073521282476, 0.5163073521282476, 0.5163073521282476, 0.5163073521282476, 0.5163073521282476, 0.5163073521282476, 0.5163073521282476, 0.5163073521282476, 0.5163073521282476, 0.5163073521282476, 0.5163073521282476, 0.5163073521282476, 0.5163073521282476, 0.5163073521282476, 0.5163073521282476, 0.6346047540077391, 0.6451077943615257, 0.6495301271420675, 0.6843559977888336, 0.6202321724709784, 0.6511885019347706, 0.7097844112769486, 0.6981757877280266, 0.736318407960199, 0.7385295743504698, 0.6909894969596462, 0.7440574903261471, 0.7606412382531785, 0.761746821448314, 0.7772249861802101, 0.7788833609729132, 0.7705914870093975, 0.7976782752902156, 0.8076285240464345, 0.8159203980099502, 0.8159203980099502, 0.8231066887783306, 0.8109452736318408, 0.8413488114980652, 0.835820895522388, 0.8391376451077943, 0.824212271973466, 0.8568269762299613, 0.8557213930348259, 0.853510226644555, 0.8772802653399668, 0.8706467661691543, 0.8413488114980652, 0.9010503040353787, 0.8894416804864566], "f1": [0.17025154939846884, 0.17025154939846884, 0.17025154939846884, 0.17025154939846884, 0.17025154939846884, 0.17025154939846884, 0.17025154939846884, 0.17025154939846884, 0.17025154939846884, 0.17025154939846884, 0.17025154939846884, 0.17025154939846884, 0.17025154939846884, 0.17025154939846884, 0.17025154939846884, 0.32285429670697857, 0.3296167369901547, 0.33218274948739845, 0.34850075871347225, 0.31068527605103446, 0.33012313513848823, 0.361728978665693, 0.35235700996354474, 0.37617584172665597, 0.3772027559565477, 0.35171685685378873, 0.3792969056781591, 0.38888490602596393, 0.38861184432544427, 0.39700902273259897, 0.4426386780225758, 0.42259718760806364, 0.5371503496503496, 0.5438087608526408, 0.44765086233893736, 0.5004833942051354, 0.4717876829360751, 0.46999660597955484, 0.5791288250842273, 0.5140005968344387, 0.5029083687659321, 0.4960748330529643, 0.5752193034425013, 0.535298419746637, 0.4940756423103617, 0.6015020346939812, 0.5744986761571986, 0.6097767534600206, 0.6583684050668589, 0.6480772932869195]}, "validation": {"loss": [1.0294764041900635, 0.9903712783540998, 0.9672285062926156, 0.9409252830914089, 0.9274543864386422, 0.9185512491634914, 0.9082403012684414, 0.9021343418530056, 0.8934381178447178, 0.8923419458525521, 0.8929496322359357, 0.8848832760538373, 0.8800808446747916, 0.8750170469284058, 0.8774459276880536, 0.8207560096468244, 0.7941086207117353, 0.7891076122011457, 0.7917459181376866, 0.749985260622842, 0.738930174282619, 0.7735934938703265, 0.8082973446164813, 0.7436326486723763, 0.7457230005945478, 0.7198041422026498, 0.7554665889058795, 0.7620601313454765, 0.7616481014660427, 0.7551955665860858, 0.7759177259036473, 0.7877468722207206, 0.7846342665808541, 0.7721246140343803, 0.7627343790871757, 0.761860762323652, 0.7695863672665187, 0.7965753504208156, 0.7832237992967878, 0.7585453816822597, 0.787894708769662, 0.8263056789125715, 0.804132206099374, 0.8171774744987488, 0.8069091098649162, 0.7935937472752163, 0.8140360542706081, 0.9727641684668404, 0.8080413511821202, 0.8671782442501613], "accuracy": [0.4264705882352941, 0.4264705882352941, 0.4264705882352941, 0.4264705882352941, 0.4264705882352941, 0.4264705882352941, 0.4264705882352941, 0.4264705882352941, 0.4264705882352941, 0.4264705882352941, 0.4264705882352941, 0.4264705882352941, 0.4264705882352941, 0.4264705882352941, 0.4264705882352941, 0.6862745098039216, 0.6470588235294118, 0.6568627450980392, 0.6421568627450981, 0.6715686274509803, 0.6813725490196079, 0.6568627450980392, 0.6470588235294118, 0.6568627450980392, 0.6470588235294118, 0.6568627450980392, 0.6372549019607843, 0.6813725490196079, 0.6225490196078431, 0.6568627450980392, 0.6715686274509803, 0.6323529411764706, 0.6470588235294118, 0.6568627450980392, 0.6715686274509803, 0.6617647058823529, 0.6666666666666666, 0.6568627450980392, 0.6519607843137255, 0.6715686274509803, 0.6813725490196079, 0.6225490196078431, 0.6715686274509803, 0.6764705882352942, 0.6519607843137255, 0.6813725490196079, 0.6715686274509803, 0.6078431372549019, 0.696078431372549, 0.6666666666666666], "f1": [0.1993127147766323, 0.1993127147766323, 0.1993127147766323, 0.1993127147766323, 0.1993127147766323, 0.1993127147766323, 0.1993127147766323, 0.1993127147766323, 0.1993127147766323, 0.1993127147766323, 0.1993127147766323, 0.1993127147766323, 0.1993127147766323, 0.1993127147766323, 0.1993127147766323, 0.46001705029838025, 0.43636363636363634, 0.4436603152199483, 0.43680118907454263, 0.44, 0.45259318935869786, 0.4468482905982906, 0.4383116883116884, 0.4466666666666666, 0.4401106777344401, 0.4368196224335124, 0.4332931888130604, 0.46348761804739397, 0.422962497381102, 0.4468482905982906, 0.4568417712534549, 0.42912283357299624, 0.5157124903191099, 0.5200396825396826, 0.45687634018339135, 0.5108794511567352, 0.45344534453445345, 0.5072958023685907, 0.5386777808215605, 0.4584933629809312, 0.5241593600984463, 0.4250981985642692, 0.5584200508532321, 0.46249842111911077, 0.4439919557566616, 0.5581207921765197, 0.5747268604411461, 0.5350768049155147, 0.6259849059329072, 0.6240965495231658]}}