{"train": {"loss": [1.0350506075641566, 0.9965498008226094, 0.9692767910790026, 0.9503227273623148, 0.9347896690954242, 0.9197010450195848, 0.9077377308878982, 0.9003314888268187, 0.8924315749553212, 0.8840848291129396, 0.8428093958319279, 0.7987747642031887, 0.7763041101003948, 0.7507956184838948, 0.753053251065706, 0.733570699106183, 0.719050805819662, 0.6907669598596138, 0.6764398494310546, 0.6664601721261677, 0.6448734789563898, 0.6380911584486041, 0.6159473908574957, 0.6294134400392833, 0.6104802191257477, 0.6077405909697214, 0.5734854100043314, 0.5637587387310831, 0.6051379478814309, 0.5207003172029528, 0.5107168487289495, 0.5056289784740984, 0.4975199192239527, 0.4789862070690122, 0.4882906460971163, 0.46366997847431585, 0.4630509092096697, 0.43040874391271355, 0.42358893835753725, 0.4247668171138094, 0.3845180181557672, 0.37533205852173923, 0.35602784548935135, 0.36738410513652, 0.37031923966449604, 0.31302824825571296, 0.3043850953118843, 0.2813905995143087, 0.26554268454773383, 0.26171906187868954], "accuracy": [0.45107794361525705, 0.45107794361525705, 0.5063571033720288, 0.5063571033720288, 0.5063571033720288, 0.5063571033720288, 0.5063571033720288, 0.5063571033720288, 0.5063571033720288, 0.5063571033720288, 0.5632946379215036, 0.6462133775566611, 0.6605859590934218, 0.681592039800995, 0.6882255389718076, 0.6810392482034273, 0.7020453289110006, 0.7274737423991156, 0.7379767827529021, 0.7368711995577667, 0.7545605306799337, 0.7534549474847982, 0.7716970702045329, 0.7407407407407407, 0.7589828634604754, 0.7877280265339967, 0.7816473189607518, 0.7932559425096739, 0.7523493642896628, 0.814262023217247, 0.814262023217247, 0.8164731896075179, 0.8208955223880597, 0.824212271973466, 0.8220011055831952, 0.824212271973466, 0.8385848535102266, 0.8430071862907684, 0.8479823106688779, 0.8380320619126589, 0.8601437258153676, 0.8717523493642897, 0.8778330569375346, 0.8645660585959093, 0.8745163073521283, 0.8861249309010503, 0.886677722498618, 0.9016030956329464, 0.9098949695964621, 0.9198452183526811], "f1": [0.15542857142857142, 0.15542857142857142, 0.16807339449541284, 0.16807339449541284, 0.16807339449541284, 0.16807339449541284, 0.16807339449541284, 0.16807339449541284, 0.16807339449541284, 0.16807339449541284, 0.24052406952167346, 0.3299488061141658, 0.3370457960331007, 0.348323718419155, 0.34639423286611415, 0.34692419250373124, 0.35498942090063224, 0.37185364416469024, 0.37706109700469637, 0.37664752118013367, 0.38561671200653613, 0.3851279619036668, 0.3944678018740467, 0.3780951833727563, 0.40731106791043475, 0.40229724365671254, 0.3988561278978689, 0.4054489898210981, 0.46243311057157477, 0.4787457616315818, 0.43584601481807594, 0.41739148135966386, 0.509794783350128, 0.4530890364713207, 0.5541688008939243, 0.48238429762895313, 0.4483353961680575, 0.504262871569771, 0.49010800732771415, 0.49058104191701424, 0.5342673666203077, 0.6016156406459501, 0.5829619782528258, 0.559303456959707, 0.5186349457942193, 0.695741390193889, 0.6342501367104315, 0.6115813578492381, 0.6177884612873672, 0.7008801247502294]}, "validation": {"loss": [1.014299282005855, 0.9722452930041722, 0.9449338146618435, 0.9225327372550964, 0.9077881404331752, 0.8881654739379883, 0.8758294667516436, 0.869562702519553, 0.8553128412791661, 0.8442777735846383, 0.8005621773856026, 0.7483959197998047, 0.7254150765282767, 0.7065715193748474, 0.7290765983717782, 0.7021514007023403, 0.7185726336070469, 0.7065366421427045, 0.6957188078335353, 0.6893015503883362, 0.7106091550418309, 0.7025006754057748, 0.7161058357783726, 0.7139767748968942, 0.7386993084635053, 0.7047202161380223, 0.7556319577353341, 0.6955053721155439, 0.7562318614550999, 0.762000458581107, 0.6981576425688607, 0.7302234939166478, 0.7894971881593976, 0.8091022457395282, 0.8023049746240888, 0.7874298180852618, 0.7614074860300336, 0.7909868359565735, 0.7340598276683262, 0.7843343956129891, 0.7952118941715786, 0.8031879408018929, 0.744572673525129, 0.7989386320114136, 0.7356897422245571, 0.8374412826129368, 0.854184797831944, 0.8080650908606393, 0.8464464715548924, 0.8867514474051339], "accuracy": [0.46568627450980393, 0.46568627450980393, 0.5098039215686274, 0.5098039215686274, 0.5098039215686274, 0.5098039215686274, 0.5098039215686274, 0.5098039215686274, 0.5098039215686274, 0.5098039215686274, 0.5686274509803921, 0.6862745098039216, 0.6862745098039216, 0.7254901960784313, 0.6764705882352942, 0.696078431372549, 0.6911764705882353, 0.6568627450980392, 0.6862745098039216, 0.6715686274509803, 0.6764705882352942, 0.6764705882352942, 0.6862745098039216, 0.6568627450980392, 0.6911764705882353, 0.6813725490196079, 0.6813725490196079, 0.7009803921568627, 0.6764705882352942, 0.6911764705882353, 0.7303921568627451, 0.7058823529411765, 0.6715686274509803, 0.6862745098039216, 0.6666666666666666, 0.6862745098039216, 0.7058823529411765, 0.7009803921568627, 0.7058823529411765, 0.7156862745098039, 0.7058823529411765, 0.6764705882352942, 0.7352941176470589, 0.6813725490196079, 0.7205882352941176, 0.696078431372549, 0.6911764705882353, 0.7107843137254902, 0.6862745098039216, 0.6764705882352942], "f1": [0.21181716833890749, 0.21181716833890749, 0.22510822510822512, 0.22510822510822512, 0.22510822510822512, 0.22510822510822512, 0.22510822510822512, 0.22510822510822512, 0.22510822510822512, 0.22510822510822512, 0.32763532763532766, 0.46171862114464784, 0.46171862114464784, 0.48860884605880894, 0.45398496240601505, 0.4655419837137899, 0.46508885567181535, 0.4429491603404647, 0.46326403258120674, 0.45253721523151574, 0.45665566014489184, 0.4559759285749519, 0.46321199284107517, 0.4414249111496818, 0.5752438336566107, 0.45873734109028225, 0.45839561534628803, 0.4731999079825167, 0.5374483883717215, 0.5501051287827589, 0.6020524672251798, 0.5854202594802144, 0.5265389527458493, 0.5573506191307238, 0.5433825433825433, 0.5570469479210546, 0.5849169088605708, 0.5672926391808906, 0.5854345434543454, 0.5761212129927213, 0.560057262884149, 0.5095667495854063, 0.5659903969703117, 0.5532294198960866, 0.48632668144863267, 0.5526346741943072, 0.5606475261647675, 0.574113205220332, 0.5239134388070558, 0.5171568627450981]}}