{"train": {"loss": [0.994059047155213, 0.9533409319425884, 0.9338486278266237, 0.9156455491718493, 0.9034039493192706, 0.8948551385026229, 0.8876244059780187, 0.8817434174972668, 0.8766300071749771, 0.8709105190477873, 0.8680159324093869, 0.8641956479925859, 0.8518471257728443, 0.7970198978457534, 0.7856056292851766, 0.7526384090122423, 0.7847851201107627, 0.7157304391526339, 0.7018422599424395, 0.6873277498964678, 0.6780527704640439, 0.6807026852641189, 0.6732230955048611, 0.6330833241604922, 0.6325009977608397, 0.6088599745641675, 0.5903535689178266, 0.5766600176953433, 0.5644171703280064, 0.529183730744479, 0.5180846687994505, 0.5626607359501353, 0.4918269342497775, 0.4547712489178306, 0.4567744177684449, 0.45409364867628665, 0.38924330655942885, 0.44698224726476166, 0.3785649456998758, 0.3388322461069676, 0.3220744700285426, 0.2961111500074989, 0.2887150030909923, 0.31100256218199146, 0.2781435742712857, 0.25696983972662374, 0.24305650631063863, 0.24332387588526072, 0.23353642983394757, 0.217632529897648], "accuracy": [0.5013819789939193, 0.5013819789939193, 0.5013819789939193, 0.5013819789939193, 0.5013819789939193, 0.5013819789939193, 0.5013819789939193, 0.5013819789939193, 0.5013819789939193, 0.5013819789939193, 0.5013819789939193, 0.5013819789939193, 0.5013819789939193, 0.6390270867882808, 0.6445550027639579, 0.6710889994472085, 0.6323935876174682, 0.6998341625207297, 0.7042564953012714, 0.7119955776672194, 0.7119955776672194, 0.7197346600331676, 0.6998341625207297, 0.7407407407407407, 0.7523493642896628, 0.7473742399115534, 0.7628524046434494, 0.7722498618021006, 0.7761194029850746, 0.8004422332780542, 0.8015478164731896, 0.7600884466556108, 0.8236594803758983, 0.8501934770591487, 0.831951354339414, 0.8258706467661692, 0.8717523493642897, 0.835820895522388, 0.8794914317302377, 0.9021558872305141, 0.9093421779988944, 0.9181868435599779, 0.9170812603648425, 0.9065782200110558, 0.9209508015478165, 0.9353233830845771, 0.9408512990602543, 0.9303482587064676, 0.9408512990602543, 0.9463792150359315], "f1": [0.16697349042709866, 0.16697349042709866, 0.16697349042709866, 0.16697349042709866, 0.16697349042709866, 0.16697349042709866, 0.16697349042709866, 0.16697349042709866, 0.16697349042709866, 0.16697349042709866, 0.16697349042709866, 0.16697349042709866, 0.16697349042709866, 0.3234259822817339, 0.3265311374163664, 0.34278913008965173, 0.3150925650925651, 0.3573271977801372, 0.3597578851161427, 0.36371181801049596, 0.36199536413567074, 0.3676800888454057, 0.3556586502855055, 0.378412416011268, 0.38434484412470027, 0.38172515784810246, 0.38973735986078323, 0.4076857413281101, 0.4573503837875411, 0.49419526546272596, 0.5382084906782112, 0.5217257961369359, 0.44629119130169553, 0.6003118838829724, 0.5391239351217433, 0.5079167542656123, 0.5985138664212675, 0.599632121105893, 0.6119426249991358, 0.6596478670362481, 0.6665877587522029, 0.6651198582966178, 0.62992299229923, 0.6441105553975328, 0.6759967391525236, 0.6713864974410817, 0.6958406187382742, 0.6921162883711629, 0.6847350185209732, 0.6984195996046614]}, "validation": {"loss": [0.9765091623578753, 0.9269966312817165, 0.9028683985982623, 0.8844173720904759, 0.8707177639007568, 0.8596968139920916, 0.8521379147257123, 0.8445302588599068, 0.8371605106762477, 0.8319406509399414, 0.8273958478655133, 0.8234346168381828, 0.8087000250816345, 0.7432358690670559, 0.7279929774148124, 0.7061693753514972, 0.7440065145492554, 0.6822201609611511, 0.6845950824873788, 0.6747727649552482, 0.6754871095929827, 0.6643771699496678, 0.6746808205332074, 0.6584021193640572, 0.6864270397594997, 0.6700604047094073, 0.661186831338065, 0.6741984060832432, 0.7026968172618321, 0.6942555052893502, 0.6963329485484532, 0.7372429200581142, 0.6778279628072467, 0.699481121131352, 0.7186619341373444, 0.701273364680154, 0.7255987993308476, 0.7522373625210353, 0.7559631552015033, 0.774815286908831, 0.7657286524772644, 0.8177384308406285, 0.8505748765809196, 0.8603173877511706, 0.9153795370033809, 0.8299466073513031, 0.9999908293996539, 1.007224713053022, 0.9972459673881531, 0.9204067545277732], "accuracy": [0.5098039215686274, 0.5098039215686274, 0.5098039215686274, 0.5098039215686274, 0.5098039215686274, 0.5098039215686274, 0.5098039215686274, 0.5098039215686274, 0.5098039215686274, 0.5098039215686274, 0.5098039215686274, 0.5098039215686274, 0.5098039215686274, 0.6813725490196079, 0.6813725490196079, 0.696078431372549, 0.6323529411764706, 0.7058823529411765, 0.7009803921568627, 0.7205882352941176, 0.7107843137254902, 0.7254901960784313, 0.696078431372549, 0.7303921568627451, 0.7303921568627451, 0.7009803921568627, 0.7156862745098039, 0.6862745098039216, 0.7254901960784313, 0.7058823529411765, 0.6862745098039216, 0.6666666666666666, 0.6911764705882353, 0.6764705882352942, 0.6911764705882353, 0.6911764705882353, 0.6764705882352942, 0.7107843137254902, 0.6764705882352942, 0.6764705882352942, 0.7009803921568627, 0.696078431372549, 0.6666666666666666, 0.6764705882352942, 0.6617647058823529, 0.6911764705882353, 0.6274509803921569, 0.6470588235294118, 0.6470588235294118, 0.6764705882352942], "f1": [0.22510822510822512, 0.22510822510822512, 0.22510822510822512, 0.22510822510822512, 0.22510822510822512, 0.22510822510822512, 0.22510822510822512, 0.22510822510822512, 0.22510822510822512, 0.22510822510822512, 0.22510822510822512, 0.22510822510822512, 0.22510822510822512, 0.45687123587676076, 0.45687123587676076, 0.46922836613558266, 0.4139498837509687, 0.47644615207789437, 0.4729593937896384, 0.48644385290348024, 0.4787761258349494, 0.48973626301441847, 0.4679979518689196, 0.493065825363962, 0.493065825363962, 0.47298584425394946, 0.4829720853858785, 0.4631198686371101, 0.5979479679120684, 0.5705633755948222, 0.5459401709401709, 0.5157349896480331, 0.46658454463332505, 0.5692105293003528, 0.4692231856214768, 0.46599510840276914, 0.4589927341494973, 0.5606746722503931, 0.45893792071802536, 0.4638845117673969, 0.4768823534323672, 0.5392426386362105, 0.45233824897037334, 0.4576567656765677, 0.4490002275082787, 0.4676616915422886, 0.43005269420363756, 0.442002442002442, 0.49690852882342246, 0.46222222222222226]}}