{"train": {"loss": [0.9805450721790916, 0.9480251659426773, 0.9278703614285118, 0.915975386636299, 0.9057629976356238, 0.8998206069594935, 0.8939044872919718, 0.8891877856170922, 0.8840275731003076, 0.8801112959259435, 0.8784362339136893, 0.8750400449100294, 0.8722523032573232, 0.8692900287477594, 0.8567407539016322, 0.8096365876365126, 0.7865200147294161, 0.7874380046861214, 0.7418421287285654, 0.7611988511001855, 0.7005813351848669, 0.7268421043429458, 0.6623391362658718, 0.6531354628111187, 0.6415195046809682, 0.6336281346647363, 0.6482065131789759, 0.592780294648388, 0.5797987784210005, 0.5964358234614656, 0.6312931702848066, 0.564848358171028, 0.5285043407950485, 0.5130554092557806, 0.5053995727447042, 0.528744780180747, 0.47590997736704976, 0.49055410006590056, 0.5290672501973939, 0.450949564576149, 0.42859005483618956, 0.4343603953980563, 0.4033283572970775, 0.384666232163446, 0.3928740136978919, 0.36858475469706353, 0.33786726520772564, 0.33179952936214313, 0.31565847836042704, 0.31083331819166216], "accuracy": [0.5030403537866225, 0.5030403537866225, 0.5030403537866225, 0.5030403537866225, 0.5030403537866225, 0.5030403537866225, 0.5030403537866225, 0.5030403537866225, 0.5030403537866225, 0.5030403537866225, 0.5030403537866225, 0.5030403537866225, 0.5030403537866225, 0.5030403537866225, 0.5030403537866225, 0.6241017136539525, 0.6456605859590934, 0.6312880044223328, 0.6865671641791045, 0.6417910447761194, 0.7114427860696517, 0.6677722498618021, 0.7379767827529021, 0.7429519071310116, 0.7446102819237148, 0.7711442786069652, 0.7545605306799337, 0.7766721945826424, 0.7816473189607518, 0.7694859038142621, 0.720840243228303, 0.7744610281923715, 0.798783858485351, 0.806522940851299, 0.8043117744610282, 0.7877280265339967, 0.820342730790492, 0.8164731896075179, 0.7921503593145384, 0.8385848535102266, 0.845771144278607, 0.8430071862907684, 0.845771144278607, 0.8623548922056384, 0.8518518518518519, 0.8629076838032061, 0.8822553897180763, 0.8916528468767275, 0.8922056384742952, 0.8944168048645661], "f1": [0.16734093416697315, 0.16734093416697315, 0.16734093416697315, 0.16734093416697315, 0.16734093416697315, 0.16734093416697315, 0.16734093416697315, 0.16734093416697315, 0.16734093416697315, 0.16734093416697315, 0.16734093416697315, 0.16734093416697315, 0.16734093416697315, 0.16734093416697315, 0.16734093416697315, 0.3143982924026355, 0.32954556352999476, 0.31657380748834757, 0.35113868270278675, 0.322026887889839, 0.3635177004577237, 0.3374302578658226, 0.37742903492629376, 0.3797951844553529, 0.38042615990961165, 0.3944574826241182, 0.38563359544174103, 0.3972587956313145, 0.3997707731261214, 0.3933466065221307, 0.3667844596787931, 0.39563652872452726, 0.4086282270454392, 0.41257059068238355, 0.43547250431002515, 0.4769466476921699, 0.4545101531413146, 0.5258793356064767, 0.4938000016957738, 0.5636175479998744, 0.5685723800149827, 0.5576605203695248, 0.5244024564670753, 0.5327177748654471, 0.5569892229154849, 0.5653347008258953, 0.5542075732589742, 0.6144841346869456, 0.5837266010386004, 0.6007661977588317]}, "validation": {"loss": [0.9518894978931972, 0.9140316588538033, 0.8922877737454006, 0.8764231886182513, 0.8653677020754132, 0.8546695964676994, 0.8475328939301627, 0.8414933085441589, 0.8357220547539848, 0.8318813613482884, 0.827951295035226, 0.8250791430473328, 0.8219948921884809, 0.8195288181304932, 0.8050019059862409, 0.7535433343478611, 0.730934602873666, 0.7254050884928022, 0.6927217670849392, 0.7124717576163155, 0.675603415284838, 0.6979727745056152, 0.672596446105412, 0.6778874226978847, 0.6893149529184613, 0.6833175676209586, 0.671189546585083, 0.6837747352463859, 0.7006945269448417, 0.6895478878702436, 0.7168778010777065, 0.7295527373041425, 0.7250476649829319, 0.7679659468787057, 0.8236835939543588, 0.7675320506095886, 0.7941611409187317, 0.7633287821497236, 0.9134002583367484, 0.8374762194497245, 0.8245056441852024, 0.8629981194223676, 0.8258699263845172, 0.8368379473686218, 0.8415911197662354, 0.8334878172193255, 0.809788533619472, 0.881341849054609, 0.8692212700843811, 0.9318865197045463], "accuracy": [0.5098039215686274, 0.5098039215686274, 0.5098039215686274, 0.5098039215686274, 0.5098039215686274, 0.5098039215686274, 0.5098039215686274, 0.5098039215686274, 0.5098039215686274, 0.5098039215686274, 0.5098039215686274, 0.5098039215686274, 0.5098039215686274, 0.5098039215686274, 0.5098039215686274, 0.6666666666666666, 0.6813725490196079, 0.6715686274509803, 0.696078431372549, 0.6519607843137255, 0.7254901960784313, 0.6666666666666666, 0.6911764705882353, 0.696078431372549, 0.6764705882352942, 0.6862745098039216, 0.696078431372549, 0.7009803921568627, 0.696078431372549, 0.6911764705882353, 0.6813725490196079, 0.6617647058823529, 0.6764705882352942, 0.6568627450980392, 0.6568627450980392, 0.6519607843137255, 0.6470588235294118, 0.6519607843137255, 0.6421568627450981, 0.6225490196078431, 0.6519607843137255, 0.6666666666666666, 0.6666666666666666, 0.6764705882352942, 0.6470588235294118, 0.696078431372549, 0.6764705882352942, 0.6862745098039216, 0.6764705882352942, 0.6715686274509803], "f1": [0.22510822510822512, 0.22510822510822512, 0.22510822510822512, 0.22510822510822512, 0.22510822510822512, 0.22510822510822512, 0.22510822510822512, 0.22510822510822512, 0.22510822510822512, 0.22510822510822512, 0.22510822510822512, 0.22510822510822512, 0.22510822510822512, 0.22510822510822512, 0.22510822510822512, 0.4439746300211416, 0.4582095464448406, 0.4453635102676004, 0.4697372742200328, 0.4298057259713701, 0.4888757240652975, 0.4423843296183721, 0.46655172413793106, 0.46922836613558266, 0.45655070318282753, 0.4631198686371101, 0.46836549562922647, 0.4726495726495726, 0.46922836613558266, 0.46486102858651873, 0.45513784461152884, 0.444483015125217, 0.4565949132226656, 0.44299395078211273, 0.5373556054184326, 0.5126892223666417, 0.43827222000797134, 0.5063627730294397, 0.5072604156693568, 0.4836431542313895, 0.5040688684253042, 0.5252684416878534, 0.5251107566897041, 0.5386738135288259, 0.5110622604078102, 0.5391520357037599, 0.5317477602244151, 0.5324090208854206, 0.5256281407035176, 0.5223974125732768]}}