{"train": {"loss": [0.9927135392239219, 0.9594945071036356, 0.9403021952562165, 0.9225978025218897, 0.9115462501843771, 0.902589429888809, 0.8955831214001304, 0.8910871785983705, 0.888138026521917, 0.8834578489002428, 0.8825557566525644, 0.8781538814829107, 0.8782683297207481, 0.8725082163225141, 0.8628953475701181, 0.8134029204385322, 0.794502433977629, 0.7796462711535002, 0.756336790427827, 0.7399303076560038, 0.7385614754860861, 0.7032121493105303, 0.6912514054984377, 0.6694963302528649, 0.660631990746448, 0.6447328736907557, 0.6276884554770955, 0.6443306239027726, 0.6041613320509592, 0.5974740746774172, 0.6118537370573011, 0.5696755396692377, 0.5647789935270945, 0.5550667831772252, 0.5438360650288431, 0.5053547139753375, 0.5288408984217727, 0.49034906949913293, 0.46781409518760547, 0.49757285860546846, 0.449891443838153, 0.43793195224644843, 0.43397461400743115, 0.3889800027797097, 0.38775906175897834, 0.3717766608062543, 0.3838000407344417, 0.344433723834523, 0.3380605222886069, 0.33782255884848145], "accuracy": [0.5013819789939193, 0.5013819789939193, 0.5013819789939193, 0.5013819789939193, 0.5013819789939193, 0.5013819789939193, 0.5013819789939193, 0.5013819789939193, 0.5013819789939193, 0.5013819789939193, 0.5013819789939193, 0.5013819789939193, 0.5013819789939193, 0.5013819789939193, 0.5013819789939193, 0.6373687119955777, 0.6395798783858485, 0.6500829187396352, 0.6871199557766722, 0.6904367053620785, 0.677722498618021, 0.7119955776672194, 0.7219458264234384, 0.7296849087893864, 0.7269209508015478, 0.7446102819237148, 0.7573244886677722, 0.7252625760088447, 0.765616362631288, 0.7584300718629077, 0.7396351575456053, 0.7755666113875069, 0.7777777777777778, 0.7788833609729132, 0.7838584853510226, 0.8126036484245439, 0.7882808181315644, 0.8181315644002212, 0.8330569375345495, 0.8081813156440022, 0.8468767274737424, 0.8584853510226644, 0.8479823106688779, 0.8728579325594251, 0.8805970149253731, 0.8811498065229408, 0.8767274737423991, 0.8949695964621338, 0.8982863460475401, 0.8933112216694307], "f1": [0.16697349042709866, 0.16697349042709866, 0.16697349042709866, 0.16697349042709866, 0.16697349042709866, 0.16697349042709866, 0.16697349042709866, 0.16697349042709866, 0.16697349042709866, 0.16697349042709866, 0.16697349042709866, 0.16697349042709866, 0.16697349042709866, 0.16697349042709866, 0.16697349042709866, 0.3260448179271709, 0.3258989387793938, 0.3320075236613186, 0.3512160534320823, 0.3508482785972734, 0.34574730425635625, 0.3645562393149219, 0.3693807447375851, 0.37358857295799075, 0.3720849755555385, 0.37966308269202165, 0.38768694564783945, 0.3711105477355182, 0.39154650577591554, 0.38666584788324676, 0.39062041797445474, 0.3962913275087212, 0.4209139469460903, 0.39755910843959785, 0.4003219432661352, 0.4160147911987242, 0.43704527843760443, 0.47958065982105336, 0.5164078534267137, 0.506139038333417, 0.5184186167238036, 0.5959541484743809, 0.5884517577919581, 0.5887452397572057, 0.6184388302043029, 0.5991081102526175, 0.6122863247863248, 0.6364815473368105, 0.6250449249951344, 0.6329490347712796]}, "validation": {"loss": [0.9675412007740566, 0.9285180824143546, 0.9031960538455418, 0.8860068150929042, 0.870952137878963, 0.861548227923257, 0.8522450753620693, 0.8459162371499198, 0.8401643718991961, 0.8368371554783413, 0.8333931735583714, 0.8278231620788574, 0.8288810338292804, 0.8214459759848458, 0.8095160893031529, 0.7564992393766131, 0.7321984597614833, 0.717814530645098, 0.702626645565033, 0.7059608016695295, 0.6848282132829938, 0.6807149052619934, 0.6754400730133057, 0.673034633908953, 0.6846940176827567, 0.6732418281691415, 0.685197753565652, 0.6979422909872872, 0.6731593949454171, 0.6689523458480835, 0.7086241671017238, 0.6908561417034694, 0.6850444078445435, 0.6911141361509051, 0.6779293758528573, 0.6929836273193359, 0.6829818572316851, 0.6628686445099967, 0.7136446237564087, 0.7754689369882856, 0.6895525029727391, 0.733824610710144, 0.7445191485541207, 0.7281979748180935, 0.7405799201556614, 0.7661017945834568, 0.8421021444456918, 0.7609107579503741, 0.7584186451775687, 0.8220674991607666], "accuracy": [0.5098039215686274, 0.5098039215686274, 0.5098039215686274, 0.5098039215686274, 0.5098039215686274, 0.5098039215686274, 0.5098039215686274, 0.5098039215686274, 0.5098039215686274, 0.5098039215686274, 0.5098039215686274, 0.5098039215686274, 0.5098039215686274, 0.5098039215686274, 0.5098039215686274, 0.6911764705882353, 0.6813725490196079, 0.6862745098039216, 0.7254901960784313, 0.6862745098039216, 0.7303921568627451, 0.7058823529411765, 0.6911764705882353, 0.7107843137254902, 0.6813725490196079, 0.7107843137254902, 0.6911764705882353, 0.6911764705882353, 0.696078431372549, 0.7107843137254902, 0.6862745098039216, 0.7009803921568627, 0.7156862745098039, 0.7009803921568627, 0.7009803921568627, 0.7058823529411765, 0.7107843137254902, 0.7254901960784313, 0.6911764705882353, 0.6911764705882353, 0.6813725490196079, 0.6813725490196079, 0.6862745098039216, 0.7107843137254902, 0.7156862745098039, 0.6862745098039216, 0.6666666666666666, 0.6862745098039216, 0.7303921568627451, 0.6813725490196079], "f1": [0.22510822510822512, 0.22510822510822512, 0.22510822510822512, 0.22510822510822512, 0.22510822510822512, 0.22510822510822512, 0.22510822510822512, 0.22510822510822512, 0.22510822510822512, 0.22510822510822512, 0.22510822510822512, 0.22510822510822512, 0.22510822510822512, 0.22510822510822512, 0.22510822510822512, 0.46552405413414993, 0.4582095464448406, 0.46171862114464784, 0.4897435897435898, 0.46071846282372597, 0.4907269415466137, 0.47635467980295565, 0.466025641025641, 0.4798218804429985, 0.4588889986499391, 0.4787761258349494, 0.46658454463332505, 0.46521287642782966, 0.4691627407223738, 0.47775664130289686, 0.5711574533818823, 0.47209653092006026, 0.589534180278282, 0.47103190495260977, 0.47142738243861837, 0.4760348583877996, 0.5859241122638149, 0.5835931169264502, 0.5496228786926461, 0.5587229437229437, 0.5538003434317489, 0.5290922713000143, 0.5314947225059585, 0.5492172913973862, 0.5889598834582653, 0.5387001983860622, 0.5353978628488433, 0.5277061994526182, 0.5540779762159692, 0.5199549754424506]}}