{"train": {"loss": [0.3955163600596976, 0.3358356552324627, 0.30074652928563567, 0.2806289661135272, 0.27045944168789016, 0.2672140016950076, 0.2650506313119221, 0.2642149484393906, 0.26269907510805174, 0.2627668375261056, 0.26138040690000097, 0.2598848930799638, 0.25969679232117515, 0.2694676226181495, 0.3233555983499817], "accuracy": [0.1979204449280619, 0.1979204449280619, 0.3474791439970983, 0.34494015233949943, 0.35038084874863984, 0.3505017531132874, 0.35038084874863984, 0.3501390400193447, 0.35074356184258254, 0.35122717930117275, 0.3448192479748519, 0.3494136138314593, 0.3474791439970983, 0.3381695079192359, 0.1979204449280619], "f1": [0.030040004404154587, 0.030040004404154587, 0.09460750685023787, 0.09388999813295573, 0.0952241633367584, 0.1861206359549799, 0.18606589661373993, 0.18609824119510057, 0.09554060645400941, 0.1873517466381266, 0.1004129109019955, 0.10026832268761145, 0.10799541171262445, 0.09282523301940779, 0.030040004404154587]}, "validation": {"loss": [0.3974677809389123, 0.33803144690794346, 0.3028535902242124, 0.2831921058815795, 0.27319573523936336, 0.27008644784941815, 0.26798276087164363, 0.266924639349376, 0.26606679369102826, 0.26581786231045085, 0.26505633769355297, 0.2636266392030757, 0.2637717698688631, 0.2739776632228455, 0.32590022721847933], "accuracy": [0.16919739696312364, 0.16919739696312364, 0.35032537960954446, 0.3470715835140998, 0.3123644251626898, 0.3123644251626898, 0.3123644251626898, 0.3123644251626898, 0.3123644251626898, 0.31453362255965295, 0.34273318872017355, 0.31019522776572667, 0.35357917570498915, 0.3383947939262473, 0.16919739696312364], "f1": [0.028942486085343222, 0.028942486085343222, 0.10328215917509682, 0.20235930940883123, 0.09585316375604624, 0.09572985775426254, 0.09570042530568848, 0.19598319841998388, 0.09572985775426254, 0.19932163742690062, 0.10992473505371839, 0.09835441588060093, 0.11976916469368745, 0.10002562684614451, 0.028942486085343222]}}