{"train": {"loss": [0.39719252271048106, 0.3371846140641539, 0.30133803605283943, 0.2814953024688265, 0.2741030958594621, 0.27209173664594755, 0.26471064934359295, 0.2633054384914888, 0.26643603725261567, 0.26022195052968006, 0.2681880972313927, 0.2592389587622777, 0.259137704096576, 0.25969720808374813, 0.2590024895187849], "accuracy": [0.1982831580220046, 0.1982831580220046, 0.34494015233949943, 0.3398621690243018, 0.345061056704147, 0.33913674283641637, 0.346995526538508, 0.3471164309031556, 0.345061056704147, 0.352557127312296, 0.34530286543344213, 0.34760004836174585, 0.35122717930117275, 0.347841857091041, 0.3561842582517229], "f1": [0.03008594674420525, 0.03008594674420525, 0.09312687457977264, 0.1829373767737181, 0.09305341829560138, 0.18360570020107592, 0.19204150210748602, 0.19230400256142996, 0.09728305309252384, 0.10404264966050433, 0.09447089941202078, 0.09640352522992555, 0.11017235465927723, 0.09480437895773317, 0.12603641014378977]}, "validation": {"loss": [0.3972737667880533, 0.33579035406504876, 0.29846573959697376, 0.2777870705762467, 0.26997745056431016, 0.2673970047400627, 0.261572493619217, 0.2602985854143704, 0.2616060745148432, 0.2575184500320649, 0.26303219827480645, 0.2567873750672196, 0.25692755080662766, 0.25710522889832915, 0.2574040022763339], "accuracy": [0.18546637744034708, 0.18546637744034708, 0.3481561822125813, 0.3438177874186551, 0.3481561822125813, 0.3438177874186551, 0.3492407809110629, 0.3481561822125813, 0.3492407809110629, 0.35683297180043383, 0.3470715835140998, 0.35683297180043383, 0.3546637744034707, 0.35683297180043383, 0.34598698481561824], "f1": [0.03476669716376944, 0.03476669716376944, 0.11502126323600764, 0.11378179454138079, 0.11482555463499954, 0.2265609666560472, 0.2353960739620546, 0.34240912625477476, 0.2299520397324693, 0.23864502593784356, 0.2257960245741842, 0.2304925438665976, 0.13342176564609018, 0.11773922239925635, 0.14810843146556815]}}