{"train": {"loss": [0.3980885438577811, 0.32853857733352504, 0.2989670022659191, 0.2835251935532522, 0.27142925431494325, 0.2687809184352134, 0.2660276185022217, 0.264196318507598, 0.26365401739222166, 0.2637722468583681, 0.26305967093782223, 0.26232190080693196, 0.26234043799556894, 0.2615160599019472, 0.32368813837001126], "accuracy": [0.14024906299117398, 0.3232982710675855, 0.33998307338894934, 0.3344214726151614, 0.34324749123443354, 0.346995526538508, 0.3425220650465482, 0.34627010035062267, 0.34627010035062267, 0.34627010035062267, 0.34663281344456537, 0.34663281344456537, 0.34566557852738483, 0.3468746221738605, 0.19187522669568371], "f1": [0.022363385739485837, 0.1188022999746806, 0.1830983017793961, 0.182971103028454, 0.09360515304247373, 0.27603860147722703, 0.09328649139301869, 0.09444528335497077, 0.09444528335497077, 0.09443718790264385, 0.09444699095183924, 0.09444699095183924, 0.09822881737440504, 0.09542794049613113, 0.029270182039506442]}, "validation": {"loss": [0.4000016259940672, 0.33074596601647216, 0.3017018726377776, 0.28716595851497734, 0.27427546234873984, 0.27176060311464006, 0.2685234252508585, 0.26711897481055485, 0.2665588545463818, 0.26694279825274564, 0.26588177171362426, 0.2651725169513133, 0.2659007268292563, 0.26452677229266147, 0.32556647526753413], "accuracy": [0.1279826464208243, 0.28308026030368766, 0.3036876355748373, 0.3275488069414317, 0.3405639913232104, 0.31019522776572667, 0.34164859002169196, 0.35032537960954446, 0.35032537960954446, 0.35032537960954446, 0.35032537960954446, 0.35032537960954446, 0.351409978308026, 0.3546637744034707, 0.20607375271149675], "f1": [0.022692307692307696, 0.11457907713673446, 0.29288543541598333, 0.20016157351056152, 0.10255277174985204, 0.09486778398510243, 0.10276637271822193, 0.10344404225143414, 0.10344404225143414, 0.10344404225143414, 0.10328215917509682, 0.10328215917509682, 0.10837617674017279, 0.11031310164427718, 0.0341726618705036]}}