{"train": {"accuracy": [0.9455920575435203, 0.9458413926499033, 0.945448500967118], "f1_score": [0.936434162387471, 0.9363095423551675, 0.9354298560635297], "precision": [0.9376390967103307, 0.9374509610155973, 0.9360685592295787], "recall": [0.9442999646397244, 0.9442129771933071, 0.9435319615401248], "loss": [0.2742202877998352, 0.27298569679260254, 0.273722767829895]}, "validation": {"accuracy": [0.9501084598698482, 0.9502440347071583, 0.94787147505423], "f1_score": [0.9416274552554896, 0.9416697692785096, 0.9388435339368522], "precision": [0.941295918864236, 0.941520733129221, 0.938621969284783], "recall": [0.9492761136866655, 0.9490316051442503, 0.9462708685650384], "loss": [0.25862205028533936, 0.2585037350654602, 0.2600438892841339]}}