{"train": {"accuracy": [0.9392604569632496, 0.938021337040619, 0.9389582325918762], "f1_score": [0.928220490806389, 0.9261552190851648, 0.9278384474647318], "precision": [0.9281501223948664, 0.9258721524176965, 0.9280728209292143], "recall": [0.9383177998133122, 0.93672397869082, 0.9377829829700773], "loss": [0.42705824971199036, 0.42644068598747253, 0.4215608239173889]}, "validation": {"accuracy": [0.9431941431670282, 0.9408893709327549, 0.9429229934924078], "f1_score": [0.9326250074490259, 0.9298201329659025, 0.9318494093124481], "precision": [0.9319265738645464, 0.929300480981527, 0.9312983052077347], "recall": [0.9416980924204719, 0.9394775214342298, 0.9413431935062793], "loss": [0.39743953943252563, 0.40020087361335754, 0.39533931016921997]}}