{"train": {"accuracy": [0.9342208655705996, 0.9331101910058027, 0.9379382253384912], "f1_score": [0.9235772597423874, 0.9213639043451453, 0.926589167272297], "precision": [0.9256854660362993, 0.9234141478058464, 0.9276258807963152], "recall": [0.9323323850501988, 0.9304523115187415, 0.9354196370419271], "loss": [0.4944002032279968, 0.47363293170928955, 0.4452974200248718]}, "validation": {"accuracy": [0.9354663774403471, 0.936822125813449, 0.9450244034707158], "f1_score": [0.9250394125805603, 0.9259301635905132, 0.934355686382044], "precision": [0.9265214395021372, 0.9273012646321102, 0.9344796658766802], "recall": [0.9327443647602839, 0.9340854689105623, 0.942079352906832], "loss": [0.46930184960365295, 0.4494578242301941, 0.4140194058418274]}}