{"train": {"accuracy": [0.929619499516441, 0.9361853239845261, 0.9346062016441006], "f1_score": [0.918717628542136, 0.9245115097284053, 0.922076641178015], "precision": [0.9223361306680509, 0.9259802742212558, 0.9249358239605117], "recall": [0.9279133653125388, 0.9334488838052646, 0.930886546128481], "loss": [0.523198664188385, 0.47439074516296387, 0.4544893503189087]}, "validation": {"accuracy": [0.93058568329718, 0.9411605206073753, 0.9375677874186551], "f1_score": [0.9202788689452678, 0.9313998520302716, 0.9235230154811438], "precision": [0.9234042422104644, 0.9314789475260448, 0.9276633860937097], "recall": [0.9289495352381969, 0.9391058307633796, 0.9314394198750233], "loss": [0.49716413021087646, 0.44233888387680054, 0.4303319752216339]}}