{"train": {"accuracy": [0.9396911266924565, 0.9367822171179884, 0.9399933510638298], "f1_score": [0.9297506570381703, 0.9255953102632196, 0.9301142640026013], "precision": [0.9312902810117828, 0.9268401829444183, 0.9319091553830874], "recall": [0.9401904870983575, 0.934742488886161, 0.9393507417229726], "loss": [0.5036345720291138, 0.47616487741470337, 0.45642274618148804]}, "validation": {"accuracy": [0.9431941431670282, 0.9391946854663774, 0.9420417570498916], "f1_score": [0.9340708537949227, 0.9290505848982448, 0.932368973916272], "precision": [0.9350530096589432, 0.9299184680817839, 0.9337213480362155], "recall": [0.9425482003897329, 0.9360135563324076, 0.9405513810408582], "loss": [0.47349879145622253, 0.44840219616889954, 0.43507322669029236]}}