{"train": {"loss": [0.8440818507460099, 0.8324788971037804, 0.7843284222144115, 0.7710021790824358, 0.7595559169974508, 0.7453683222396464, 0.7198586882669714, 0.6858360574969763, 0.6673083079012134, 0.6459524341021912, 0.6363883893701094, 0.6081881157205075, 0.5904913088188896, 0.5737745543069477, 0.5584845574973505, 0.5572885933178889, 0.544106333316127, 0.514945462346077, 0.5213635571395294, 0.49403378329699554, 0.484989099676096, 0.46813669348064857, 0.46146222534058967, 0.4593138115692742, 0.4386994651978529, 0.42680221305617805, 0.41782009111175056, 0.42790480259853075, 0.4126556387430505, 0.3892500845691826, 0.38778326933896995, 0.37433058947701997, 0.3700720977179612, 0.3687323235635516, 0.35366865954821625, 0.345144543655311, 0.3322935496704488, 0.3260512041706073, 0.32960783218658424, 0.3130498972686031, 0.3081640553059457, 0.3165980960372128, 0.2989056289573259, 0.29054992240440997, 0.29168568221451363, 0.27322188811966136, 0.27575847638558737, 0.2618817853022225, 0.26789840895541106, 0.24891335950999322, 0.25283300112697144, 0.2450952596868141, 0.24562298242427125, 0.22830176928752585, 0.2509454887690423, 0.22702302769580973, 0.21614694717941405, 0.2219964165381993, 0.20929672691640974, 0.2030834765468217, 0.19485563478326495, 0.19239268536809123, 0.21553212937109079, 0.1893225854993621, 0.19222116446759127, 0.18142245841931692, 0.1721224283587329, 0.16855444966615002, 0.17577715236929398, 0.16882836969592904, 0.16159519722944574, 0.16115717387086229, 0.15492204161761683, 0.15879230998173544, 0.14701931470934348, 0.14478199207518674, 0.13877076990430867, 0.14351926564793044, 0.14279212545650669, 0.14799795587417447], "accuracy": [0.6645502645502646, 0.7124338624338624, 0.796031746031746, 0.7818783068783068, 0.7894179894179895, 0.8060846560846561, 0.8226190476190476, 0.8592592592592593, 0.8652116402116402, 0.8744708994708995, 0.8670634920634921, 0.8843915343915344, 0.887962962962963, 0.8940476190476191, 0.8955026455026455, 0.8972222222222223, 0.9014550264550265, 0.9121693121693122, 0.8976190476190476, 0.9103174603174603, 0.9096560846560846, 0.9174603174603174, 0.9162698412698412, 0.9115079365079365, 0.9195767195767196, 0.921031746031746, 0.9222222222222223, 0.9157407407407407, 0.917989417989418, 0.9257936507936508, 0.9255291005291005, 0.928968253968254, 0.9283068783068783, 0.9271164021164021, 0.93505291005291, 0.9347883597883598, 0.9371693121693122, 0.9369047619047619, 0.9376984126984127, 0.9407407407407408, 0.9376984126984127, 0.9294973544973545, 0.9375661375661376, 0.9439153439153439, 0.9371693121693122, 0.9494708994708995, 0.9453703703703704, 0.9466931216931217, 0.9462962962962963, 0.9507936507936507, 0.9514550264550264, 0.9547619047619048, 0.9482804232804233, 0.9560846560846561, 0.9468253968253968, 0.9568783068783069, 0.9615079365079365, 0.9568783068783069, 0.9593915343915344, 0.96005291005291, 0.966931216931217, 0.9637566137566138, 0.9514550264550264, 0.9641534391534392, 0.9615079365079365, 0.967989417989418, 0.9744708994708995, 0.9706349206349206, 0.9682539682539683, 0.9686507936507937, 0.973015873015873, 0.9706349206349206, 0.9739417989417989, 0.9708994708994709, 0.9776455026455027, 0.9748677248677249, 0.9809523809523809, 0.9792328042328042, 0.9797619047619047, 0.9784391534391534], "f1": [0.3227567383145684, 0.5652880856174382, 0.7771412751192397, 0.6953615257892443, 0.7831296003045972, 0.7451612545903382, 0.8013414486902491, 0.8575761516869918, 0.869536836091477, 0.8774760806779248, 0.8645509338600217, 0.8949040235343219, 0.8979422669994702, 0.9070137934289585, 0.909221295695889, 0.9105736984743963, 0.9174944097814309, 0.9287925472506497, 0.9056165344062993, 0.9258124504021938, 0.9234503605583408, 0.9348262384024654, 0.9305820242045808, 0.9235065629411497, 0.9367805827558665, 0.936523199139569, 0.9384446280892065, 0.9296654801408762, 0.933451133071526, 0.9423156014992712, 0.9385366491271303, 0.9445002643526603, 0.9423813568254239, 0.939859828319792, 0.9463433547375542, 0.9477014239256268, 0.9511819796881212, 0.950635282951373, 0.9474227638256919, 0.9518135125368353, 0.9506053826438444, 0.9452579200926854, 0.9499247696051608, 0.956048829377029, 0.9504752949046554, 0.9593801785859579, 0.9555161475057773, 0.959104578210256, 0.955938399407361, 0.961998926406801, 0.9604271281443237, 0.9633068188232011, 0.9586107759194932, 0.9659698141251832, 0.9547900180654262, 0.9643681365580331, 0.9690411581762692, 0.9637423302470562, 0.9685316818518547, 0.9693511750475271, 0.9731537657799499, 0.9710837492654031, 0.9626805820209899, 0.9713729798529921, 0.9683850858079119, 0.974002837036943, 0.9788321805802522, 0.9763548995214388, 0.9736300008233384, 0.9741194532442018, 0.9784111060814017, 0.9766649932821974, 0.9784165853785532, 0.9759909353006403, 0.9811980972674125, 0.9797133684686989, 0.984329211964841, 0.9815888958636418, 0.9827499584982311, 0.9804929156054429]}, "validation": {"loss": [0.8507391280598111, 0.836599263879988, 0.7856862445672353, 0.7728228138552772, 0.7587218516402774, 0.7457080251640744, 0.714637772904502, 0.6831410262319777, 0.6694133679072062, 0.6473009851243761, 0.6361646917131212, 0.6130571232901679, 0.6015886664390564, 0.5845121377044253, 0.5716057866811752, 0.5682584858602948, 0.5664076010386149, 0.5382526814937592, 0.5401902380916808, 0.5144838856326209, 0.5083502448267407, 0.5076306727197435, 0.5037090298202302, 0.509273381696807, 0.4881264865398407, 0.47623146573702496, 0.46911048392454785, 0.477394743098153, 0.4861328899860382, 0.45396795372168225, 0.4577821112341351, 0.4436841954787572, 0.44323625995053184, 0.45232458578215706, 0.44680534137619865, 0.4399064580599467, 0.43966664539443123, 0.42923812237050796, 0.4325836996237437, 0.4413182470533583, 0.42246638238430023, 0.43065372274981606, 0.3887983626789517, 0.410768104924096, 0.41209673715962303, 0.4354435039891137, 0.41678639418549007, 0.4339723487695058, 0.42197643054856193, 0.4114098631673389, 0.4042645990848541, 0.4033595439460542, 0.3975551260842217, 0.41248346534040237, 0.42386311458216774, 0.4279055744409561, 0.41556989318794674, 0.4340847548511293, 0.41931218571133083, 0.42041898436016506, 0.4235098428196377, 0.45044418176015216, 0.4280097708106041, 0.4376205090019438, 0.43545156220595044, 0.440580094854037, 0.439873347679774, 0.44178422623210484, 0.42683324714501697, 0.4769284162256453, 0.41949308580822414, 0.44901808434062535, 0.43037138879299164, 0.42821014920870465, 0.4443560772471958, 0.46634501881069607, 0.45396436502536136, 0.4667310979631212, 0.439974382519722, 0.4564846058686574],