{"train": {"loss": [0.8523488980305346, 0.8177098763894431, 0.7935843437532836, 0.7809032726136944, 0.7686649772185313, 0.7522275957125651, 0.7259981926483444, 0.7137978842741326, 0.6967435049105294, 0.6768283930760396, 0.6500166137761707, 0.6459896240053298, 0.6133044924162612, 0.592402804501449, 0.5693205989237073, 0.5842529190114781, 0.5490572663802135, 0.5455234986317309, 0.5129652943792222, 0.4973341347296027, 0.49600301928158047, 0.47336166267153584, 0.4570445158059084, 0.450279115876065, 0.45522437386120423, 0.44180462839482704, 0.41675040333331387, 0.403068517582326, 0.3936708367700818, 0.39306040730657454, 0.376946339312988, 0.37234451989584333, 0.3677671278202081, 0.3500809750602215, 0.3473065257826938, 0.3413274771050562, 0.3284563546693778, 0.3209154404039624, 0.31317987830578525, 0.31273430991399137, 0.299712829574754, 0.2941208188480969, 0.2892587581955934, 0.30702450899760936, 0.2929177719015109, 0.27791535486526125, 0.26706202620569663, 0.27561777632070494, 0.26092742185426665, 0.27354084464568124, 0.24247715188355384, 0.23995958627024783, 0.23390978621908382, 0.23451428917012637, 0.21943343996624404, 0.2207847028687785, 0.22378626838326454, 0.2279423902494998, 0.20555693599619443, 0.23824576745870746, 0.1986074734809278, 0.18789155998184712, 0.20617543179777603, 0.1851046156091026, 0.17712368052217026, 0.17118880973209308, 0.16924980004565626, 0.16618118133348755, 0.15529434637555592, 0.17298508011087588, 0.15165504667011998, 0.1434691906729831, 0.14627299622832973, 0.1409824085009249, 0.1741298513982115, 0.14735181811206702, 0.14198417242474948, 0.1356572497494613, 0.13215513305762147, 0.12630982991732373], "accuracy": [0.7108465608465608, 0.7744708994708994, 0.7915343915343915, 0.7915343915343915, 0.7977513227513228, 0.808068783068783, 0.8313492063492064, 0.8338624338624339, 0.8423280423280424, 0.8558201058201058, 0.8693121693121693, 0.869973544973545, 0.8753968253968254, 0.8850529100529101, 0.8956349206349207, 0.8703703703703703, 0.8976190476190476, 0.8904761904761904, 0.9042328042328043, 0.9099206349206349, 0.9038359788359789, 0.9120370370370371, 0.917989417989418, 0.9156084656084656, 0.9083333333333333, 0.9148148148148149, 0.9227513227513228, 0.926984126984127, 0.9308201058201058, 0.9247354497354497, 0.932010582010582, 0.9287037037037037, 0.9328042328042329, 0.9361111111111111, 0.9324074074074075, 0.9338624338624338, 0.9367724867724868, 0.9376984126984127, 0.9398148148148148, 0.9421957671957671, 0.9462962962962963, 0.9433862433862434, 0.9452380952380952, 0.9287037037037037, 0.9382275132275132, 0.9457671957671958, 0.9435185185185185, 0.9435185185185185, 0.942989417989418, 0.9369047619047619, 0.9506613756613757, 0.9507936507936507, 0.9538359788359788, 0.9488095238095238, 0.957010582010582, 0.9523809523809523, 0.9511904761904761, 0.9485449735449736, 0.9556878306878307, 0.9432539682539682, 0.9593915343915344, 0.9604497354497354, 0.9560846560846561, 0.9615079365079365, 0.9646825396825397, 0.9665343915343916, 0.9673280423280424, 0.9687830687830687, 0.968915343915344, 0.9604497354497354, 0.9678571428571429, 0.9746031746031746, 0.9718253968253968, 0.9755291005291006, 0.9637566137566138, 0.9739417989417989, 0.9705026455026455, 0.9742063492063492, 0.9837301587301587, 0.9835978835978836], "f1": [0.5654704331076444, 0.586259087460505, 0.787211402847427, 0.787211402847427, 0.7493827578759248, 0.8113753665302724, 0.8341536981877932, 0.8170092268304496, 0.8464561784385819, 0.8590934069897213, 0.8763375662699903, 0.8828310054746534, 0.8800868372372159, 0.8975046928552334, 0.9111131080213367, 0.8697305817385873, 0.9128724903518265, 0.9027591072229955, 0.9174664481434078, 0.9229512312618585, 0.9151863510258652, 0.9293484315172834, 0.9298150639171054, 0.9317751746899657, 0.9185073299022269, 0.9221678205807381, 0.9375950697518615, 0.9412308823969683, 0.9433960983724404, 0.9368753849449316, 0.9449171641105402, 0.943786193276777, 0.9440223256739623, 0.9489856424787023, 0.9455245830661294, 0.9476754908792698, 0.9502974959238569, 0.9511122084488021, 0.9528387803255098, 0.9538578467095807, 0.9577386776865752, 0.9549713854267073, 0.9564454632106288, 0.9385692678413836, 0.9521106312938814, 0.9571546325913319, 0.9559315964534111, 0.9533754307330985, 0.9543745726933338, 0.9509695896124967, 0.961560467491977, 0.9617353039156477, 0.9647023997754577, 0.9610809666684749, 0.9667452271601019, 0.9639631623815984, 0.9607912838199741, 0.9605126811354777, 0.9668287637278624, 0.9530994923574282, 0.9685553393003324, 0.9712141354960165, 0.9645418769513129, 0.9709660001627989, 0.973335262401525, 0.9749512696512747, 0.9750381207702677, 0.9757658560274062, 0.9775332282975518, 0.9703043384643931, 0.9767369097536763, 0.9814706268490124, 0.979164065280237, 0.9817134926545984, 0.9713107764085187, 0.9791297949921379, 0.977679702908043, 0.9803329982737207, 0.9859116279435236, 0.9863176017729239]}, "validation": {"loss": [0.8514688081211514, 0.8156251907348633, 0.7904484901163313, 0.7770585881339179, 0.7651051514678531, 0.7499384118451012, 0.7170256806744469, 0.7060807678434584, 0.6844592558013068, 0.6741730603906844, 0.6540647745132446, 0.6483018663194444, 0.617620994647344, 0.5970111588637034, 0.5809194081359439, 0.6106059120761024, 0.5669483178191714, 0.5700887375407748, 0.5399640268749661, 0.5286732862393061, 0.5199646088812087, 0.4991595960325665, 0.5037064933114581, 0.48713604112466175, 0.5062466760476431, 0.5061680790450838, 0.46933017008834416, 0.46510877046320176, 0.47181082434124416, 0.4643488824367523, 0.4516753984822167, 0.45332450336880153, 0.4565238323476579, 0.4487277898523543, 0.4444893118407991, 0.44894611338774365, 0.42833029064867234, 0.43192623721228707, 0.4282035728295644, 0.43206991089714897, 0.42890406648317975, 0.4441404425435596, 0.44813615414831376, 0.44434426062636906, 0.4345783491929372, 0.42966340316666496, 0.4395270115799374, 0.431220476826032, 0.44445673790242934, 0.4583127697308858, 0.4249232080247667, 0.4454830288887024, 0.437538502116998, 0.4432331886556413, 0.4502439217434989, 0.40854549076822066, 0.4406435473097695, 0.45383861164251965, 0.4599565648370319, 0.47421522438526154, 0.4379832728041543, 0.44993605547481114, 0.45476143889957005, 0.45059343344635433, 0.44657909042305416, 0.45732783526182175, 0.452686650885476, 0.4588840413424704, 0.46017147103945416, 0.45797442893187207, 0.4883899465203285, 0.4523685574531555, 0.4605297992626826, 0.459715786907408, 0.49542541139655644, 0.495420108238856, 0.5065598156717088, 0.4837118900484509, 0.4616558055082957, 0.5172483225663503],