{"train": {"loss": [0.8463332834123056, 0.8340300944032548, 0.7922398323499704, 0.7723692466941061, 0.7610235904590993, 0.7530959550338455, 0.737352962735333, 0.7138015288340894, 0.6881109845789173, 0.6613209764414196, 0.6316205561161041, 0.614037491852724, 0.5980082573015478, 0.5822036553032791, 0.5659993324853196, 0.5508236019294473, 0.5369304869371124, 0.5273520676772806, 0.5103040609178664, 0.5033832341432571, 0.4869852132057842, 0.4719893670157541, 0.47254300117492676, 0.45126762722111957, 0.4387167865716958, 0.42582779330543324, 0.41677590431291844, 0.4044377253025393, 0.40688799019855787, 0.3874894737065593, 0.379587838355499, 0.3840967646882504, 0.36072429807125767, 0.3579429302223121, 0.3490909209734277, 0.34515838296730306, 0.34833919417254533, 0.3250619161732589, 0.3347651638750789, 0.3208575717444661, 0.30625791913723643, 0.30031494532204883, 0.28999584243644644, 0.28655659954381896, 0.2838241867249525, 0.2827756266239323, 0.2712560717629481, 0.26066487093892277, 0.26262244997145257, 0.26069730482523956, 0.24531407305334188, 0.25388727030610736, 0.23355306203984008, 0.23296838998794556, 0.2262896220612375, 0.22415635753658752, 0.2143935791299313, 0.2102422706216951, 0.20908044264475, 0.19425147903870932, 0.20038793735866306, 0.19493432682526263, 0.2001114411727537, 0.1774027268343334, 0.1910435223032402, 0.17510824957037274, 0.1684256160183798, 0.18311973232068593, 0.16144710576421098, 0.15195498936161211, 0.152858427761099, 0.15203886997850635, 0.15034523573291453, 0.14341495978304103, 0.14587736433914192, 0.1336656983328771, 0.12995210249872902, 0.1251891407927003, 0.1323269463226765, 0.12652435941220838], "accuracy": [0.709920634920635, 0.709920634920635, 0.7898148148148149, 0.7898148148148149, 0.7796296296296297, 0.7883597883597884, 0.8026455026455026, 0.8187830687830688, 0.851984126984127, 0.8641534391534391, 0.8798941798941798, 0.8878306878306879, 0.8888888888888888, 0.8906084656084656, 0.8962962962962963, 0.8978835978835978, 0.8992063492063492, 0.9041005291005291, 0.908068783068783, 0.9099206349206349, 0.9111111111111111, 0.9116402116402117, 0.9105820105820106, 0.9177248677248677, 0.9202380952380952, 0.9246031746031746, 0.9216931216931217, 0.9267195767195767, 0.9220899470899471, 0.9293650793650794, 0.9284391534391534, 0.9222222222222223, 0.933994708994709, 0.928968253968254, 0.9346560846560846, 0.9317460317460318, 0.9244708994708994, 0.9357142857142857, 0.928968253968254, 0.9358465608465608, 0.9384920634920635, 0.9396825396825397, 0.9411375661375662, 0.9417989417989417, 0.9394179894179894, 0.9398148148148148, 0.9424603174603174, 0.946957671957672, 0.9439153439153439, 0.9415343915343916, 0.9482804232804233, 0.9424603174603174, 0.9513227513227513, 0.9522486772486772, 0.9517195767195767, 0.9525132275132275, 0.9543650793650794, 0.9531746031746032, 0.9575396825396826, 0.9611111111111111, 0.955026455026455, 0.9605820105820105, 0.9551587301587302, 0.9636243386243386, 0.9584656084656085, 0.96494708994709, 0.964021164021164, 0.9575396825396826, 0.9656084656084656, 0.9765873015873016, 0.9716931216931217, 0.9767195767195768, 0.9785714285714285, 0.9738095238095238, 0.9753968253968254, 0.977910052910053, 0.9809523809523809, 0.9833333333333333, 0.9792328042328042, 0.9785714285714285], "f1": [0.5652948005072475, 0.5652948005072475, 0.785823755278466, 0.7859204331359257, 0.7889747705068775, 0.7883368342498042, 0.7925237739923453, 0.8184141509451064, 0.854274659515483, 0.8724905274240472, 0.8891543483506404, 0.901111610254984, 0.8994978574985923, 0.9056143986346639, 0.9101999219865835, 0.9105238921982072, 0.915182246847842, 0.916383635973331, 0.9214043657316587, 0.9202286272233341, 0.9267215249774566, 0.9260258633258768, 0.924211083377458, 0.9326569351917637, 0.9348763402023677, 0.9383813202161951, 0.9382406905452984, 0.9408197218956408, 0.9334263253315159, 0.9441964513960519, 0.9442964749641014, 0.9364495782976793, 0.9473367059516716, 0.9426700162029832, 0.9483187077715716, 0.9459158356532443, 0.9410486140688801, 0.9507367582739953, 0.9425052708294347, 0.9480712426006708, 0.9528806394631238, 0.9529073407138423, 0.9554991511167529, 0.9558931375680612, 0.9521792523845912, 0.9520999680742716, 0.9548934410495686, 0.9601626132234751, 0.9561023855393621, 0.9534815470117964, 0.9615945989236557, 0.9564875441441938, 0.9640664434811602, 0.9633090038106094, 0.9634743296252636, 0.9637076437956583, 0.9658739309228556, 0.9653453828548445, 0.9672514643099456, 0.9719264057890918, 0.9661046036362603, 0.9703142254596221, 0.9667225844728368, 0.9736822252921264, 0.9682525346542835, 0.9738576532683947, 0.9737774556974638, 0.968570754934022, 0.9756463119330453, 0.9822061564729969, 0.9791610034595996, 0.9816330267476459, 0.9827195167458708, 0.9798741319552248, 0.980566325829613, 0.9832618908956907, 0.9848474455370216, 0.9868671779447721, 0.9830734788216872, 0.9836014224510533]}, "validation": {"loss": [0.8447429736455282, 0.8336287008391486, 0.7874395251274109, 0.7656275928020477, 0.7524182730250888, 0.7431348893377516, 0.732001887427436, 0.7089346415466733, 0.6807428730858697, 0.6599348717265658, 0.6353083451588949, 0.6228158672650655, 0.6121189528041415, 0.5890821152263217, 0.5777579413519965, 0.5653904146618314, 0.5521780153115591, 0.5490553594297833, 0.5382763859298494, 0.5363482418987486, 0.5181957085927328, 0.5142659594615301, 0.5147328260872099, 0.5049678335587183, 0.4913058628638585, 0.48040352430608535, 0.47685304284095764, 0.4763904594712787, 0.4706577592425876, 0.4487695528401269, 0.4544393453333113, 0.4537584450509813, 0.4411495013369454, 0.4453192005554835, 0.4357728014389674, 0.4381774680482017, 0.4398968749576145, 0.4341413560840819, 0.4545104304949443, 0.43609119951725006, 0.41399487521913314, 0.43353425628609127, 0.4203815741671456, 0.4225139849715763, 0.4408164040909873, 0.41237833102544147, 0.41159138083457947, 0.4277496685584386, 0.4171280281411277, 0.4207857482963138, 0.42065474059846664, 0.415407195687294, 0.41999860935741, 0.431513668762313, 0.417047831747267, 0.41368866463502246, 0.43362641086181003, 0.44055908256106907, 0.4345162295632892, 0.43442003097799087, 0.43465157681041294, 0.4398146826359961, 0.43920913255876964, 0.438650992181566, 0.4290771318806542, 0.4699804302718904, 0.4497014085451762, 0.45162031551202136, 0.45546597242355347, 0.4576798743671841, 0.47021951112482285, 0.465619301630391, 0.4499426964256499, 0.4600667887263828, 0.47934575544463265, 0.44601381652885014, 0.4436272664202584, 0.4764438304636214, 0.4822421305709415, 0.4833150605360667],