{"train": {"loss": [0.8562673715096486, 0.84581267116945, 0.8061252772053585, 0.7879749204539046, 0.7763690476930594, 0.7673194510272786, 0.7586798317070249, 0.7511784721024429, 0.7409061585800557, 0.7101096292085285, 0.6845822156984595, 0.6594081298459934, 0.6637753648093984, 0.6263691639598412, 0.6081834107260161, 0.5939607989938953, 0.5738061183615576, 0.5630274663997602, 0.5447176112027108, 0.5371442916272562, 0.5192793751064735, 0.5054654946810082, 0.5049672783175602, 0.48381281087670147, 0.46776208375828177, 0.4602501746974414, 0.4762303342547598, 0.43951627819598477, 0.4330780749456792, 0.4201709780889221, 0.41580213342286365, 0.39946518951578985, 0.38898539052733894, 0.3878177153536036, 0.37119826033145564, 0.3740987547590763, 0.3604487866351876, 0.3519808500062061, 0.3447976308532908, 0.3407103211819371, 0.32656806132084204, 0.3157152326046666, 0.30950145753501335, 0.2995590805252896, 0.3027792446598222, 0.2864099696655817, 0.28719150793703296, 0.27195349241359323, 0.2699443544202213, 0.2584086732019352, 0.25282375231573856, 0.2514279068836683, 0.2567821209189258, 0.23737993506313879, 0.2299378496370738, 0.22344778506438942, 0.21577952000536496, 0.21393793005543418, 0.20606726761671562, 0.2029336228306535, 0.19436183161562, 0.20433454083490976, 0.19481227131961268, 0.18888312177378921, 0.18019202945730353, 0.1716002600762663, 0.16757156600869155, 0.1708787949402121, 0.16636270633603953, 0.1648567832440515, 0.15530990578139883, 0.1646945521801333, 0.16364130528667306, 0.14027696850273427, 0.1383140963514017, 0.13513489633421355, 0.1304680321224128, 0.1292752594321589, 0.1330131869763136, 0.12819977517275116], "accuracy": [0.71005291005291, 0.71005291005291, 0.7906084656084656, 0.78994708994709, 0.796031746031746, 0.8075396825396826, 0.8027777777777778, 0.8101851851851852, 0.8095238095238095, 0.8351851851851851, 0.8462962962962963, 0.8681216931216931, 0.85, 0.8751322751322751, 0.8804232804232804, 0.8875661375661376, 0.8928571428571429, 0.8898148148148148, 0.9014550264550265, 0.8955026455026455, 0.905952380952381, 0.9088624338624338, 0.9076719576719576, 0.9076719576719576, 0.9181216931216931, 0.9222222222222223, 0.9027777777777778, 0.9178571428571428, 0.9174603174603174, 0.9231481481481482, 0.9223544973544974, 0.9263227513227513, 0.9275132275132275, 0.9228835978835979, 0.9384920634920635, 0.9296296296296296, 0.9343915343915344, 0.9355820105820106, 0.9380952380952381, 0.9392857142857143, 0.9431216931216931, 0.9404761904761905, 0.9477513227513228, 0.9482804232804233, 0.9428571428571428, 0.951058201058201, 0.9461640211640212, 0.9552910052910053, 0.9560846560846561, 0.9527777777777777, 0.9571428571428572, 0.9556878306878307, 0.9417989417989417, 0.9596560846560847, 0.9588624338624339, 0.9652116402116402, 0.9662698412698413, 0.9619047619047619, 0.9667989417989418, 0.9675925925925926, 0.9667989417989418, 0.9636243386243386, 0.9641534391534392, 0.9719576719576719, 0.9726190476190476, 0.9735449735449735, 0.9751322751322752, 0.9743386243386244, 0.9743386243386244, 0.9734126984126984, 0.9773809523809524, 0.9739417989417989, 0.9714285714285714, 0.9812169312169312, 0.9816137566137566, 0.982010582010582, 0.9830687830687831, 0.9822751322751323, 0.9802910052910053, 0.9837301587301587], "f1": [0.563936213609543, 0.563936213609543, 0.7827805266480921, 0.7853847623180878, 0.7439921321860391, 0.7732055561584431, 0.7621890202270126, 0.7944308695695855, 0.7984814475393245, 0.8227290831412066, 0.8327964568976354, 0.871428203464412, 0.8296491209272155, 0.8801880449041922, 0.8888077807365383, 0.8987384648437328, 0.9022547966643377, 0.899047193032798, 0.9124718586184165, 0.9090571258268504, 0.9169680393548129, 0.920711583678031, 0.9195358478885861, 0.9199771477940518, 0.9316269763940844, 0.9316063050735797, 0.9091589275825293, 0.930474756249296, 0.9286757315641313, 0.9392926940095637, 0.9337852646373088, 0.9374449225721776, 0.9402896126011351, 0.9338260121962323, 0.9466780833299856, 0.9409814912839783, 0.9458043626521553, 0.9471936412279464, 0.9492476439231936, 0.948302517135659, 0.9501789567258392, 0.9530209576071909, 0.9568472991436927, 0.9572920465295667, 0.949877134678216, 0.9589945047988655, 0.9533402906851368, 0.9621722841265051, 0.9623487817502365, 0.9617662784381386, 0.9651399817358325, 0.9627383705189859, 0.9529643419416943, 0.9669300545510282, 0.9673566350421808, 0.9707217589239875, 0.9718671312347604, 0.9703430851834282, 0.9726154801819641, 0.97297404534772, 0.974275229312588, 0.9698334390823633, 0.9715612894823654, 0.9767142518503339, 0.9767515299473474, 0.9784680647798393, 0.9799455362329308, 0.9785295383296351, 0.9782800705894424, 0.9777835273648701, 0.981161019409456, 0.9769456867915219, 0.9754800436946637, 0.9839417951502943, 0.9848327873322175, 0.9851878026030659, 0.985620688159564, 0.9851529868354841, 0.983444217569471, 0.9856556232660765]}, "validation": {"loss": [0.8540346291330125, 0.8439634806580014, 0.80079276031918, 0.7829354504744211, 0.7714388602309756, 0.7609793543815613, 0.7515077458487617, 0.7435234785079956, 0.7293672031826444, 0.7025784684552087, 0.672255363729265, 0.6562271217505137, 0.6666752464241452, 0.6259493860933516, 0.6140265299214257, 0.6047021415498521, 0.5840792324807909, 0.5755171510908339, 0.5672735836770799, 0.5621489650673337, 0.5544568912850486, 0.5350460426674949, 0.5391557713349661, 0.5122679471969604, 0.5013682593901952, 0.5058773640129302, 0.5102382467852699, 0.49002379344569313, 0.48789045876926845, 0.4739692426390118, 0.47486670480834114, 0.46138284769323135, 0.461594604783588, 0.46528155439429814, 0.4494578540325165, 0.4610102077325185, 0.4407251609696282, 0.4464034140110016, 0.4413164241446389, 0.4536282006237242, 0.44533009164863163, 0.4372365242905087, 0.42127860254711574, 0.4214878910117679, 0.4242900179492103, 0.4290365344948239, 0.4545407046874364, 0.4500720633400811, 0.4221275630924437, 0.41372135778268176, 0.4258493168486489, 0.43802978098392487, 0.4535955140988032, 0.4535575376616584, 0.45653631620936924, 0.4355755050977071, 0.4128546317418416, 0.43403277463383144, 0.4416441586282518, 0.4353084945016437, 0.45338816278510624, 0.42314066820674473, 0.4458159522877799, 0.42687667740715873, 0.4445970091554854, 0.45140428344408673, 0.4523755336801211, 0.44950826631651986, 0.4788905365599526, 0.4661845448944304, 0.445065008269416, 0.4485004014439053, 0.45604516400231254, 0.463051438331604, 0.45645490868224037, 0.47049041589101154, 0.487357508805063, 0.4779792096879747, 0.46408475273185307, 0.46468772490819293],