{"train": {"loss": [0.843157553220097, 0.8330395112309275, 0.7888797200933287, 0.7685056558892697, 0.7555567603322524, 0.7450815005392968, 0.7340399283397047, 0.7125541899777665, 0.6884890398647212, 0.6759861092778701, 0.6351494774033751, 0.6189600847944429, 0.59646449492702, 0.5766880217986771, 0.5651994473949263, 0.5586640201037443, 0.5205634168431729, 0.5079315170834336, 0.49356746918792965, 0.4978581485869009, 0.4725610347865503, 0.46070727460746524, 0.462324488955208, 0.4350890081517304, 0.41897497656224647, 0.420304595292369, 0.39705931800830213, 0.3915205107459539, 0.39568003050134154, 0.36536439234697365, 0.3828304425070557, 0.3620071206477624, 0.34351398352580736, 0.3361181735615187, 0.3258277970024302, 0.31730842571469803, 0.3087407575943802, 0.3175355497794815, 0.29087868842143044, 0.28727135354582267, 0.27918732552965986, 0.27754766145084475, 0.278931853891928, 0.25820101146833807, 0.26451278949462914, 0.25156877321910254, 0.23656379063672658, 0.22963810202818882, 0.22886151716678957, 0.2184824497450756, 0.21466846320825286, 0.2405519951370698, 0.2076584959897814, 0.2092248583330384, 0.19522088596337958, 0.19721566348136227, 0.18811707764486724, 0.2111792274856869, 0.17433803853920743, 0.1844296738788297, 0.1875875936938992, 0.1663098383836354, 0.16713422037000897, 0.1674583816924427, 0.16153146005884, 0.15297146594222588, 0.1455448500199031, 0.14783469969524612, 0.13824029945874516, 0.13526573836143257, 0.14083563439736638, 0.15246082703241065, 0.14185886957411525, 0.13845560296521156, 0.1254228904984797, 0.12087985776553425, 0.11908638090649738, 0.11207004254565964, 0.10969513614626625, 0.13560839228426355], "accuracy": [0.709920634920635, 0.709920634920635, 0.7753968253968254, 0.7925925925925926, 0.7924603174603174, 0.794047619047619, 0.7965608465608466, 0.8115079365079365, 0.8326719576719577, 0.8396825396825397, 0.8715608465608465, 0.8776455026455027, 0.8842592592592593, 0.8945767195767196, 0.8896825396825396, 0.8904761904761904, 0.9096560846560846, 0.9113756613756614, 0.9141534391534392, 0.9044973544973545, 0.9148148148148149, 0.9141534391534392, 0.91005291005291, 0.9218253968253968, 0.9263227513227513, 0.9228835978835979, 0.9294973544973545, 0.9298941798941799, 0.9226190476190477, 0.937962962962963, 0.9226190476190477, 0.932010582010582, 0.9355820105820106, 0.937962962962963, 0.9402116402116402, 0.9412698412698413, 0.9431216931216931, 0.9314814814814815, 0.9453703703703704, 0.9448412698412698, 0.9472222222222222, 0.9451058201058201, 0.9400793650793651, 0.9517195767195767, 0.9432539682539682, 0.9498677248677249, 0.9544973544973545, 0.9551587301587302, 0.9527777777777777, 0.955026455026455, 0.9567460317460318, 0.9441798941798942, 0.9582010582010582, 0.9548941798941799, 0.9587301587301588, 0.958994708994709, 0.9592592592592593, 0.9531746031746032, 0.9636243386243386, 0.9607142857142857, 0.9571428571428572, 0.9666666666666667, 0.9654761904761905, 0.9617724867724867, 0.9646825396825397, 0.9673280423280424, 0.9705026455026455, 0.9693121693121693, 0.9743386243386244, 0.9757936507936508, 0.9723544973544973, 0.9632275132275132, 0.9731481481481481, 0.9726190476190476, 0.9777777777777777, 0.9764550264550265, 0.980026455026455, 0.9847883597883598, 0.9825396825396825, 0.9748677248677249], "f1": [0.5639660891874073, 0.5639660891874073, 0.5855433424223626, 0.7348865238123325, 0.7347432522713597, 0.7389079746602344, 0.7455289448921039, 0.7830074730562124, 0.8222318447164393, 0.8441403592009896, 0.8735766737624249, 0.891136060955371, 0.8999503511124868, 0.904440450730562, 0.9026052141837098, 0.8891404475050341, 0.9257568164586237, 0.9247056131686274, 0.9282813178626231, 0.916395214670347, 0.9319845653836932, 0.9318542820190959, 0.9261795122257396, 0.9380731726462765, 0.9422175385975011, 0.9373518428216524, 0.944882455452117, 0.9424065794475694, 0.9350997696852367, 0.9508391303942313, 0.9376794561694236, 0.9426436861833699, 0.949512057816, 0.949724351837907, 0.9531642058339549, 0.9537904092909532, 0.956226907128677, 0.9475349198612832, 0.9586085308217972, 0.957285958391608, 0.9599709144452978, 0.9563736668320076, 0.95254544147079, 0.9632158576637853, 0.9543103463698182, 0.9614732195124374, 0.9660028475604387, 0.9668281180132076, 0.964722329948729, 0.9668741363085593, 0.968342322962446, 0.9555001918755525, 0.9686389026972653, 0.9658055959737175, 0.9701445251452777, 0.9687470990068267, 0.9704221210419632, 0.9635233711396779, 0.9744768659921969, 0.9706007312748944, 0.9682058454569518, 0.9757782795718097, 0.9744978080109615, 0.9725211234104801, 0.9746629010742481, 0.9767914272984556, 0.9792211744890295, 0.9774967754730784, 0.9814890155008813, 0.9822179405708384, 0.9791501227156442, 0.9728041233324615, 0.9793841144966667, 0.9789040852926808, 0.9835596247115252, 0.9831235880513159, 0.9851124074357615, 0.9883197692492768, 0.9871449755955828, 0.9802227824362345]}, "validation": {"loss": [0.8431267274750603, 0.8353731532891592, 0.7875724467966292, 0.7648916741212209, 0.7524886627991995, 0.7405325273672739, 0.7296106583542294, 0.7080366015434265, 0.6832691166136, 0.6723129087024264, 0.6413590013980865, 0.6195442808998955, 0.6115709907478757, 0.5936480230755277, 0.5768511957592435, 0.5906513730684916, 0.5441202074289322, 0.5394238332907358, 0.5342211425304413, 0.5386908319261339, 0.504751592874527, 0.503436439567142, 0.5041180468267865, 0.4843076384729809, 0.480037111375067, 0.48972996903790367, 0.4693424171871609, 0.4803878416617711, 0.46857115460766685, 0.46575578881634605, 0.4637933886713452, 0.4672323647472594, 0.4694671995109982, 0.4696940812799666, 0.4730552103784349, 0.4579315682252248, 0.4499561736981074, 0.4453371812899907, 0.470660956369506, 0.4552048295736313, 0.4477350314458211, 0.46934883627626633, 0.44548895789517295, 0.4492124054167006, 0.44940388533804154, 0.4493098606665929, 0.44747576117515564, 0.46049873530864716, 0.4509524818923738, 0.45749954879283905, 0.44858307143052417, 0.46427715321381885, 0.486197249756919, 0.4850221789545483, 0.47919777863555485, 0.4753231638007694, 0.4717116471793916, 0.4810885604884889, 0.4783688535292943, 0.48862924840715194, 0.47189140650961137, 0.489303770992491, 0.4661831491523319, 0.49265948434670764, 0.5020376129282845, 0.5024333116081026, 0.5203571402364306, 0.49550720387034947, 0.516524021824201, 0.5168710955315166, 0.49149500330289203, 0.5019672339161237, 0.5051493636435933, 0.5438192875848876, 0.5393074684672885, 0.533117869661914, 0.5113340301646127, 0.522273364994261, 0.5353571027517319, 0.5279501246081458],