{"train": {"loss": [0.8675732461712028, 0.8533138798761971, 0.8122419982771331, 0.7893827108642723, 0.7742454964148847, 0.7595010580895822, 0.7384633369083646, 0.7179148415975933, 0.7004789163040209, 0.6726397811611996, 0.6514818660820587, 0.6324064542975607, 0.6170252554024322, 0.5971113699900953, 0.5841094711913338, 0.5637587854002095, 0.5596882316130626, 0.537305773624891, 0.5223413454958156, 0.513842698516725, 0.49769123143787625, 0.48907770216464996, 0.4746858883130399, 0.47003165189223955, 0.4620198913012879, 0.4396936512446102, 0.43180753347239914, 0.4152980701455587, 0.4176831396320198, 0.39771514716027656, 0.39092743057238905, 0.37690880687176426, 0.37705484730533406, 0.3587271182597438, 0.3579804738865623, 0.3470010285890555, 0.353096716766116, 0.33686778750977936, 0.3299238498829588, 0.3208101786012891, 0.3087958484133588, 0.3056839646040639, 0.29215383765440955, 0.2904643622003024, 0.2956161600879476, 0.27534199194817605, 0.2765810689594172, 0.2537196036192435, 0.24966224188668817, 0.24988875962510892, 0.26212500856269766, 0.23017663602964789, 0.23138729567769206, 0.23592892138263846, 0.21336782497318485, 0.21134524443481542, 0.20646383080490027, 0.19850576244577578, 0.18639124981776067, 0.1829294684001162, 0.1819601886540274, 0.19172822467133968, 0.17037929396463347, 0.17228242420131648, 0.18575228368745575, 0.1563140601862835, 0.16267640096477315, 0.14736943894737883, 0.1493248363273053, 0.1360997036099434, 0.16844851103953168, 0.16850291371722764, 0.1315956373663643, 0.12486711738607552, 0.12857050491096098, 0.13369497383319878, 0.12290034789733495, 0.11630139851211747, 0.12262056871682783, 0.12933068265077435], "accuracy": [0.6287037037037037, 0.7091269841269842, 0.7906084656084656, 0.7906084656084656, 0.7973544973544974, 0.7988095238095239, 0.8164021164021164, 0.8363756613756613, 0.8404761904761905, 0.8653439153439153, 0.8773809523809524, 0.8834656084656085, 0.8931216931216931, 0.8923280423280423, 0.8936507936507937, 0.8956349206349207, 0.8904761904761904, 0.9044973544973545, 0.910978835978836, 0.9128306878306879, 0.912962962962963, 0.91005291005291, 0.9215608465608466, 0.912962962962963, 0.9152116402116403, 0.9234126984126985, 0.9248677248677248, 0.9314814814814815, 0.9230158730158731, 0.9321428571428572, 0.9305555555555556, 0.9365079365079365, 0.9345238095238095, 0.9384920634920635, 0.942063492063492, 0.9383597883597884, 0.9298941798941799, 0.937037037037037, 0.9354497354497354, 0.9458994708994709, 0.9433862433862434, 0.9443121693121693, 0.9506613756613757, 0.9486772486772487, 0.941931216931217, 0.9497354497354498, 0.9452380952380952, 0.9567460317460318, 0.9612433862433862, 0.9583333333333334, 0.9522486772486772, 0.9656084656084656, 0.9585978835978836, 0.955952380952381, 0.9667989417989418, 0.9662698412698413, 0.9630952380952381, 0.969047619047619, 0.9740740740740741, 0.9728835978835979, 0.973015873015873, 0.9685185185185186, 0.9718253968253968, 0.9756613756613757, 0.9675925925925926, 0.9768518518518519, 0.9714285714285714, 0.9813492063492063, 0.9783068783068783, 0.9812169312169312, 0.9644179894179894, 0.9673280423280424, 0.9810846560846561, 0.983994708994709, 0.9817460317460317, 0.9772486772486773, 0.9822751322751323, 0.9824074074074074, 0.9816137566137566, 0.9775132275132276], "f1": [0.748114693526996, 0.5647621810605594, 0.7871089010396074, 0.7871089010396074, 0.7896006288208729, 0.7881754200312262, 0.798398154852927, 0.8392578845712246, 0.8426806809725856, 0.867616729903291, 0.884969994893119, 0.8945727173859691, 0.906866473457459, 0.9073372916783492, 0.9091820277023822, 0.910938687902116, 0.9009694642768366, 0.9207937976738546, 0.929097208187899, 0.9246612006635968, 0.9308840802688038, 0.9264566726828561, 0.935995462708369, 0.9310747936527649, 0.925077638985086, 0.9401242851160226, 0.9403214058455589, 0.9461343542107237, 0.9375538274578389, 0.9449383239775241, 0.9448260922980474, 0.9493730006663746, 0.9461777448779213, 0.9520261446002088, 0.9537489540336647, 0.9521746448171188, 0.9472612486481916, 0.9509272952110583, 0.9513599942400267, 0.954047873944844, 0.954599691761329, 0.9565920351078493, 0.9605193238330548, 0.9564151188523695, 0.9520607151954589, 0.959184701399279, 0.9544839741116978, 0.9661418708651329, 0.9690435787702025, 0.9658028291145468, 0.9573960288804533, 0.9720801512664731, 0.9679102476152885, 0.9632022492432121, 0.9738710957839908, 0.9730214800981525, 0.9714489714653456, 0.9755553872621423, 0.9794448120605356, 0.9790942871666864, 0.9786364197009862, 0.9744833179682512, 0.9790081004060837, 0.9804449593903212, 0.9728809150806074, 0.9818751377407778, 0.9787961641890476, 0.9854333539118598, 0.9824888110555497, 0.9857540069003182, 0.9701672226591126, 0.9711388369945069, 0.9852883579219971, 0.9876403818065248, 0.9855344938099025, 0.9824042349842581, 0.9860102331995814, 0.9869288868596913, 0.9855595746706606, 0.9828732102031515]}, "validation": {"loss": [0.8666060169537863, 0.8523722158537971, 0.8086783521705203, 0.7857113480567932, 0.7701829241381751, 0.7551306883494059, 0.7310047282112969, 0.7081621719731225, 0.6914204524623023, 0.6709598402182261, 0.657068606879976, 0.6342440909809537, 0.6195400721497006, 0.6077478064431084, 0.5991611381371816, 0.5849071476194594, 0.5726310445202721, 0.5636622392468982, 0.5503085288736556, 0.5441516670915816, 0.5261498043934504, 0.527559381392267, 0.5217934664752748, 0.5209455258316464, 0.5179421752691269, 0.49674124519030255, 0.49306708739863503, 0.48815758360756767, 0.48283789224094814, 0.47823310726218754, 0.48437757458951736, 0.4778086228503121, 0.4769965708255768, 0.4617195079723994, 0.4475141399436527, 0.4657548699114058, 0.45260073079003227, 0.4541832109292348, 0.443205295337571, 0.4484540853235457, 0.4487525390254127, 0.4257636484172609, 0.4332270108991199, 0.4438128024339676, 0.44949010345670914, 0.4368680549992455, 0.45683128469520146, 0.4475916127363841, 0.44513773421446484, 0.458740739358796, 0.4517831802368164, 0.43333443171448177, 0.46365391545825535, 0.4400438219308853, 0.43379513422648114, 0.4402906480762694, 0.44568468630313873, 0.43609291977352566, 0.456133719947603, 0.4546233167250951, 0.45206252071592545, 0.4539363301462597, 0.48154521981875104, 0.4717341595225864, 0.4639713631735908, 0.46557001603974235, 0.461267641848988, 0.48201150861051345, 0.4695577422777812, 0.48107211622926926, 0.5252152068747414, 0.5209472311867608, 0.482931493057145, 0.49491877688301933, 0.49429507553577423, 0.4965202377902137, 0.47060636182626087, 0.5145696981085671, 0.49508240818977356, 0.5053124676148096],