{"train": {"loss": [0.8397249647333652, 0.8284495239016376, 0.7768373606325705, 0.760767445911335, 0.7482166524174847, 0.7329487615748297, 0.7183415448363824, 0.7010490102103993, 0.6943075698387774, 0.6790090799331665, 0.6570560177670249, 0.6322303323806087, 0.610790182140809, 0.5927919205985491, 0.5874828179425831, 0.5542253729286073, 0.5468851422207265, 0.5270712077617645, 0.5166856910608992, 0.4939403582977343, 0.483898292048068, 0.47635151238381107, 0.4662050401108174, 0.4610273006218898, 0.44688129123253156, 0.4330394369891927, 0.41530376578433603, 0.40923149185844615, 0.41539206497276887, 0.414047492078588, 0.37846351443212245, 0.3732666005439396, 0.36466514215439183, 0.36383364830590503, 0.35256542331432994, 0.34136537943459766, 0.34375860362867766, 0.32606119870007794, 0.32238020804486694, 0.31112159175586096, 0.3062392646753335, 0.30506573457129393, 0.3073052282952055, 0.2955448137997072, 0.2813859230166749, 0.27570947702926923, 0.2692815427538715, 0.2607822505922257, 0.2532743603179726, 0.2567394263570822, 0.25497261151860035, 0.2687896500471272, 0.24312181393556956, 0.2564696471525144, 0.23359546937708614, 0.22155694654093513, 0.21769485995173454, 0.2117089196285115, 0.20854461744804925, 0.2092461402091799, 0.21329419805279262, 0.20222495882948743, 0.20159639097467252, 0.19491782869342006, 0.1868069350153585, 0.19510723504273197, 0.1952433648837518, 0.17235020057687275, 0.1752680624964871, 0.16207382917592797, 0.17507923285983787, 0.15861787208462064, 0.15255945406948465, 0.1573908149818831, 0.15661997015623352, 0.15026277963873708, 0.14659586218716222, 0.143845872081156, 0.14830531326087215, 0.19296395281164708], "accuracy": [0.709920634920635, 0.709920634920635, 0.775, 0.7936507936507936, 0.7925925925925926, 0.8021164021164021, 0.8222222222222222, 0.8333333333333334, 0.8322751322751323, 0.844047619047619, 0.8562169312169312, 0.8785714285714286, 0.8846560846560847, 0.890079365079365, 0.8816137566137566, 0.8997354497354497, 0.8976190476190476, 0.901984126984127, 0.9014550264550265, 0.9119047619047619, 0.9145502645502646, 0.910978835978836, 0.9156084656084656, 0.91005291005291, 0.9083333333333333, 0.9182539682539682, 0.9224867724867725, 0.926058201058201, 0.9154761904761904, 0.9177248677248677, 0.9293650793650794, 0.9298941798941799, 0.9272486772486772, 0.9253968253968254, 0.9294973544973545, 0.9349206349206349, 0.9291005291005291, 0.9353174603174603, 0.9326719576719577, 0.9373015873015873, 0.9394179894179894, 0.9314814814814815, 0.9312169312169312, 0.9387566137566138, 0.9425925925925925, 0.9415343915343916, 0.944047619047619, 0.9451058201058201, 0.9474867724867725, 0.9448412698412698, 0.9466931216931217, 0.937037037037037, 0.9465608465608466, 0.9408730158730159, 0.9477513227513228, 0.9534391534391534, 0.9544973544973545, 0.9543650793650794, 0.9584656084656085, 0.9517195767195767, 0.95, 0.953042328042328, 0.9535714285714286, 0.9558201058201058, 0.9576719576719577, 0.9519841269841269, 0.9556878306878307, 0.964021164021164, 0.9650793650793651, 0.966005291005291, 0.9595238095238096, 0.9695767195767195, 0.9691798941798941, 0.9653439153439154, 0.9731481481481481, 0.9671957671957672, 0.9731481481481481, 0.9734126984126984, 0.9718253968253968, 0.9505291005291006], "f1": [0.5646816041153756, 0.5646816041153756, 0.5862412496075863, 0.7384054620127625, 0.7356355968485014, 0.750920269819817, 0.8249086667612487, 0.8239571989272466, 0.8416798674191687, 0.8406564631445049, 0.8573983389225884, 0.8868673559090782, 0.8960478286217461, 0.9038656416512674, 0.8996856894565631, 0.9166390851168128, 0.9112418781110913, 0.9179405507599824, 0.915498930471652, 0.9275083447230155, 0.9269220242009908, 0.9237930339505751, 0.9281152635534379, 0.9261468119792036, 0.9284161067331871, 0.9320618503567338, 0.9387504686597938, 0.9379479251395276, 0.9262512243011325, 0.924836682005237, 0.9432672131346514, 0.9424235935531646, 0.9427302902809785, 0.9406501817181082, 0.9424383780198892, 0.9465344309840242, 0.9413040922412211, 0.9494232202042362, 0.9444316392423925, 0.9513202312453849, 0.9518865660828398, 0.9476510687895061, 0.9413928001427739, 0.9485786906505144, 0.9542290242239554, 0.9546982828829504, 0.9555318409569807, 0.957301972427977, 0.9596634537373251, 0.955454267069169, 0.9572198627727201, 0.9497791591706459, 0.9584299404930695, 0.9497744187843704, 0.960074601830641, 0.9649430376461101, 0.964566497642343, 0.9653819455245826, 0.968678649058396, 0.9630054312288364, 0.9598902198766623, 0.9650683333673787, 0.9644294908785249, 0.967284065186974, 0.9681641720296948, 0.9629241480764968, 0.9645955426951094, 0.9726626782854396, 0.9720867886355937, 0.9746979481382908, 0.9697007721757002, 0.9760009136947739, 0.9767898192175742, 0.9737413682836177, 0.9783467996645889, 0.9754839377572836, 0.9789253827890882, 0.9790158584239093, 0.976993365567317, 0.9616676385599363]}, "validation": {"loss": [0.8435441222455766, 0.8331752220789591, 0.7877164019478692, 0.768792728583018, 0.7565455536047617, 0.7444057431485918, 0.731720530324512, 0.7154991527398428, 0.7094620929823982, 0.6946491201718649, 0.669317901134491, 0.6541426148679521, 0.634414040380054, 0.6141565077834659, 0.6157186958524916, 0.5825507640838623, 0.5834707137611177, 0.5676256169875463, 0.5574718448850844, 0.5390536867909961, 0.521177738904953, 0.5239043401347266, 0.5253316197130415, 0.5235596646865209, 0.5070808049705293, 0.5025300598806806, 0.4890657812356949, 0.4880508763922585, 0.5024039116170671, 0.5013249946965112, 0.4704131219122145, 0.4849898848268721, 0.4694647408194012, 0.4716051568587621, 0.470396457446946, 0.4644933607843187, 0.4605018347501755, 0.45419220791922676, 0.44880302912659115, 0.4451299177275764, 0.45133884582254624, 0.44953740967644584, 0.47700164053175187, 0.4634168744087219, 0.447341447075208, 0.45687102278073627, 0.4519181450208028, 0.4444655196534263, 0.45703256461355424, 0.44996050828033024, 0.4590482595894072, 0.4764854527182049, 0.4620987938510047, 0.4874377217557695, 0.4640549239185121, 0.490530080265469, 0.4617017408212026, 0.48135577307807076, 0.4868199692832099, 0.4776211993561851, 0.49454813202222186, 0.4932226571771834, 0.49219178325600094, 0.4845099101463954, 0.4657595505317052, 0.48146772053506637, 0.4844747136036555, 0.48936149809095597, 0.48682324753867257, 0.5109453433089786, 0.5025650842322243, 0.49456024832195705, 0.5136890394820107, 0.5161748511923684, 0.5237630986505084, 0.5183567388190163, 0.519935237036811, 0.525068117512597, 0.5024489735563596, 0.5565500855445862],