{"train": {"loss": [0.822563598804836, 0.8093454705763466, 0.763256655840934, 0.7459793826447257, 0.7335211747809302, 0.7146345286429683, 0.6953155492679982, 0.6769057157673414, 0.6489891270293465, 0.6234026721006707, 0.6038621324527113, 0.5948342377249198, 0.577515150172801, 0.5583615721781042, 0.5473343586619897, 0.5331121126684961, 0.5175446428452866, 0.5051163585880135, 0.4897209321019016, 0.48098657893229135, 0.4748471118981325, 0.4564716978163659, 0.4439032545572595, 0.43864593588853185, 0.42624233813979956, 0.42225239114670815, 0.40428147474421733, 0.3990747574009473, 0.3873823375641545, 0.3829990084035487, 0.3657609356355064, 0.3605907923435863, 0.35570883524568775, 0.3562783255607267, 0.3535001988086519, 0.33018580890154536, 0.3243191970300071, 0.3245747715612001, 0.3080194594362114, 0.30542789107259316, 0.2999596871152709, 0.2878041489969326, 0.2769696844529502, 0.2689506479456455, 0.26130745031788377, 0.2594882186643685, 0.2544297236430494, 0.2533177790008014, 0.26226645038474966, 0.24108161249115498, 0.2265651463707791, 0.22788086307199695, 0.2252967315195482, 0.2235380392285842, 0.22878068690247175, 0.19998378532974026, 0.20059853028270264, 0.1930956689617302, 0.200997733805753, 0.18439843170816386, 0.1759923620597471, 0.20486022961101955, 0.17065762568123732, 0.16679553994083707, 0.17193820049302488, 0.14822931592411634, 0.15579728169154516, 0.14622914781676064, 0.16719009859275213, 0.1497562769093091, 0.1594185959783536, 0.14469677657832072, 0.12982364793461335, 0.13076370270757737, 0.17137171759541275, 0.13148209282869025, 0.12178527893899363, 0.11311725767541535, 0.1105049714870468, 0.11235751579456692], "accuracy": [0.7097883597883597, 0.7097883597883597, 0.7894179894179895, 0.7891534391534392, 0.7892857142857143, 0.808068783068783, 0.828042328042328, 0.8366402116402116, 0.8597883597883598, 0.8711640211640211, 0.873015873015873, 0.8718253968253968, 0.8835978835978836, 0.888095238095238, 0.890079365079365, 0.8876984126984127, 0.896957671957672, 0.9009259259259259, 0.8968253968253969, 0.9043650793650794, 0.9014550264550265, 0.9063492063492063, 0.9132275132275133, 0.9142857142857143, 0.9123015873015873, 0.9095238095238095, 0.9195767195767196, 0.9177248677248677, 0.9194444444444444, 0.9205026455026455, 0.924074074074074, 0.9252645502645502, 0.9261904761904762, 0.9226190476190477, 0.9214285714285714, 0.9297619047619048, 0.9302910052910053, 0.9281746031746032, 0.9337301587301587, 0.9358465608465608, 0.933068783068783, 0.9376984126984127, 0.9486772486772487, 0.9425925925925925, 0.9447089947089947, 0.95, 0.9458994708994709, 0.9448412698412698, 0.9437830687830688, 0.9484126984126984, 0.9564814814814815, 0.9542328042328042, 0.9533068783068783, 0.9501322751322752, 0.9542328042328042, 0.9636243386243386, 0.9613756613756613, 0.962037037037037, 0.955952380952381, 0.9657407407407408, 0.9671957671957672, 0.9575396825396826, 0.966931216931217, 0.9674603174603175, 0.966005291005291, 0.9738095238095238, 0.971031746031746, 0.9743386243386244, 0.9671957671957672, 0.9719576719576719, 0.968915343915344, 0.9705026455026455, 0.978042328042328, 0.9776455026455027, 0.966005291005291, 0.9736772486772487, 0.9781746031746031, 0.9816137566137566, 0.9812169312169312, 0.9806878306878307], "f1": [0.565793445742935, 0.565793445742935, 0.787156138082151, 0.7868689909558878, 0.7868862464213423, 0.7950323737359777, 0.8211815303256297, 0.8433493198668859, 0.8665292664987404, 0.8807303120720512, 0.8809829769749734, 0.8797954550181157, 0.897216797904577, 0.9022974832118652, 0.9059092778387575, 0.9015848644555057, 0.9109174748012988, 0.9144331850820321, 0.9119050276717545, 0.9192395412367635, 0.9140547386524805, 0.9236551439853603, 0.9285650619557481, 0.9278900408308579, 0.9300353143515814, 0.9251821644611011, 0.9351879595232983, 0.9343568412537057, 0.9352863691064148, 0.9335681126247125, 0.937127231305127, 0.939558595399463, 0.9422341716190502, 0.9376827207624125, 0.9363415887543324, 0.9428959937129173, 0.944270972891608, 0.9386612456045742, 0.9470968263134923, 0.948158349495848, 0.9471569878523578, 0.9512974550765838, 0.9585964189597407, 0.9555742178539011, 0.9576904367966184, 0.9598890612247483, 0.9581264857556983, 0.9563201036497473, 0.953519607004481, 0.9592731408641203, 0.9655396447734305, 0.962830193116979, 0.9618116996463998, 0.9604175610749416, 0.9625883377940602, 0.9709812785023461, 0.9686304581617488, 0.9698300832860017, 0.9631817532778414, 0.9726278253099586, 0.9751286350445453, 0.963380406126744, 0.9745543164341318, 0.9740668038692805, 0.9730918049909153, 0.980233644943514, 0.9775371147049977, 0.9811865159562707, 0.9725551666787595, 0.9776289360329057, 0.9754849743511368, 0.9770204505420864, 0.9835866881470694, 0.9835032257839628, 0.9717046769297227, 0.9800755715834436, 0.9837143133296751, 0.9866545606314077, 0.9862153924755502, 0.9858506831749877]}, "validation": {"loss": [0.8203741411368052, 0.8072833286391364, 0.7567345831129286, 0.7385529147254096, 0.7246384223302206, 0.7045342822869619, 0.6828732457425859, 0.6671270860566033, 0.6461328234937456, 0.6296145949098799, 0.6098043753041161, 0.6005148026678298, 0.5831749505466886, 0.5780291424857246, 0.5592514144049751, 0.5483939349651337, 0.5385885271761153, 0.5222222059965134, 0.5082982331514359, 0.5103952536980311, 0.497950565483835, 0.48785825735992855, 0.4713639236158795, 0.4734567089213265, 0.47300804158051807, 0.4553153051270379, 0.44740435149934554, 0.43864862455262077, 0.4422706796063317, 0.4422491176260842, 0.437143893705474, 0.4273813267548879, 0.42909712096055347, 0.4385348359743754, 0.40813559624883866, 0.4111730886830224, 0.4132254471381505, 0.4272936052746243, 0.42131805751058793, 0.4063201579782698, 0.4099101291762458, 0.3980019274685118, 0.38937603102789986, 0.40771251916885376, 0.39986934264500934, 0.3919245915280448, 0.3995702895853255, 0.4027616282304128, 0.4102050761381785, 0.3999527129862044, 0.3918447279267841, 0.40892433789041305, 0.4093845577703582, 0.4174504710568322, 0.40825484693050385, 0.41758894589212203, 0.4305062260892656, 0.4126303229067061, 0.4223574135038588, 0.42411306334866417, 0.4207063814004262, 0.4175524024499787, 0.4238919218381246, 0.42162834770149654, 0.40618207554022473, 0.41638093524509007, 0.4272920977738168, 0.4348883430163066, 0.42083361165391076, 0.45188476145267487, 0.42426176203621757, 0.4441066450542874, 0.4469578398598565, 0.45424384872118634, 0.494595918390486, 0.43323789950874114, 0.45247777303059894, 0.4438800513744354, 0.45082828650871914, 0.44505320737759274],