{"train": {"loss": [0.8568471198595022, 0.8439456613003453, 0.8056506933290747, 0.7910596890540063, 0.7753226130823546, 0.7636066150816181, 0.7528129853779757, 0.7252986864953102, 0.706830652831476, 0.6854887600940994, 0.6703745937800105, 0.6418903473811813, 0.62364094657234, 0.6037363719336594, 0.5847882347393639, 0.5717345923185349, 0.5566539756859405, 0.5425246716300144, 0.5259323016374926, 0.5117988403462157, 0.5145186942212189, 0.48871699654603307, 0.48454181831094284, 0.4764456369831592, 0.47580202527438537, 0.4536030326462999, 0.43580126837839056, 0.4284137078101122, 0.42084049801283246, 0.42935342426541484, 0.40220015109339846, 0.38594440342504766, 0.3879677958880799, 0.3763163214242911, 0.3652050964817216, 0.3657997618370418, 0.35462060042574434, 0.3412444244457197, 0.3375930331553085, 0.3268716855894161, 0.3334787021143527, 0.3137076067962224, 0.3058820675256886, 0.30855544307563876, 0.30073177069425583, 0.2906296704954739, 0.29352902253217333, 0.28074630925172495, 0.27406747846663754, 0.2713111407017406, 0.2512220035814032, 0.27399481097354167, 0.24679675632262532, 0.23933761632895167, 0.23777421280930314, 0.22924147574584694, 0.2493608444929123, 0.2191799933774562, 0.21756472693213932, 0.22026875134133087, 0.22944596155157573, 0.1993582061008562, 0.19087851174835918, 0.1985372146945211, 0.19549197307493113, 0.20201262430865555, 0.1770748430509356, 0.17840643524180486, 0.17274409287338016, 0.19004926693779003, 0.17232912859018845, 0.19734153665507895, 0.16325345541102976, 0.15593803754147095, 0.1540328450972521, 0.15774141303911993, 0.1498983292074143, 0.15492585291968117, 0.14306940996571432, 0.131449990611099], "accuracy": [0.707010582010582, 0.707010582010582, 0.7882275132275133, 0.7876984126984127, 0.7884920634920635, 0.7880952380952381, 0.8048941798941799, 0.8296296296296296, 0.8420634920634921, 0.8464285714285714, 0.8525132275132276, 0.8764550264550265, 0.8887566137566137, 0.8920634920634921, 0.8966931216931217, 0.9002645502645502, 0.9076719576719576, 0.9015873015873016, 0.9093915343915344, 0.9083333333333333, 0.9051587301587302, 0.9169312169312169, 0.912962962962963, 0.9124338624338625, 0.9085978835978836, 0.9153439153439153, 0.9212962962962963, 0.9195767195767196, 0.9208994708994709, 0.9158730158730158, 0.924074074074074, 0.9264550264550264, 0.9243386243386243, 0.9292328042328042, 0.9345238095238095, 0.9271164021164021, 0.928968253968254, 0.9357142857142857, 0.93505291005291, 0.9357142857142857, 0.9332010582010583, 0.9376984126984127, 0.9391534391534392, 0.9373015873015873, 0.9412698412698413, 0.9431216931216931, 0.9366402116402116, 0.9428571428571428, 0.9470899470899471, 0.9388888888888889, 0.9515873015873015, 0.9328042328042329, 0.9522486772486772, 0.9515873015873015, 0.9542328042328042, 0.957936507936508, 0.9503968253968254, 0.9587301587301588, 0.9597883597883597, 0.9533068783068783, 0.9515873015873015, 0.9626984126984127, 0.9681216931216932, 0.9657407407407408, 0.9664021164021164, 0.9551587301587302, 0.9731481481481481, 0.9682539682539683, 0.9720899470899471, 0.9644179894179894, 0.9711640211640211, 0.9527777777777777, 0.9767195767195768, 0.9777777777777777, 0.9751322751322752, 0.9736772486772487, 0.9712962962962963, 0.9744708994708995, 0.9761904761904762, 0.9838624338624339], "f1": [0.563047678458486, 0.563047678458486, 0.7844578197907515, 0.7841065274237978, 0.784603089989624, 0.7841057940439882, 0.778074462728226, 0.8314843424017067, 0.8461591111401751, 0.855146406706987, 0.8614647645833754, 0.8876630770488951, 0.9031527874295039, 0.9102139849298756, 0.9164259385620266, 0.9167977590527169, 0.920881076538895, 0.9187672860911951, 0.9262359900789555, 0.9253087708325909, 0.9173724649167888, 0.9328034575878889, 0.9272703600038411, 0.926120942239176, 0.9209422195149966, 0.9275317733664767, 0.9349365123400704, 0.9360849684209126, 0.936484943349114, 0.9267830061153138, 0.9382154156101431, 0.9411389679546064, 0.9385667671831343, 0.942018718736889, 0.9465876752826731, 0.9379336628832503, 0.9400408258303821, 0.9480941034542912, 0.9466477653452531, 0.9495829487980313, 0.9450927252251663, 0.9504391102938475, 0.9521253427094193, 0.9487003654113259, 0.9515230167573354, 0.9531207855983214, 0.9507882778700618, 0.9534230265335824, 0.9571910959668418, 0.9506630973872721, 0.9624373519509652, 0.9420444606785942, 0.9628978417873859, 0.963120268644071, 0.9633331106396904, 0.9664120000583889, 0.9562578357031949, 0.967718421653788, 0.967264098204062, 0.9638164296747957, 0.9608303270804024, 0.9706731410773464, 0.9747494990759669, 0.971359146207269, 0.9729656138396506, 0.9668354263103254, 0.9782924860100685, 0.9740906157331078, 0.9773541268450744, 0.9709764048112931, 0.9748302320378622, 0.9626060928766823, 0.9799901179161408, 0.9812834161027512, 0.9793629949255745, 0.9783931802933928, 0.9780127862550562, 0.977991522727427, 0.980451738146464, 0.9862561000828016]}, "validation": {"loss": [0.8544329934649997, 0.8390585647688972, 0.8006423612435659, 0.7840720746252272, 0.767921378215154, 0.7560098601712121, 0.7446265551779006, 0.7149844202730391, 0.700266010231442, 0.6795927517943912, 0.6669585307439169, 0.6392650736702813, 0.6285326215955946, 0.6080750723679861, 0.5933310588200887, 0.581902434428533, 0.5733837948905097, 0.5533845374981562, 0.5443631046348147, 0.5307403984997008, 0.5381396992339028, 0.5156484163469739, 0.5182103514671326, 0.5212925639417436, 0.5094395909044478, 0.49622387687365216, 0.4880753722455766, 0.4768286132150226, 0.4814518044392268, 0.48837605781025356, 0.4641073379251692, 0.45716191165977055, 0.46942146453592515, 0.4478931228319804, 0.4502606574032042, 0.4554319398270713, 0.458099408282174, 0.42810459269417656, 0.4568404191070133, 0.44507593082057106, 0.438995780216323, 0.4460425294107861, 0.4441707366042667, 0.43440896107090843, 0.41780223780208164, 0.4382942881849077, 0.41973933080832165, 0.4256083816289902, 0.43249236543973285, 0.4201325741079118, 0.4201448725329505, 0.4147079371743732, 0.4401901480224397, 0.428003309501542, 0.46389708419640857, 0.4295601447423299, 0.4436418248547448, 0.4381493793593513, 0.440908369090822, 0.44843218061659074, 0.4726702753040526, 0.4405198080672158, 0.4451732900407579, 0.46286014053556657, 0.45941270060009426, 0.4840521381960975, 0.4414609024922053, 0.45559171173307633, 0.43990105721685624, 0.4803732716374927, 0.4451267156336043, 0.49368396070268417, 0.4430094493760003, 0.43799591726726955, 0.4568297581540214, 0.4739082207282384, 0.4815814627541436, 0.47185978458987343, 0.49367526173591614, 0.4812054865890079],