{"train": {"loss": [0.8162464891807942, 0.8097028385234785, 0.7676483951037443, 0.74823148378843, 0.737815784502633, 0.7258228599270687, 0.7025805892823618, 0.671675649247592, 0.6494425652147848, 0.6376632402969312, 0.6029852281642866, 0.5869477357290969, 0.56956953923159, 0.5755953769895095, 0.5362098073657555, 0.5257387706373311, 0.5167607069015503, 0.4988595618854595, 0.4855444336993785, 0.49313913323456726, 0.47285821675499784, 0.45692376905604254, 0.4515337470588805, 0.4327480657191216, 0.421844461862045, 0.42036102221736427, 0.40801718001124226, 0.4097148777940605, 0.39205260348470905, 0.37970152478429336, 0.3705807505529138, 0.3606153607745714, 0.3566964163055903, 0.36049156239892866, 0.34903732149661343, 0.3407879865999463, 0.32655490472724163, 0.32267123847445356, 0.332777328694923, 0.30287753639719156, 0.3071531172417387, 0.29391213978015923, 0.2929844625199897, 0.2844316573648513, 0.28297988674308683, 0.27324822846847246, 0.2670634396468537, 0.2618978334755837, 0.2519397414937804, 0.24738449028021173, 0.27427058025628703, 0.2404871929106833, 0.23409817575276654, 0.22914097948542125, 0.23644957035968575, 0.2439292835755439, 0.21575597815121275, 0.2071406790350057, 0.22253865465710435, 0.21594493694697756, 0.21105641475583933, 0.19788364354002325, 0.19416317197529576, 0.1990753871541989, 0.19118788116906263, 0.18252922321044945, 0.18334614023377624, 0.17744167413138137, 0.17430607059711142, 0.16886036182883418, 0.16453452771411667, 0.16877032425018806, 0.16177144896569132, 0.16305995459043526, 0.15114179687409462, 0.15304486043279683, 0.1524799563273599, 0.15392440109501912, 0.14653267444971996, 0.1446834551995691], "accuracy": [0.7072751322751323, 0.7072751322751323, 0.7941798941798942, 0.7928571428571428, 0.794973544973545, 0.8011904761904762, 0.828968253968254, 0.8492063492063492, 0.8605820105820106, 0.8646825396825397, 0.8780423280423281, 0.8874338624338625, 0.8924603174603175, 0.8747354497354497, 0.9031746031746032, 0.9013227513227513, 0.8994708994708994, 0.910978835978836, 0.9096560846560846, 0.8997354497354497, 0.9068783068783068, 0.9148148148148149, 0.9095238095238095, 0.9181216931216931, 0.9183862433862434, 0.9121693121693122, 0.9198412698412698, 0.9148148148148149, 0.9202380952380952, 0.9238095238095239, 0.9253968253968254, 0.9287037037037037, 0.9304232804232804, 0.9222222222222223, 0.9243386243386243, 0.9301587301587302, 0.9342592592592592, 0.933068783068783, 0.926058201058201, 0.9380952380952381, 0.9343915343915344, 0.9412698412698413, 0.9382275132275132, 0.9408730158730159, 0.9431216931216931, 0.9465608465608466, 0.9415343915343916, 0.951058201058201, 0.9546296296296296, 0.9477513227513228, 0.9361111111111111, 0.9583333333333334, 0.9535714285714286, 0.9552910052910053, 0.9486772486772487, 0.9466931216931217, 0.9587301587301588, 0.9625661375661375, 0.9543650793650794, 0.9601851851851851, 0.9607142857142857, 0.9641534391534392, 0.9673280423280424, 0.9603174603174603, 0.9662698412698413, 0.9667989417989418, 0.9719576719576719, 0.9638888888888889, 0.9705026455026455, 0.971031746031746, 0.9719576719576719, 0.9703703703703703, 0.9761904761904762, 0.9727513227513227, 0.9784391534391534, 0.9753968253968254, 0.9753968253968254, 0.975, 0.9755291005291006, 0.9775132275132276], "f1": [0.5630743759909081, 0.5630743759909081, 0.7651200445414172, 0.7361890203369293, 0.7421683786850212, 0.7529685638026837, 0.8148346512036548, 0.8492470283002426, 0.863898058384709, 0.8751864788216395, 0.8854654262347464, 0.9004363864151461, 0.9037562238710223, 0.874841446551347, 0.9185011190811561, 0.9098558887269986, 0.9107270540703182, 0.9220378995919973, 0.9234337800880245, 0.9060492344988745, 0.9260573038730953, 0.9303462196109241, 0.9171990086918789, 0.9292903092661602, 0.9337942100782417, 0.9296446608761655, 0.9339509686681815, 0.93230601757784, 0.9297025172717532, 0.9401640119576116, 0.9399554450512256, 0.9433832404972362, 0.9408152248449265, 0.9361637865091238, 0.9396436280502906, 0.9402706018371371, 0.9472797181006706, 0.9456051169442121, 0.9385292175412033, 0.9506772627525573, 0.9440323451529048, 0.9527133386597194, 0.9504712660841556, 0.9518648665124972, 0.9519222537686186, 0.9556443643162383, 0.9546160482714569, 0.9597484024362006, 0.9627253194177386, 0.9581397261009089, 0.9492467127071827, 0.9651266161963884, 0.961891896129606, 0.9633883179943469, 0.959470741069293, 0.9559960341168868, 0.966812088994817, 0.9704130303603807, 0.9615520099324236, 0.965680581523563, 0.9660538155162485, 0.9692001679761791, 0.9722537578346109, 0.9675719831233964, 0.9710877350794934, 0.9724560594759785, 0.9752730175833507, 0.9714821907103839, 0.9750631511641851, 0.9756355322768929, 0.9764853888109828, 0.9738331685900188, 0.9797061799847199, 0.9758697611522886, 0.9811439231956399, 0.9789874757360493, 0.978667322310533, 0.9783489112373966, 0.9800495650789344, 0.9807759840423417]}, "validation": {"loss": [0.8189316292603811, 0.8126576741536459, 0.7680579655700259, 0.7462763124042087, 0.7346056368615892, 0.7212032212151421, 0.700245714849896, 0.6732890042993758, 0.6540360649426779, 0.6459508968724145, 0.6208478543493483, 0.6034244431389703, 0.5874878797266219, 0.5881210549010171, 0.5580482168330086, 0.5554683142238193, 0.5386071917083528, 0.5279081596268548, 0.517548167043262, 0.5300939430793127, 0.5074340485864215, 0.48926422662205166, 0.5015889621443219, 0.4912554257445865, 0.4738572720024321, 0.47383860912587905, 0.47089214457405937, 0.4714396612511741, 0.460689761572414, 0.45541834003395504, 0.45024554265869987, 0.438876211643219, 0.4572817434867223, 0.45257800651921165, 0.4470902880032857, 0.42652202149232227, 0.43090851936075425, 0.4357326361868117, 0.45755931238333386, 0.42298853066232467, 0.44493808183405137, 0.40575773517290753, 0.4366153942214118, 0.41398724416891736, 0.4352010620964898, 0.43235794372028774, 0.42115508847766453, 0.4254155672258801, 0.414996013045311, 0.4260711106989119, 0.43738430738449097, 0.3994310332669152, 0.4296114974551731, 0.43600349293814766, 0.4289652614129914, 0.4292525433831745, 0.44239005115297103, 0.4342118683788512, 0.45925293614466983, 0.41750597457091015, 0.45220747424496543, 0.44869991143544513, 0.42447901434368557, 0.4605733065141572, 0.45131830374399823, 0.43669929024246, 0.4306510090827942, 0.4452297141154607, 0.4284084215760231, 0.43198685430818135, 0.43635482754972243, 0.4598543693621953, 0.44565502057472867, 0.4759221714403894, 0.4459384431441625, 0.45077484018272823, 0.4767103460099962, 0.43735570543342167, 0.4733774678574668, 0.46808213740587234],