{"train": {"accuracy": [0.944383160058027, 0.9445267166344294, 0.9450253868471954], "f1_score": [0.9348613111671711, 0.9351452616613728, 0.9361365669268324], "precision": [0.9359820847179718, 0.9367025776604108, 0.9372810668616501], "recall": [0.9432823845269573, 0.9426451990702144, 0.9436117316012075], "loss": [0.2812643349170685, 0.28201261162757874, 0.2796805202960968]}, "validation": {"accuracy": [0.947193600867679, 0.9469902386117137, 0.9473969631236443], "f1_score": [0.9384169163593836, 0.937566134368608, 0.9378874813561618], "precision": [0.9389099719331206, 0.9379369008466951, 0.9378121303444417], "recall": [0.9460973380816595, 0.945056033198417, 0.945580517637397], "loss": [0.26674434542655945, 0.2684269845485687, 0.266679972410202]}}