{"train": {"accuracy": [0.9398800169245648, 0.940318242263056, 0.9429778167311412], "f1_score": [0.9280041946638737, 0.9289266951564166, 0.9325537740046903], "precision": [0.9276910313553077, 0.9285172431657093, 0.9326916999506927], "recall": [0.9387061266429217, 0.9394890586575665, 0.9420748632071602], "loss": [0.41947174072265625, 0.4177083373069763, 0.41486507654190063]}, "validation": {"accuracy": [0.9442787418655098, 0.945159978308026, 0.9470580260303688], "f1_score": [0.9338096956446309, 0.9344934105688001, 0.9368086630442473], "precision": [0.9328910836200989, 0.9330019150197928, 0.9359620643962907], "recall": [0.9427254206006788, 0.9441990057938211, 0.9454855781690297], "loss": [0.39302366971969604, 0.39201653003692627, 0.3912750482559204]}}