{"train": {"accuracy": [0.9451916102514507, 0.9446551619922631, 0.9453956117021277], "f1_score": [0.9362335999080327, 0.9350406842152917, 0.936076865977943], "precision": [0.9374646372592856, 0.9357171194904965, 0.9367807503488788], "recall": [0.9443572649522418, 0.9441838687825854, 0.9446585757576023], "loss": [0.278204083442688, 0.2782972455024719, 0.2761518955230713]}, "validation": {"accuracy": [0.9488882863340564, 0.948617136659436, 0.9498373101952278], "f1_score": [0.9403738097262409, 0.9399516242792743, 0.9413825203613104], "precision": [0.9405404577983218, 0.9399600704152286, 0.9414268537050078], "recall": [0.9480231831426776, 0.9479517300479368, 0.9490447655683212], "loss": [0.26517465710639954, 0.26372581720352173, 0.26356086134910583]}}