{"train": {"accuracy": [0.9381195599613152, 0.9422827006769826, 0.9422751450676983], "f1_score": [0.9268040101835539, 0.9315151858850553, 0.931540370454466], "precision": [0.9268648365505362, 0.9318974635707407, 0.9313889111125081], "recall": [0.936962935541635, 0.9409676298325298, 0.9411617210517361], "loss": [0.4292058050632477, 0.4238841235637665, 0.42081406712532043]}, "validation": {"accuracy": [0.9391268980477223, 0.9440753796095445, 0.9452277657266811], "f1_score": [0.9281309962087955, 0.9342727114072499, 0.9356731359108589], "precision": [0.9281689402741462, 0.9336757628752406, 0.9349340112054876], "recall": [0.936137951625604, 0.9422154632911556, 0.9437676958344241], "loss": [0.4081358015537262, 0.40263551473617554, 0.39828070998191833]}}